"1.  În exercitarea profesiei, avocatul:","A. nu poate fi supus niciunei restricţii, presiuni, constrângeri sau intimidări din partea autorităţilor sau instituţiilor publice ori a altor persoane fizice sau persoane juridice
B. se subordonează în totalitate intereselor clientului
C. îi este interzis să folosească expresii care ar putea leza instanţa şi participanţii la proces, atât în şedinţa de judecată, cât şi în afara acesteia",AC
2.  În scopul garantării păstrării secretului profesional:,"A. avocatul nu poate pleda împotriva părţii care l-a consultat mai înainte în legătură cu aspectele litigioase concrete ale pricinii
B. calitatea de avocat are întâietate faţă de calitatea de martor cu privire la faptele şi împrejurările pe care acesta le-a cunoscut înainte de a fi devenit apărător sau reprezentant al vreunei părţi în cauză
C. avocatul nu poate asista sau reprezenta mai multe părţi cu interese contrare în aceeaşi cauză sau în cauze conexe",AC
3.  Primirea în profesia de avocat:,"A. se realizează în baza promovării examenului organizat de către Uniunea Naţională a Barourilor din România la nivel naţional sau cu scutire de examen în cazul persoanelor care au calitatea de doctor în drept
B. se poate realiza fără susţinerea examenului de intrare în profesie în cazul judecătorilor Înaltei Curţi de Casaţie şi Justiţie şi ai curţilor de apel care au fost eliberaţi din funcţie din motive neimputabile
C. se poate realiza fără susţinerea examenului de intrare în profesie în cazul judecătorilor de la instanţele internaţionale cărora le-a expirat mandatul pentru care au fost numiţi",C
4.  Activitatea unui avocat stagiar poate fi îndrumată:,"A. numai de către avocaţi definitivi cu o vechime de cel puţin 6 ani în această calitate şi care se bucură de o reputaţie profesională neştirbită
B. de către orice avocat definitiv din baroul respectiv
C. numai de către avocaţii desemnaţi de consiliul baroului",A
5.  În ceea ce priveşte cazurile de nedemnitate privind profesia de avocat:,"A. acestea se verifică numai la momentul primirii în profesia de avocat
B. verificarea acestora este de competenţa decanului baroului la care solicitantul depune cererea de intrare în profesie
C. sunt expres şi limitativ prevăzute de Legea nr. 51/1995 pentru organizarea şi exercitarea profesiei de avocat",C
6.  Calitatea de avocat este suspendată:,"A. în caz de neplată totală sau parţială a taxelor şi contribuţiilor profesionale către barou, către U.N.B.R., şi către sistemul propriu de asigurări sociale timp de 3 luni de la scadenţa acestora şi până la lichidarea integrală a datoriilor
B. pe durată determinată, de la o lună până la un an, ca urmare a aplicării unei sancţiuni disciplinare
C. în cazul în care desfăşoară, concomitent activităţii din avocatură, şi activităţi didactice salarizate în învăţământul juridic superior",AB
7.  Calitatea de avocat încetează:,"A. prin excludere din profesie, ca sancţiune disciplinară
B. pe toată durata stării de incompatibilitate
C. în cazul în care avocatul a fost condamnat definitiv pentru vătămare corporală din culpă",A
"8.  Conform legii, barourile asigură asistenţă judiciară:","A. numai în cauzele penale în care apărarea este obligatorie potrivit dispoziţiilor Codului de procedură penală
B. şi în cauzele civile, ca modalitate de acordare a ajutorului public judiciar, în condiţiile legii
C. prin avocat, acordată la solicitarea organelor administraţiei publice locale",BC
"9.  În derularea activităţii profesionale a avocatului, acesta:","A. poate acorda consultanţă juridică numai în scris, în domenii de interes pentru client cum ar fi elaborarea proiectelor de acte normative
B. asigură asistenţă şi reprezentare juridică în faţa notarilor publici
C. poate îndeplini activitatea de curator special, în condiţiile legii, caz în care avocatul are toate drepturile şi obligaţiile reprezentatului legal",BC
10.  Stabilirea temporară a sediului unei societăţi la sediul profesional al avocatului:,"A. presupune şi utilizarea sediului profesional al avocatului pentru scopul limitat al constituirii legale şi al autorizării funcţionării respectivei societăţi
B. presupune că avocatul va întocmi şi semna cu reprezentantul societăţii un contract separat de asistenţă juridică având acest obiect
C. se poate realiza pentru o perioada care nu poate depăşi 2 ani",AB
"11.  În relaţia cu clienţii, avocatul:","A. nu trebuie să fie, în nicio situaţie, sfătuitorul şi nici reprezentantul sau apărătorul a mai mult de un client într-una şi aceeaşi cauză
B. nu poate accepta o cauză a unui nou client când cunoaşterea de către avocat a cauzelor unui client anterior îl favorizează nejustificat pe noul client
C. îşi asumă o obligaţie de rezultat pentru apărarea libertăţilor, drepturilor şi intereselor legitime ale clientului",B
12.  În relaţiile profesionale dintre avocaţi:,"A. avocatul nu poate comunica autorităţilor jurisdicţionale documente fără ca acestea să nu fi fost comunicate avocatului părţii adverse, cu excepţia cazurilor în care legea prevede altfel
B. avocatul nu poate să divulge o propunere de soluţionare a cauzei făcută de partea adversă sau de către avocatul acesteia fără o autorizare expresă din partea avocatului părţii adverse
C. avocatul poate să supună instanţelor o propunere de soluţionare a cauzei făcută de partea adversă sau de către avocatul acesteia fără o autorizare expresă din partea avocatului părţii adverse",AB
13.  În cazul formelor de exercitare a profesiei de avocat:,"A. titularul cabinetului individual şi avocatul asociat nu pot presta activităţi profesionale în afara formei de exercitare a profesiei pentru care au optat
B. avocatul asociat poate avea calitatea de avocat colaborator în cadrul profesiei
C. avocatul colaborator poate activa, în aceeaşi calitate, în mai multe forme de exercitare a profesiei de avocat",A
"14.  La data de 11.02.2015 Cabinetul de Avocat X, reprezentat prin avocat fondator/titular X, încheie un contract de colaborare profesională cu avocatul definitiv Y. În acest caz, avocatul colaborator Y:","A. poate să aibă clientelă personală în afară Cabinetului de Avocat X la care colaborează
B. este obligat să aducă la cunoştinţă avocatului fondator/titular X al formei de exercitare a profesiei în cadrul căreia îşi desfăşoară activitatea orice client personal
C. este răspunzător faţă de un client personal şi are obligaţia de a nu prejudicia cabinetul de avocat în cadrul căruia îşi desfăşoară activitatea",BC
15.  Comisia de disciplină a baroului judecă:,"A. în primă instanţă, în complet de 5 membri, abaterile disciplinare săvârşite de avocaţii înscrişi în cadrul baroului respectiv
B. în complet de 3 membri, contestaţiile declarate de avocatul interesat, împotriva deciziilor decanului pronunţate în materie disciplinară
C. în primă instanţă, în complet de 3 membri, abaterile disciplinare săvârşite de avocaţii înscrişi în cadrul baroului respectiv, cu excepţia abaterilor săvârşite de decan şi de membrii Consiliului U.N.B.R",C
16.  Avocatul:,"A. nu poate fi ascultat ca martor în cauza în care a fost angajat ca apărător al uneia dintre părţi, decât cu încuviinţarea prealabilă a tuturor părţilor implicate în cauza în care urmează a fi ascultat
B. poate fi ascultat ca martor numai cu privire la faptele şi împrejurările pe care acesta le-a cunoscut înainte de a fi devenit apărător sau reprezentant al vreunei părţi dintr-o anumită cauză
C. dacă a fost ascultat ca martor, poate desfăşura activităţi profesionale în cauza în care a fost ascultat ca martor numai cu acordul tuturor părţilor implicate şi interesate",B
17.  Avocatul stagiar are următoarele îndatoriri suplimentare:,"A. să efectueze lucrările avocaţiale repartizate de avocatul îndrumător şi de serviciul de asistenţă judiciară a baroului
B. să participe la toate manifestările profesionale la care este convocat de către organele de conducere ale profesiei
C. să desfăşoare o activitate efectivă în profesie, nefiind posibilă o suspendare a stagiului",AB
18.  Adunarea generală a baroului are următoarele competenţe:,"A. revocă membrii consiliului baroului
B. alege şi revocă prodecanul baroului
C. aprobă proiectul de buget al baroului şi dă descărcare consiliului cu privire la activitatea şi gestiunea sa",AC
19.  Constituie abatere disciplinară:,"A. refuzul avocatului de a prelua cazul în care a fost desemnat ca urmare a încuviinţării unei cereri de ajutor public judiciar, chiar dacă se află în conflict de interese
B. absentarea repetată şi nejustificată de la şedinţele convocate de consiliul baroului
C. utilizarea unei adrese de internet care cuprinde legături către alte adrese de internet (linkuri) al căror conţinut ar fi contrar principiilor esenţiale ale profesiei de avocat",BC
20.  Acţiunea disciplinară împotriva avocatului care nu face parte din organele de conducere ale profesiei:,"A. poate fi exercitată de către decanul baroului din care avocatul în cauză face parte
B. poate fi exercitată de consiliul baroului din care avocatul în cauza face parte
C. poate fi exercitată în termen de cel mult un an de la data săvârşirii abaterii care a ocazionat formularea acţiunii disciplinare",BC
21.  În materia negocierilor precontractuale:,"A. iniţierea negocierilor reprezintă promisiune de a contracta
B. părţile au libertatea ruperii negocierilor şi nu pot fi ţinute răspunzătoare pentru eşecul acestora
C. partea care rupe negocierile poate folosi orice informaţie confidenţială comunicată în cursul negocierilor în interes propriu, dar nu o poate divulga",B
"22.  P, în calitate de promitent, a încheiat cu B, în calitate de beneficiar, o promisiune de donaţie în formă autentică cu privire la o casă de vacanţă situată în oraşul Câmpina. B intenţionează să transforme casa de vacanţă într-o pensiune de lux şi, în acest scop, a încheiat un contract cu o firmă de proiectare în vederea elaborării unui proiect tehnic. Pentru serviciile de proiectare, B a plătit suma de 35.000 lei cu TVA. Între timp însă, promitentul s-a răzgândit şi nu mai doreşte să-i transfere cu titlu gratuit proprietatea lui B. Selectaţi ce ar putea cere B, conform legii:","A. întrucât promisiunea a fost încheiată în formă autentică, B poate cere instanţei să constate că sunt îndeplinite condiţiile de fond şi de formă pentru a considera conversiunea actului încheiat în donaţie
B. B poate cere instanţei să pronunţe o hotărâre care să ţină loc de donaţie
C. B poate să-i ceară lui P daune-interese echivalente cu cheltuielile pe care le-a făcut în considerarea promisiunii de donaţie",C
23.  Sub sancţiunea nulităţii absolute:,"A. cesiunea de creanţă cu titlu gratuit trebuie să fie încheiată în formă autentică
B. acceptarea expresă a moştenirii se face numai printr-un înscris autentic
C. bunurile mobile care constituie obiectul donaţiei trebuie enumerate şi evaluate într-un înscris, chiar sub semnătură privată",AC
"24.  X, în calitate de promitent-vânzător, a încheiat cu Y, în calitate de promitent-cumpărător, o promisiune bilaterală de vânzare a unui imobil prin care părţile şi-au asumat obligaţia perfectării în formă autentică a contractului de vânzare în termen de 6 luni de la data încheierii promisiunii. Părţile au prevăzut şi daune moratorii egale cu dobânda legală calculată la preţul de vânzare, în cazul executării cu întârziere a obligaţiei. X, în calitate de promitent-vânzător, s-a prezentat la notariat pentru autentificarea contractului de vânzare abia după 3 luni de la expirarea termenului. Selectaţi regula corectă din punct de vedere legal pe care ar trebui să o cunoască Y:","A. promitentul-cumpărător poate cere executarea penalităţii, chiar dacă a acceptat executarea în natură, fără rezerve, a obligaţiei principale
B. executarea cu întârziere a obligaţiei de a face principale dă întotdeauna dreptul la daune-interese egale cu dobânda legală, calculată de la data la care debitorul este în întârziere asupra echivalentului în bani al obligaţiei
C. Y poate cere atât executarea în natură a obligaţiei principale, cât şi plata penalităţii, dacă a fost stipulată pentru neexecutarea obligaţiei la timp",BC
25.  În materia plăţii nedatorate:,"A. este supus restituirii şi ceea ce s-a plătit cu titlu de gestiune de afaceri
B. este supusă restituirii plata făcută prin dol sau violenţă înaintea împlinirii termenului suspensiv
C. este supusă restituirii plata făcută înainte de împlinirea condiţiei suspensive",BC
"26.  X, avocat înscris în Baroul Bucureşti, a cumpărat de la Y şi Z cotele lor părţi din dreptul de proprietate asupra unui bun care făcea obiectul unei acţiuni în revendicare, aflată pe rolul Judecătoriei Sector 1 Bucureşti, la data vânzării. Selectaţi dintre răspunsurile de mai jos pe cel/cele corect/e din punct de vedere legal:","A. vânzarea este valabilă dacă X a cumpărat dreptul litigios printr-o persoană interpusă
B. vânzarea este lovită de nulitate absolută
C. vânzarea este valabilă dacă X avea calitatea de coproprietar al bunului, alături de Y şi Z",BC
27.  Nu va putea obţine acoperirea integrală a prejudiciului:,"A. cel care a folosit cu titlu gratuit motocicleta vecinului său şi a suferit un accident din cauza deficienţelor pe care le avea bunul, chiar dacă proprietarul cunoştea deficienţele şi nu i le-a adus la cunoştinţă
B. cel care declară că acceptă riscul producerii unui prejudiciu integrităţii sale fizice
C. cel care, ignorând anunţul, a pătruns într-un imobil aflat în proces de demolare şi a suferit leziuni prin căderea în gol de pe o scară şubredă",C
"28.  În cazul admiterii acţiunii în revendicare, conform Noului Cod civil:","A. pârâtul are un drept de retenţie asupra bunului frugifer până la restituirea cheltuielilor necesare pentru producerea şi culegerea fructelor
B. posesorul are dreptul de a-şi însuşi lucrările efectuate cu cheltuieli voluptuare, care nu se concretizează într-o lucrare nouă, numai dacă prin aceasta bunul nu se deteriorează
C. hotărârea judecătorească este opozabilă şi poate fi executată şi împotriva terţului dobânditor, în condiţiile Codului de procedură civilă",BC
"29.  A, B, şi C sunt oameni ai străzii şi se adăpostesc într-un imobil, proprietatea lui P, încă din toamna anului 2013. Întrucât cei trei au depozitat multe lucruri în balconul şubred al imobilului, într-una din zile o parte a balconului s-a prăbuşit şi din balcon a căzut un borcan cu murături care, în cădere, l-a lovit pe V, aflat în trecere pe trotuar. V a suferit un traumatism cranio-cerebral care a necesitat spitalizare şi câteva intervenţii chirurgicale. Victima a rămas cu o infirmitate permanentă, întrucât nu-şi mai poate utiliza braţul drept, ceea ce a condus la diminuarea capacităţii sale de muncă. Selectaţi dintre răspunsurile de mai jos pe cel/cele corect/e din punct de vedere legal:","A. V poate cere despăgubiri numai de la proprietarul imobilului, întrucât acesta se face vinovat de lipsa de întreţinere
B. V nu poate cere despăgubiri de la A, B, C, întrucât aceştia nu au niciun fel de venituri
C. V are un drept de opţiune între a-i acţiona pe A, B, C sau pe proprietarul imobilului, dacă sunt îndeplinite condiţiile răspunderii pentru prejudiciile cauzate de lucruri",C
30.  Rezoluțiunea:,"A. unilaterală poate avea loc prin notificarea scrisă a debitorului, când acesta nu a executat obligaţia în termenul fixat prin punerea în întârziere, chiar dacă părţile nu au prevăzut acest lucru în contract
B. nu poate fi declarată unilateral de către creditorul întreţinerii pentru neexecutarea fără justificare a obligaţiei de către debitor în contractul de întreţinere
C. poate fi cerută şi atunci când neexecutarea este de mică însemnătate, însă are un caracter repetat",AB
"31.  X a cesionat către Y creanţa rezultată din împrumutul acordat lui Z, pentru care Y a plătit un preţ reprezentând 80% din valoarea împrumutului. Selectaţi dintre răspunsurile de mai jos pe cel/cele corect/e din punct de vedere legal:
[GRILĂ ANULATĂ]","A. cesiunea nu va produce efecte în privinţa lui Z, dacă era interzisă prin contractul de împrumut, chiar dacă Z nu a cunoscut şi nu trebuia să cunoască existenţa interdicţiei la momentul cesiunii
B. dobânzile şi orice alte venituri aferente creanţei, devenite scadente anterior cesiunii dar neîncasate de către X, se cuvin cesionarului Y de la data scadenţei, orice clauză contrară fiind considerată nescrisă
C. X răspunde pentru solvabilitatea lui Z în limita preţului cesiunii, la care se adaugă cheltuielile suportate de cesionar în legătură cu cesiunea",AC
32.  Debitorul se află de drept în întârziere:,"A. când nu a fost executată obligaţia de a preda un bun, asumată în exerciţiul activităţii unei întreprinderi
B. când a încălcat o obligaţie de a nu face
C. când obligaţia se naşte din săvârşirea unei fapte ilicite extracontractuale",BC
33.  În materia contractului de mandat:,"A. mandatarul datorează dobânzi, începând din ziua întrebuinţării, pentru sumele întrebuinţate în folosul său cu care a rămas dator
B. mandantul nu este obligat să plătească mandatarului remuneraţia convenită, dacă mandatul cu titlu oneros nu a putut fi executat, independent de culpa mandatarului
C. mandantul poate oricând revoca tacit un mandat dat în formă autentică, chiar dacă a fost declarat irevocabil",C
34.  Locatorul:,"A. este obligat să îl garanteze pe locatar de tulburarea cauzată prin fapta unui terţ care nu pretinde un drept asupra bunului, dar care îl împiedică pe locatar să preia bunul
B. răspunde şi pentru viciile aparente la data încheierii contractului, chiar dacă locatarul nu le-a reclamat fără întârziere
C. poate fi obligat la despăgubiri pentru prejudiciile pe care viciile aparente le cauzează vieţii, sănătăţii sau integrităţii corporale a locatarului, chiar dacă locatarul nu le-a reclamat la data încheierii contractului",AC
35.  Noul debitor:,"A. care preia o datorie, poate opune creditorului toate mijloacele de apărare pe care le-ar fi putut opune debitorul iniţial, inclusiv compensaţia
B. care preia o datorie, nu poate opune creditorului mijloacele de apărare întemeiate pe raportul juridic dintre noul debitor şi debitorul iniţial
C. în cadrul novaţiei, îl înlocuieşte pe cel iniţial numai cu consimţământul acestuia din urmă, care este liberat de creditor, stingându-se astfel obligaţia iniţială",B
36.  În materia reducțiunii liberalităţilor:,"A. excepţia de reducţiune se prescrie în termen de 3 ani de la deschiderea moştenirii
B. dacă donaţia sau legatul are ca obiect o întreţinere viageră, moştenitorii rezervatari au, printre altele, facultatea de a abandona proprietatea cotităţii disponibile
C. donaţiile se reduc succesiv, în ordinea inversă a datei lor, începând cu cea mai veche",B
"37.  R şi P au pus capăt unui proces care dura de ani de zile prin încheierea unei tranzacţii prin care P recunoştea că R este proprietarul imobilului revendicat şi se obligă să i-l restituie în deplină posesie. La scurt timp, P a aflat că, la data tranzacţiei, litigiul dintre părţi era deja soluţionat printr-o hotărâre judecătorească intrată în autoritate de lucru judecat prin care acţiunea în revendicare a lui R fusese respinsă. Selectaţi dintre răspunsurile de mai jos pe cel/cele corect/e din punct de vedere legal:","A. prin tranzacţie părţile sting un litigiu, inclusiv în faza executării silite, prin concesii sau renunţări reciproce la drepturi, aşa încât tranzacţia e valabilă chiar dacă P nu a cunoscut hotărârea definitivă
B. P poate cere anularea tranzacţiei dacă nu a cunoscut că litigiul a fost soluţionat printr-o hotărâre judecătorească intrată în autoritate de lucru judecat
C. descoperirea ulterioară a hotărârii intrată în autoritate de lucru judecat nu reprezintă o cauză de nulitate a tranzacţiei, întrucât hotărârea nu a fost ascunsă de către cealaltă parte",B
38.  Subrogaţia:,"A. se produce de drept în folosul celui care, fiind obligat împreună cu alţii sau pentru alţii, are interes să stingă datoria
B. convenţională, poate fi consimţită, expres sau tacit, de debitor sau de creditor
C. consimţită de creditor, operează cu consimţământul debitorului, dacă părţile nu dispun altfel",A
39.  Cursul prescripţiei extinctive:,"A. se întrerupe prin invocarea, pe cale de excepţie, a dreptului a cărui acţiune se prescrie
B. nu se întrerupe prin începerea urmăririi penale, dacă nu a avut loc constituirea ca parte civilă, chiar dacă despăgubirile se acordă, potrivit legii, din oficiu
C. se reia după încetarea cauzei de suspendare, dar nu se va împlini mai înainte de expirarea unui termen de o lună de la data când suspendarea a încetat pentru prescripţiile de 6 luni sau mai scurte",AC
"40.  X şi Y, aflaţi într-o stare avansată de beţie provocată de alcoolul consumat la barul din cartier, s-au împiedicat şi au căzut peste autoturismul lui Z. Enervaţi de întreaga situaţie, X şi Y s-au înarmat cu câte un levier şi au aplicat lovituri repetate, distrugând autoturismul lui Z în proporţie de 60%. Selectaţi dintre răspunsurile de mai jos pe cel/cele corect/e din punct de vedere legal:","A. X şi Y nu vor fi răspunzători pentru prejudiciul produs lui Z, dacă vor dovedi că beţia voluntară le generase o stare vremelnică de tulburare a minţii care i-a pus în neputinţă de a-şi da seama de urmările faptei lor
B. în raporturile dintre debitorii care răspund solidar, sarcina reparației prejudiciului se împarte întotdeauna în mod egal
C. X şi Y vor răspunde solidar faţă de victima prejudiciului",C
41.  Competenţa materială a instanţei judecătoreşti în funcţie de valoarea obiectului cererii introductive de instanţă:,"A. se determină după valoarea obiectului cererii arătat în capătul principal de cerere, la care se adaugă accesoriile pretenţiei principale, dacă acestea sunt scadente la data sesizării instanţei
B. se determină, în cererea privitoare la executarea unui contract, după valoarea obiectului acestui contract, chiar dacă reclamantul deduce judecăţii numai o parte din acest obiect
C. se determină fără scăderea sarcinilor sau datoriilor moştenirii, în cererile în materie de moştenire, cu excepţia partajului succesoral",C
42.  În cazul conflictului negativ de competenţă:,"A. acesta se rezolvă în camera de consiliu, fără citarea părţilor, printr-o hotărâre definitivă, care are autoritate de lucru judecat
B. ivit între două secţii ale unei instanţe, declinările de competenţă între acestea s-au făcut prin încheieri care nu sunt supuse niciunei căi de atac
C. ivit între o curte de apel şi ÎCCJ, se rezolvă de către Completul de 5 judecători al instanţei supreme",AB
43.  În ceea ce priveşte capacitatea procesuală a unei persoane:,"A. lipsa capacităţii procesuale de exerciţiu poate fi invocată în orice stare a procesului
B. dacă partea are capacitate de exerciţiu restrânsă, va fi în mod obligatoriu citată, dar nu poate sta personal în proces
C. excepţia lipsei capacităţii procesuale de exerciţiu poate fi invocată numai de partea ale cărei interese sunt ocrotite prin consacrarea sancţiunii anulării actelor de procedură îndeplinite de cel care nu are exerciţiul drepturilor procedurale",A
"44.  Reclamantul A introduce o cerere de chemare în judecată în contradictoriu cu pârâtul B având ca obiect revendicarea unui bun imobil aflat la adresa X. După cel de-al treilea termen de judecată cu procedură completă, în faţa primei instanţe, A vinde dreptul litigios privitor la acest proces lui C. În acest caz:","A. succesorul cu titlu particular C este obligat să intervină în cauză, dacă are cunoştinţă despre existenţa procesului, sau poate să fie introdus în cauză, la cerere sau din oficiu
B. pentru a interveni în proces, succesorul cu titlu particular C trebuie să formuleze o cerere de intervenţie voluntară principală
C. succesorul cu titlu particular C nu va putea invoca excepţia necompetenţei materiale a instanţei",AC
45.  Mandatul judiciar:,"A. nu poate înceta prin revocare sau renunţare în cursul termenului pentru exercitarea căilor de atac
B. conferit unui avocat pentru reprezentarea la prima instanţă dă dreptul acestuia de a introduce orice cale de atac împotriva hotărârii pronunţate, aceasta netrebuind să fie supusă ratificării de către partea însăşi
C. în absenţa unei prevederi exprese, este presupus a fi dat pentru tot procesul iar nu numai pentru o anumită etapă procesuală",B
46.  Cererea de recuzare a unui judecător din completul de judecată învestit cu soluţionarea cererii:,"A. determină suspendarea judecăţii dacă se invocă un motiv de incompatibilitate absolută
B. se depune într-un singur exemplar
C. pentru motive de incompatibilitate cunoscute de parte de la începutul procesului nu poate fi formulată după discutarea mijloacelor de probă, tardivitatea putând fi însă constatată numai de către un complet din care nu face parte judecătorul recuzat",BC
47.  În cazul citării părţii prin publicitate:,"A. instanţa este obligată să încuviinţeze această modalitate de citare dacă reclamantul afirmă, prin cererea de chemare în judecată că nu a reuşit să afle domiciliul pârâtului sau alt loc unde ar putea fi citat, potrivit legii
B. procedura se socoteşte îndeplinită în a 15-a zi de la publicarea citaţiei
C. odată cu încuviinţarea citării prin publicitate, instanţa poate numi un curator dintre avocaţii desemnaţi în acest scop de barou",B
48.  Termenul procedural:,"A. pentru exercitarea apelului începe să curgă şi de la data la care partea, căreia nu i s-a comunicat hotărârea, a introdus o cale de retractare împotriva acelei hotărâri
B. nu începe să curgă, iar dacă a început să curgă mai înainte, se întrerupe faţă de cel lipsit de capacitate de exerciţiu sau cu capacitate de exerciţiu restrânsă cât timp nu a fost desemnată o persoană care să-l reprezinte sau să îl asiste
C. se suspendă când a intervenit moartea reprezentantului părţii, în acest caz făcându-se din nou o singură comunicare părţii",B
49.  În etapă regularizării cererii de chemare în judecată:,"A. împotriva încheierii de anulare a cererii de chemare în judecată, reclamantul va putea face numai cerere de reexaminare, solicitând motivat să se revină asupra măsurii anulării, aceasta urmând a fi soluţionată în camera de consiliu, cu citarea reclamantului, de către un alt complet al instanţei respective, desemnat aleatoriu
B. anularea cererii de chemare în judecată nu poate interveni pentru neîndeplinirea procedurii prealabile impuse de o normă imperativă (de ordine publică)
C. nu este posibilă trimiterea dosarului la o altă secţie specializată, aceasta urmând a se discuta numai în contradictoriu, la primul termen de judecată",AB
"50.  Dacă pârâtul are, în legătură cu cererea reclamantului, pretenţii derivând din acelaşi raport juridic dedus judecăţii sau strâns legat de acesta:","A. întotdeauna, pentru a-şi valorifica aceste pretenţii, este obligat să formuleze cerere reconvențională
B. poate formula o cerere reconvențională care trebuie depusă odată cu întâmpinarea sau, dacă pârâtul nu este obligat la întâmpinare, cel mai târziu la primul termen de judecată, sub sancţiunea judecării separate a acesteia
C. poate formula o cerere reconvențională care se va comunica reclamantului pentru a formula întâmpinare, nefiind aplicabilă procedura regularizării cererii de chemare în judecată",C
51.  Litispendenţa şi conexitatea se aseamănă prin aceea că:,"A. ambele sunt excepţii de procedură, relative, dilatorii
B. asupra lor instanţa se pronunţă prin încheiere care poate fi atacată numai odată cu fondul
C. pot fi invocate pe cale de excepţie numai în primă instanţă",B
52.  În ceea ce priveşte perimarea:,"A. dacă instanţa constată că perimarea nu a intervenit, pronunţă o încheiere care este supusă separat recursului, la instanţa ierarhic superioară, în termen de 5 zile de la pronunţare
B. dacă instanţa constată că a intervenit perimarea pronunţă o hotărâre care este supusă recursului, la instanţa ierarhic superioară, în termen de 5 zile de la pronunţare, cu excepţia cazului în care perimarea este constatată de o secţie a Înaltei Curţi de Casaţie şi Justiţie, caz în care hotărârea de perimare este definitivă
C. aceasta operează şi în cazul cererilor de competenţa unor organe de jurisdicţie din afara sistemului instanţelor judecătoreşti, în măsura în care nu există o normă specială care să dispună altfel",C
53.  Mărturisirea judiciară:,"A. poate fi scindată atunci când cuprinde fapte distincte şi care nu au legătură între ele
B. nu poate fi niciodată revocată
C. poate fi revocată dacă se face dovada că a fost urmarea unei erori de fapt scuzabile",AC
54.  Hotărârea asupra revizuirii:,"A. este supusă, în toate cazurile, căilor de atac prevăzute de lege pentru hotărârea revizuită
B. este definitivă în cazul în care revizuirea a vizat hotărârea unei instanţe de apel, dacă potrivit legii nu există recurs cu privire la hotărârea atacată
C. este supusă recursului, dacă revizuirea s-a cerut pentru hotărâri potrivnice, cu excepţia situaţiei în care revizuirea a fost soluţionată de una din secţiile Înaltei Curţi de Casaţie şi Justiţie, caz în care hotărârea din revizuire este definitivă",B
55.  Renunţarea la judecată:,"A. se poate face numai prin cerere scrisă
B. făcută de unul din reclamanţi nu este opozabilă celorlalţi reclamanţi, în caz de coparticipare procesuală activă
C. se poate face fără consimţământul pârâtului numai până la comunicarea cererii de chemare în judecată acestuia",B
56.  Achiesarea la hotărârea judecătorească pronunţată:,"A. nu este revocabilă
B. poate fi tacită, prin lăsarea trecerii termenului, de către partea care a pierdut procesul, fără să exercite calea de atac împotriva hotărârii judecătoreşti
C. poate fi tacită, dedusă din executarea de bunăvoie a hotărârii care nu este executorie, de către partea care a pierdut procesul",AC
"57.  În conformitate cu dispoziţiile legale în materie, poate fi atacată cu contestaţie în anulare:","A. hotărârea dată în recurs, dacă aceasta a fost pronunţată cu încălcarea normelor referitoare la alcătuirea instanţei şi, deşi se invocase excepţia corespunzătoare, instanţa de recurs a respins-o
B. hotărârea definitivă dată de prima instanţă dacă aceasta a fost pronunţată de o instanţa necompetentă absolut şi, deşi se invocase excepţia corespunzătoare, prima instanţa a omis să se pronunţe asupra acesteia
C. hotărârea dată în recurs, dacă instanţa de recurs nu s-a pronunţat asupra unuia dintre recursurile declarate în cauză",C
58.  În procedura necontencioasă:,"A. încheierile pronunţate nu au autoritate de lucru judecat
B. soluţionarea cererii se face întotdeauna cu citarea părţii
C. instanţa se pronunţă în raport cu toate împrejurările de fapt şi de drept ale cauzei, dacă nu au fost invocate în cerere sau pe parcursul procedurii",AC
59.  Hotărârea judecătorească dată în procedura ordonanţei preşedinţiale:,"A. este supusă recursului, în toate cazurile în care competenţa de primă instanţă aparţine curţii de apel
B. pronunţată de tribunal, este executorie de drept, dar executarea poate fi suspendată de instanţa de apel, însă numai cu plata unei cauţiuni al cărei cuantum se va stabili de către aceasta
C. în niciun caz nu este susceptibilă de revizuire, pentru hotărâri definitive potrivnice, în raport cu o altă hotărâre dată în procedura ordonanţei preşedinţiale",AB
60.  Nu sunt hotărâri judecătoreşti executorii:,"A. hotărârile date în primă instanţă, fără drept de apel, ori cele în legătură cu care părţile au convenit să exercite direct recursul
B. hotărârile date în primă instanţă, cu drept de apel, până la data expirării termenului de exercitare a apelului
C. hotărârile date în apel, dacă prin lege nu se prevede altfel",B
61.  Dispoziţiile art. 5 C. pen. privind aplicarea legii penale mai favorabile:,"A. sunt aplicabile şi în cazul unui act normativ declarat neconstituţional, dacă în timpul când acesta s-a aflat în vigoare a cuprins dispoziţii penale mai favorabile
B. sunt constituţionale în măsura în care nu permit combinarea prevederilor din legi succesive în stabilirea şi aplicarea legii penale mai favorabile
C. sunt constituţionale în măsura în care permit combinarea prevederilor din legi succesive în stabilirea şi aplicarea legii penale mai favorabile",AB
62.  Fapta se comite cu intenţie atunci când:,"A. făptuitorul prevede rezultatul faptei sale şi, deşi nu-l urmăreşte, acceptă posibilitatea producerii lui
B. făptuitorul prevede rezultatul faptei sale, dar nu îl acceptă, socotind fără temei că el nu se va produce
C. făptuitorul prevede rezultatul faptei sale şi acceptă posibilitatea producerii lui, dar, în realitate, se produce un rezultat mai grav",A
63.  Poate fi în legitimă apărare persoana care comite fapta:,"A. pentru a înlătura o ameninţare privind săvârşirea unei infracţiuni contra unei alte persoane
B. pentru a înlătura răspândirea unor zvonuri ce îi afectează dreptul la propria imagine
C. pentru a înlătura violenţele ce sunt exercitate asupra unei alte persoane în vederea sustragerii unui bun care nu aparţine acesteia",C
"64.  Inculpatul a luat hotărârea de a lovi victima ori de câte ori o va întâlni. Astfel, timp de mai multe zile, inculpatul a exercitat acte de violenţă asupra victimei. Ultima dată inculpatul a aplicat lovituri şi altei persoane care a intervenit în sprijinul victimei. În cauză sunt incidente dispoziţiile privind:","A. infracţiunea complexă
B. infracţiunea continuată
C. concursul de infracţiuni",BC
65.  Este complice persoana care:,"A. promite în timpul comiterii faptei că va tăinui bunurile provenite din aceasta
B. promite înainte de comiterea faptei că îl va favoriza pe făptuitor
C. ajută cu intenţie, în orice mod, pe făptuitor, după comiterea faptei",AB
66.  Publicarea hotărârii definitive de condamnare:,"A. este o pedeapsă complementară ce poate fi aplicată şi condamnatului persoană fizică
B. se execută prin publicarea integrală a hotărârii prin intermediul presei scrise sau audiovizuale
C. este o pedeapsă principală aplicabilă persoanei juridice care poate răspunde din punct de vedere penal",A
"67.  În cazul în care, cu privire la aceeaşi infracţiune sunt incidente mai multe cauze de atenuare a pedepsei şi mai multe cauze de agravare a pedepsei, limitele speciale ale pedepsei pentru infracţiunea respectivă:","A. se reduc conform dispoziţiilor privind cauzele de atenuare, după care limitele de pedeapsă rezultate se majorează conform dispoziţiilor privind cauzele de agravare
B. se majorează conform dispoziţiilor privind cauzele de agravare, după care limitele de pedeapsă rezultate se reduc conform dispoziţiilor privind cauzele de atenuare
C. rămân neschimbate deoarece cauzele de atenuare şi cele de agravare a pedepsei se anihilează reciproc",A
68.  Suspendarea executării pedepsei sub supraveghere:,"A. poate fi dispusă şi în cazul unui infractor condamnat anterior la o pedeapsă de 3 ani închisoare pentru o infracţiune de ucidere din culpă
B. nu poate fi dispusă în cazul unui infractor care a mai fost condamnat anterior la o pedeapsa de 1 an pentru o infracţiune săvârşită cu intenţie
C. poate fi revocată de instanţă chiar dacă pe parcursul termenului de supraveghere condamnatul săvârșește o infracţiune din culpă",AC
69.  Măsura educativă a internării într-un centru educativ:,"A. se poate dispune pe o perioadă de 3 ani
B. se poate dispune atunci când pedeapsa prevăzută de lege pentru infracţiunea comisă este închisoarea de 7 ani
C. va fi în mod obligatoriu înlocuită cu măsura internării într-un centru de detenţie, dacă în perioada internării în centrul educativ minorul comite o nouă infracţiune",AB
70.  Împăcarea:,"A. poate interveni şi poate produce efecte în orice moment al procesului penal
B. produce efecte numai dacă a fost însuşită de către procuror în situaţia în care infracţiunea a fost comisă de reprezentantul persoanei juridice vătămate
C. poate interveni şi poate înlătura răspunderea penală în cazul în care punerea în mişcare a acţiunii penale este condiţionată de introducerea unei plângeri prealabile",B
"71.  Pentru a obliga victima să îi cedeze, inculpatul o loveşte de mai multe ori, cu putere, în zona capului, cu o lopată, după care întreţine cu victima un raport sexual. Loviturile primite i-au produs victimei multiple fracturi craniene în urma cărora aceasta a decedat la câteva săptămâni după agresiune. Fapta inculpatului reprezintă:","A. infracţiunea de omor (art. 188 C.pen.), în concurs cu infracţiunea de viol (art. 218 C.pen.)
B. infracţiunea de omor calificat, comis pentru a înlesni sau a ascunde săvârşirea unei alte infracţiuni [art. 189 alin. (1) lit. d) C.pen.] în concurs cu infracţiunea de viol (art. 218 C.pen.)
C. infracţiunea de viol urmat de moartea victimei [art.218 alin. (4) C.pen.]",B
"72.  Dacă s-a provocat vătămarea corporală din culpă a mai multor persoane, încadrarea juridică va fi:","A. o singură infracţiune de vătămare corporală din culpă în varianta tip
B. o singură infracţiune de vătămare corporală din culpă în varianta agravată
C. un concurs de infracţiuni de vătămare corporală din culpă (atâtea infracţiuni câte persoane au fost vătămate)",B
"73.  X o obligă pe Y, sora sa, să întreţină un raport sexual ameninţând-o cu cuţitul. X a comis infracţiunea de:","A. viol în variantă agravată
B. viol în concurs cu incest
C. incest",A
"74.  Dacă X sustrage bunuri din domiciliul unui vecin, unde a pătruns prin efracţie, profitând de faptul că acesta era plecat în concediu, fiind ajutat de Y care păzea intrarea în bloc, având asupra sa o armă despre existenţa căreia X nu ştia:","A. X este autor al infracţiunii de furt simplu
B. X este autor al infracţiunii de furt calificat
C. Y este complice la infracţiunea de furt calificat",BC
75.  Sunt aplicabile dispoziţiile art. 231 alin. (1) C.pen. privind pedepsirea unor furturi la plângerea prealabilă în cazul în care subiectul activ este:,"A. o persoană care locuieşte cu victima
B. găzduitorul care săvârșeste furtul în paguba celui pe care îl găzduieşte
C. găzduitul care sustrage bunuri de la persoana care îl găzduieşte",AC
"76.  Arătaţi care dintre următoarele împrejurări califică atât infracţiunea de furt calificat, cât şi pe cea de tâlhărie calificată:","A. simularea, de către făptuitor, a unor calităţi oficiale
B. comiterea faptelor prin efracţie
C. comiterea faptelor într-un tramvai",C
77.  Poate exista infracţiunea de abuz de încredere (art. 238 C.pen.) în cazul în care făptuitorul îşi însuşeşte:,"A. o sumă de bani pe care avea obligaţia să o depună la o instituţie bancară pe numele proprietarului
B. o sumă de bani care îi fusese dată cu titlu de împrumut
C. o sumă de bani care îi fusese înmânată pentru a procura plătitorului anumite servicii (o excursie, un bilet la spectacol etc.)",AC
"78.  La infracţiunea de inducere în eroare a organelor judiciare, una din cerinţele esenţiale ale laturii obiective se poate realiza şi atunci când învinuirea mincinoasă se referă la:","A. o faptă ce nu mai este prevăzută de legea penală
B. o faptă penală rămasă în forma tentativei
C. o faptă penală comisă de un alt participant, iar nu de autorul propriu-zis",BC
79.  Există infracţiunea de luare de mită (art. 289 C.pen.) şi atunci când:,"A. bunurile au fost primite de funcţionarul public după ce a îndeplinit un act în virtutea funcţiei sale, în baza unei înţelegeri anterioare
B. bunurile oferite de mituitor au fost refuzate de funcţionarul public
C. bunurile au fost primite de funcţionar după ce a îndeplinit un act în virtutea funcţiei sale, fără o înţelegere prealabilă",AC
80.  Acţiunea de falsificare a unui înscris prin contrafacerea scrierii ori a subscrierii sau prin alterarea lui în orice mod se regăseşte în latura obiectivă a infracţiunii de:,"A. fals material în înscrisuri oficiale
B. fals intelectual
C. fals în înscrisuri sub semnătură privată",AC
81.  Denunţul:,"A. este încunoştinţarea făcută de către o persoană fizică sau juridică despre săvârşirea unei infracţiuni
B. se poate face personal ori prin mandatar cu mandat special
C. se poate face numai personal",AC
"82.  Instanţa de judecată dispune, prin încheiere, suspendarea judecăţii:","A. când se constată pe baza unei adeverinţe medicale că inculpatul suferă de o boală gravă, care îl împiedică să participe la judecată
B. pe perioada desfăşurării procedurii de mediere, potrivit legii
C. dacă a fost ridicată o excepţie de neconstituţionalitate",B
83.  Încheierea de şedinţă se semnează:,"A. de toţi membrii completului de judecată
B. de toţi membrii completului de judecată din apel şi de grefier
C. de preşedintele completului de judecată şi de grefier",C
"84.  În cauza X/Y/2014, prin sentinţa nr. Z din data de 02.06.2015 inculpatul AB a fost condamnat la 1 an închisoare pentru săvârşirea infracţiunii prev. şi ped. de disp. art. 253 C.pen. (distrugerea) şi obligat la plata sumei de 2000 lei către partea civilă BC cu titlu de daune materiale. După pronunțarea hotărârii, partea civilă BC a renunţat în mod expres la calea de atac a apelului în ceea ce priveşte latura civilă a cauzei. Asupra renunţării la apelul care priveşte latura civilă a cauzei, partea civilă BC:","A. poate reveni înăuntrul termenului pentru declararea apelului
B. nu mai poate reveni
C. poate reveni până la închiderea dezbaterilor la instanţa de apel",B
"85.  Plângerea, ca act de sesizare, se poate face şi de către:","A. unul dintre soţi pentru celălalt soţ
B. oricare din membrii de familie ai persoanei vătămate
C. copilul minor pentru părinţi",A
86.  Împotriva hotărârilor penale definitive se poate face contestaţie în anulare în următoarele cazuri:,"A. judecata a avut loc în lipsa avocatului persoanei vătămate, când asistenţa juridică a persoanei vătămate era obligatorie, potrivit legii
B. şedinţa de judecată a fost publică, deşi legea prevedea expres lipsa de publicitate a şedinţei de judecată
C. instanţa nu a fost compusă potrivit legii ori a existat un caz de incompatibilitate",C
87.  Persoana vătămată şi oricare dintre părţi îşi pot retrage apelul declarat:,"A. până la închiderea dezbaterilor la instanţa de apel
B. până la începerea dezbaterilor la instanţa de apel
C. până la primul termen de judecată în faţă instanţei de apel",A
"88.  Când completul de judecată nu poate rămâne acelaşi în tot cursul judecării cauzei, acesta se poate schimba:","A. până la închiderea dezbaterilor
B. până la începerea cercetării judecătoreşti
C. până la începerea dezbaterilor",C
"89.  Procurorii din cadrul parchetului ierarhic superior pot prelua, în vederea efectuării sau supravegherii urmăririi penale, cauze de competenţă parchetelor ierarhic inferioare:","A. prin dispoziţia motivată a conducătorului parchetului ierarhic superior
B. numai prin dispoziţia motivată a procurorului general al Parchetului de pe lângă Înalta Curte de Casaţie şi Justiţie
C. prin dispoziţia motivată a conducătorului parchetului ierarahic inferior de la care se preia cauza",A
90.  Suspectul sau inculpatul poate cere continuarea procesului penal:,"A. în caz de retragere a plângerii prealabile
B. în cazul renunţării la urmărirea penală
C. în cazul în care nu există probe că o persoană a săvârşit infracţiunea",AB
91.  Partea responsabilă civilmente poate interveni în procesul penal:,"A. numai până la începerea cercetării judecătoreşti în faţa primei instanţe de judecată
B. până la închiderea dezbaterilor în faţa primei instanţe de judecată
C. până la terminarea cercetării judecătoreşti la prima instanţă de judecată",C
92.  Excepţia de necompetenţă materială sau după calitatea persoanei a instanţei superioare celei competente potrivit legii poate fi invocată:,"A. până la începerea cercetării judecătoreşti
B. până la terminarea cercetării judecătoreşti
C. în tot cursul judecăţii, până la pronunţarea hotărârii definitive",A
"93.  După strămutarea cauzei, contestaţiile şi celelalte căi de atac:","A. se judecă de instanţele corespunzătoare din circumscripţia instanţei la care s-a strămutat cauza
B. se judecă de instanţele competente din circumscripţia instanţei de la care s-a strămutat cauza
C. se judecă de instanţele competente din circumscripţia instanţei de la care s-a strămutat cauza, dacă legea nu prevede altfel",A
94.  Nu pot fi audiaţi în calitate de martor:,"A. soţul, ascendenţii şi descendenţii în linie directă, precum şi fraţii şi surorile suspectului sau inculpatului
B. subiecţii procesuali principali
C. minorii care nu au împlinit vârsta de 14 ani",B
95.  Acţiunea penală se pune în mişcare:,"A. de către judecătorul de cameră preliminară prin încheiere, în cazurile expres prevăzute de lege
B. de către procuror prin declaraţie orală, în cazul infracţiunilor de audienţă
C. de către instanţa de judecată, prin încheiere, în cazurile expres prevăzute de lege",B
96.  Dacă declinarea a fost determinată de competenţa materială sau după calitatea persoanei:,"A. instanţa căreia i s-a trimis cauza poate menţine, motivat, probele administrate, actele îndeplinite şi măsurile dispuse de instanţa care şi-a declinat competenţa
B. instanţa căreia i s-a trimis cauza nu poate menţine probele administrate, actele îndeplinite şi măsurile dispuse de instanţa care şi-a declinat competenţa
C. probele administrate, actele îndeplinite şi măsurile dispuse se menţin",A
97.  Până la terminarea cercetării judecătoreşti la prima instanţă de judecată:,"A. partea civilă poate îndrepta erorile materiale din cuprinsul cererii de constituire ca parte civilă
B. partea civilă poate mări sau micşora întinderea pretenţiilor indicate în cuprinsul cererii de constituire ca parte civilă
C. poate avea loc introducerea în procesul penal a părţii responsabile civilmente, la cererea părţii îndreptăţite potrivit legii civile",AB
98.  Înalta Curte de Casaţie şi Justiţie sau curtea de apel competentă soluţionează cererea de strămutare:,"A. prin sentinţă care poate fi atacată cu contestaţie de către procuror şi părţi
B. prin încheiere care nu este supusă niciunei căi de atac
C. prin sentinţă care nu este supusă niciunei căi de atac",C
99.  Este sancţionată cu nulitatea absolută încălcarea dispoziţiilor privind:,"A. competenţa materială a instanţelor judecătoreşti, atunci când judecata a fost efectuată de o instanţă inferioară celei legal competente
B. competenţa materială a organelor de urmărire penală
C. prezenţa suspectului, atunci când participarea sa este obligatorie potrivit legii",AC
100.  Până la soluţionarea repunerii în termenul de apel:,"A. executarea hotărârii atacate se suspendă de drept
B. instanţa de apel poate suspenda executarea hotărârii atacate
C. executarea hotărârii se suspendă de drept numai cu privire la latura penală a cauzei",B
