1.  Cazurile de nedemnitate:,"A. se verifică o singură dată, numai cu ocazia primirii în profesia de avocat
B. nu se verifică cu ocazia reînscrierii în tabloul avocaţilor cu drept de exercitare a profesiei, dacă această reînscriere este cerută şi, mai apoi, dispusă drept consecinţă a încetării, din motive neimputabile, a funcţiei în considerarea căreia avocatul a solicitat suspendarea din exerciţiul profesiei de avocat şi înscrierea pe tabloul avocaţilor, în secţiunea dedicată incompatibililor
C. se verifică pe întreaga perioadă de exercitare a profesiei de avocat",C
"2.  Contractul de colaborare încheiat între o formă de exercitare a profesiei şi un avocat colaborator va cuprinde, în mod obligatoriu:","A. durata contractului
B. timpul de muncă
C. obligaţia privind confidenţialitatea datelor şi informaţiilor cu care, cu prilejul exercitării profesiei, avocatul colaborator intră în contact",AC
3.  Avocatul asigură asistenţa şi reprezentarea juridică a unei persoane:,"A. numai în faţa instanţelor judecătoreşti
B. şi în faţa organelor administraţiei publice
C. şi în faţa autorităţilor cu atribuţii jurisdicţionale",BC
4.  Contractul de asistenţă juridică:,"A. constituie titlu executoriu cu privire la restanţele din onorariul cuvenit avocatului şi din cheltuielile efectuate de avocat în interesul clientului, în condiţiile legii
B. poate fi încheiat, în mod excepţional, şi în formă verbală
C. în toate situațiile, nu va fi încheiat decât în limba română",AB
"5.  Potrivit Statutului profesiei de avocat, pactul de quota litis,","A. este, în principiu, interzis, dar de la această regulă există şi excepţii
B. constă într-o convenţie încheiată între avocat şi clientul său după soluţionarea definitivă a unei cauze, convenţie care fixează exclusiv onorariile cuvenite avocatului în funcţie de rezultatul judiciar al unei cauze finalizate şi care pot fi stabilite sub forma unor sume de bani, sub cea a unui bun ori sub cea a unei alte valori convenite
C. constă într-o convenţie încheiată între avocat şi clientul său înainte de soluţionarea definitivă a unei cauze, convenţie care fixează exclusiv totalitatea onorariilor avocatului în funcţie de rezultatul judiciar al cauzei, indiferent dacă aceste onorarii constau într-o sumă de bani, un bun sau orice altă valoare",C
6.  Transferul avocatului dintr-un barou în alt barou:,"A. se face numai la cererea avocatului interesat
B. prilejuieşte verificarea respectării de către petent a condiţiilor de primire în profesie
C. se soluţionează de către baroul din care avocatul solicită transferul",AB
7.  Comisia de disciplină a baroului:,"A. judecă, în primă instanţă, în complet de 3 membri, abaterile săvârşite de avocaţii înscrişi în respectivul barou, cu excepția abaterilor săvârșite de decanul baroului și de membrii Consiliului UNBR
B. judecă, în primă instanţă, în complet de 5 membri, abaterile săvârşite de avocaţii care au calitatea de membri ai consiliului respectivului barou
C. este coordonată de un preşedinte ales de către membrii acesteia",AC
"8.  O.C., avocat trecut pe tabloul incompatibililor din Baroul S., a săvârşit o abatere disciplinară constând în reprezentarea unei persoane în faţa unei instanţe judecătoreşti de pe raza Baroului B. Plângerea împotriva d-lui O.C.:","A. se adresează Consiliului Baroului S., acesta fiind competent să soluţioneze o asemenea plângere, întrucât avocatul O.C. este membru al acestui barou
B. se adresează Consiliului Baroului B., acesta fiind competent să soluţioneze o asemenea plângere, întrucât avocatul O.C. a săvârşit abaterea disciplinară pe raza acestui barou
C. nu poate fi în mod eficient formulată şi depusă la niciunul din cele două consilii ale celor două barouri, deoarece, la data săvârşirii abaterii disciplinare, avocatul O.C. nu avea dreptul de exercitare a profesiei, fiind trecut pe tabloul incompatibililor",A
"9.  Printre altele, dreptul de a exercita profesia de avocat:","A. se suspendă în temeiul unei hotărâri disciplinare definitive, de interdicţie temporară de a profesa
B. se suspendă la cererea avocatului, pentru alte motive decât cele care îi atrag incompatibilitatea
C. se suspendă, în mod obligatoriu, în cazul în care s-a dispus trimiterea în judecată a avocatului pentru săvârşirea unei infracţiuni de natură să aducă atingere prestigiului profesiei",AB
10.  Justiţiabilul G.R. a renunţat unilateral la contractul de asistenţă juridică încheiat cu avocatul P.T. după cinci termene de judecată şi a solicitat restituirea integrală a onorariului achitat avocatului. Cererea de restituire a onorariului poate fi:,"A. admisă integral, ca efect al rezilierii unilaterale a contractului
B. admisă parţial, după ce, printre altele, se deduce şi onorariul cuvenit, dar numai pentru serviciile avocaţiale deja prestate
C. admisă parţial, după ce, printre altele, se deduc şi cheltuielile efectuate de avocat în interesul procesual al clientului său, dacă se dovedeşte că aceste cheltuieli au fost făcute",BC
"11.  Fără să-i consulte, în prealabil, pe ceilalţi asociaţi ai săi, dl. avocat M.I., membru coordonator al unei societăţi civile profesionale, alcătuită din trei avocaţi definitivi, a încheiat o convenţie de colaborare cu un expert, care să-i asigure suportul tehnic de care avea nevoie într-o cauză civilă. Convenţia astfel încheiată este:","A. legală, deoarece avocatul M.I. poate încheia o astfel de convenţie, independent de împrejurarea că exercită profesia de avocat într-o formă asociativă
B. nelegală, deoarece avocatul M.I. nu a avut acordul tuturor asociaţilor
C. legală, deoarece avocatul M.I. este membru coordonator al societăţii civile profesionale",B
"12.  Dl. avocat C.I. a devenit incompatibil la 1 februarie 2018, a fost trecut pe tabloul incompatibililor începând cu această dată, dar a continuat să exercite profesia de avocat până în luna februarie a anului 2019, inclusiv. În acest caz, fapta avocatului constituie:","A. infracţiunea de exercitare, fără drept, a profesiei de avocat
B. abatere disciplinară gravă, sancţionată cu excluderea din profesie
C. contravenţie la regimul exercitării profesiei de avocat, fiind definită ca atare în Legea nr. 51/1995",AB
"13.  Dl. avocat B.R., înscris în Baroul A., cu o vechime în avocatură de cinci ani, a fost sancţionat disciplinar printr-o decizie definitivă. După şase luni de la aplicarea sancţiunii disciplinare, dl. avocat B.R. a solicitat înscrierea în Registrul de asistenţă judiciară, prin cerere adresată Consiliului Baroului A., cerere ce i-a fost respinsă. Decizia Consiliul Baroului A. este:","A. legală, deoarece solicitantul fusese sancţionat disciplinar
B. nelegală, deoarece, la data înregistrării cererii sale de înscriere în Registrul de asistenţă judiciară, trecuseră şase luni de la sancţionarea disciplinară aplicată d-lui. avocat B.R.
C. nelegală, deoarece prin decizia de sancţionare disciplinară, nu i-a fost interzis exerciţiul profesiei de avocat",A
"14.  Dl. avocat B.D. nu este înscris în Registrul de asistenţă judiciară, însă, la solicitarea justiţiabilului G.I., a fost desemnat să-i acorde acestuia asistenţă extrajudiciară, desemnare care a fost dispusă de către decanul baroului din care dl. avocat B.D. face parte. Dl. avocat B.D. a refuzat acordarea asistenţei judiciare pentru care a fost desemnat, iar refuzul acestuia este:","A. justificat, deoarece dl. avocat B.D. nu este înscris în Registrul de asistenţă judiciară
B. nejustificat, deoarece dl. avocat B.D. este obligat să asiste orice persoană fizică sau juridică
C. nejustificat, deoarece dl. avocat B.D. a încălcat decizia organului de conducere al profesiei, care a dispus acordarea asistenţei extrajudiciare justiţiabilului G.I.",A
"15.  Potrivit Statutului profesiei de avocat, secretul profesional:","A. face obiectul unei obligaţii absolute şi nelimitate în timp
B. revine şi persoanelor cu care avocatul conlucrează în exercitarea profesiei
C. nu face obiectul unei obligaţii care să incumbe şi organelor profesiei de avocat, respectiv salariaţilor acestora, în privinţa informaţiilor cunoscute în exercitarea funcţiilor şi atribuţiilor ce le revin",AB
"16.  În cazul în care a fost încuviinţată de o instanţă judecătorească o cerere de ajutor public judiciar, sub forma asistenţei judiciare prin avocat:","A. decanul baroului desemnează un avocat înscris în Registrul de asistenţă judiciară, pentru a asigura asistenţa prin avocat, solicitată
B. decanul baroului aprobă acordarea asistenţei judiciare gratuite, dacă persoana interesată este lipsită de mijloace materiale, iar drepturile ei ar fi prejudiciate prin întârziere
C. decanul baroului are competenţa de a aprecia caracterul justificat sau nejustificat al refuzului avocatului desemnat să acorde asistenţa judiciară, consecință a încuviințării date de instanță",AC
17.  Este nedemn de a fi avocat:,"A. cel căruia i s-a aplicat pedeapsa interdicţiei de a exercita profesia, pe durata stabilită prin hotărâre judecătorească definitivă sau prin hotărâre disciplinară
B. cel care exercită, în mod nemijlocit, fapte materiale de comerţ
C. cel în sarcina căruia s-a reţinut, în baza unei hotărâri judecătoreşti definitive sau prin acte ale organelor profesiei de avocat, fapta de a fi exercitat sau sprijinit, sub orice formă, exercitarea fără drept de către o persoană a profesiei de avocat",AC
18.  Avocatul este obligat să se asigure pentru răspundere profesională:,"A. sub sancţiunea neînscrierii în tabloul anual al avocaţilor cu drept de exercitare a profesiei
B. pentru un risc asigurat, a cărui valoare se stabileşte anual de avocat, în funcţie de venitul estimat al încasărilor
C. anual, iar primele de asigurare profesională reprezintă cheltuieli profesionale integral deductibile, pentru anul fiscal în curs",AC
19.  O persoană nu își alege în mod liber avocatul în una sau mai multe din următoarele situații:,"A. beneficiază de asistenţă judiciară din oficiu, în cauzele penale în care apărarea este obligatorie şi atât timp cât nu dispune de mijloacele materiale necesare angajării unui avocat ales
B. încheie un contract de asistenţă juridică, întrucât pe durata de existenţă a unui astfel de contract, clientul nu mai poate recurge şi la serviciile unui alt avocat, altul decât cel cu care a contractat
C. a renunțat în mod expres la dreptul de a-și alege avocatul",A
20.  Avocatul are dreptul la:,"A. un sediu profesional, în circumscripţia baroului în care este înscris pe tabloul avocaţilor cu drept de exercitare a profesiei
B. sedii secundare, în circumscripţia altui barou din ţară sau din străinătate, unde este luat în evidenţă
C. unul sau mai multe birouri de lucru, în afara circumscripţiei baroului în care este înscris pe tabloul avocaţilor cu drept de exercitare a profesiei",AB
"21.  La data de 1 aprilie 2010, L și F au încheiat un contract de locaţiune prin care L a închiriat lui F un apartament pentru o perioadă de 2 ani, convenind o chirie lunară de 800 de lei, ce trebuia plătită la data de 15 a fiecărei luni pentru luna în curs. Întrucât F nu şi-a îndeplinit obligația de plata a chiriei pentru lunile ianuarie 2011 - aprilie 2012, la data de 22 aprilie 2015 acesta a fost chemat în judecată de L pentru a fi obligat de către instanţă la plata chiriei aferente intervalului menţ În raport de această situație:","A. instanţa invocă din oficiu excepţia de prescripţie a dreptului material la acţiune cu privire la întreaga creanţă şi respinge în tot acţiunea
B. dacă pârâtul invocă prin întâmpinare excepţia de prescripţie a dreptului material la acţiune, instanţa respinge excepţia invocată şi admite acţiunea aşa cum a fost formulată
C. instanţa poate admite în parte acţiunea, dacă pârâtul nu invocă excepţia prescripţiei dreptului material la acţiune",C
"22.  La data de 1 aprilie 2010, L și F au încheiat un contract de locaţiune prin care L a închiriat lui F un apartament pentru o perioadă de 2 ani, convenind o chirie lunară de 800 de lei, ce trebuia plătită la data de 15 a fiecărei luni pentru luna în curs. Întrucât F nu şi-a îndeplinit obligația de plata a chiriei pentru lunile ianuarie 2011 - aprilie 2012, la data de 22 aprilie 2015 acesta a fost chemat în judecată de L pentru a fi obligat de către instanţă la plata chiriei aferente intervalului menţ În raport de această situație:","A. instanţa invocă din oficiu excepţia de prescripţie a dreptului material la acţiune cu privire la întreaga creanţă şi respinge în tot acţiunea
B. dacă pârâtul invocă prin întâmpinare excepţia de prescripţie a dreptului material la acţiune, instanţa respinge excepţia invocată şi admite acţiunea aşa cum a fost formulată
C. instanţa poate admite în parte acţiunea, dacă pârâtul nu invocă excepţia prescripţiei dreptului material la acţiune",C
23.  Rezoluțiunea contractului:,"A. poate fi declarată unilateral, în orice contract, prin notificare trimisă de partea îndreptățită
B. nu poate opera de drept
C. poate avea loc și numai pentru o parte a contractului",C
"24.  La data de 10 iunie 2015, M l-a chemat în judecată pe N într-o acțiune în revendicare a unui teren intravilan. La data de 15 decembrie 2015, în cursul procesului de fond, profitând de faptul că litigiul nu era notat în cartea funciară, N a vândut terenul lui S. Acțiunea în revendicare a fost admisă și hotărârea a rămas definitivă la data de 20 septembrie 2016. În raport de situația descrisă?","A. M are dreptul să pună în executare hotărârea numai împotriva lui N
B. M are dreptul să pună în executare hotărârea împotriva lui S
C. în cazul în care este evins, S este îndreptățit să ceară angajarea răspunderii pentru evicțiune a lui N",BC
"25.  Prin contractul de novație încheiat între creditorul W și noul debitor K, acesta din urmă se obligă să execute obligația de plată a sumei de 100.000 lei asumată de debitorul iniţial Z, garantată cu ipotecă pe imobilul proprietatea lui Z. În raport de situația descrisă:","A. novația prin schimbarea debitorului Z produce efecte fără acordul acestuia
B. ipoteca pe imobilul lui Z, ce garanta creanța inițială, va însoți noua creanță
C. ipoteca se strămută de drept asupra bunurilor lui K",A
"26.  Ca și în cazul vânzării, în cazul locațiunii:","A. prețul poate consta într-o sumă de bani sau altă prestație
B. funcţionarii publici, judecătorii – sindici şi practicienii în insolvență sunt incapabili de a lua în locațiune bunurile pe care le administrează ori a căror administrare o supraveghează, sub sancțiunea nulității absolute
C. locatorul nu răspunde pentru viciile care erau aparente la data încheierii contractului pe care locatarul nu le-a reclamat fără întârziere",BC
27.  În materia cesiunii de creanță:,"A. cesiunea este opozabilă fideiusorului de la data îndeplinirii formalităților de opozabilitate a acesteia față de debitor
B. dacă este cu titlu oneros, cedentul are, de drept, obligație de garanție față de cesionar
C. creanțele încorporate în titluri la purtător se transmit prin simplul acord de voință al părților",B
28.  Care dintre enunțurile de mai jos este corect din punct de vedere legal:,"A. stipulația pentru altul poate fi acceptată de către terțul beneficiar și după decesul stipulantului sau al promitentului
B. contractul secret nu poate fi opus de părți creditorilor dobânditorului aparent care, cu bună credință, au obținut sechestru asupra bunurilor care au făcut obiectul simulației
C. stipulantul poate revoca oricând stipulația, fără acordul promitentului",AB
29.  Reprezentarea succesorală:,"A. poate fi invocată de către fiul unui unchi predecedat al defunctului pentru a veni la moștenire alături de mătușa defunctului
B. nu operează dacă reprezentantul a renunțat la moștenirea lăsată de reprezentat
C. operează chiar şi în situația în care reprezentatul este în viață la data deschiderii moștenirii dar este nedemn față de defunct",C
30.  Mandatul conferit mai multor persoane pentru a lucra împreună:,"A. nu are efect dacă nu a fost acceptat de către toate aceste persoane, orice stipulaţie contrară fiind considerată nescrisă
B. atrage, în lipsă de stipulaţie contrară, răspunderea solidară a mandatarilor faţă de mandant, dacă s-au obligat să lucreze împreună
C. acceptat de acestea, obligă pe mandant, în toate cazurile, la respectarea actelor încheiate chiar şi numai de una dintre ele",B
31.  Clauza:,"A. prin care părțile instituie sau înlătură cauze de nulitate este valabilă
B. prin care creditorul are dreptul la rezoluţiune atunci când neexecutarea este de mică însemnătate este considerată nescrisă
C. prin care locatorul este îndreptăţit să diminueze, fără contraprestaţie echivalentă, prestaţiile la care s-a obligat prin contract, este considerată nescrisă",BC
"32.  În urma încheierii contractului de donație asupra unui apartament, la data de 15 septembrie 2017, donatarul V l-a agresat verbal și fizic pe donatorul său B, la data de 20 decembrie 2017, pretinzând că acesta din urmă a lăsat liberalități mai valoroase unui alt beneficiar. La 30 ianuarie 2018, B a murit într-un accident de circulație iar, la 15 noiembrie 2018, V a decedat din cauze necunoscute. Faţă de această situaţie, cererea de revocare a donației:","A. putea fi introdusă de moştenitorii lui B împotriva lui V, dacă B a decedat fără să-l fi iertat pe donatar
B. putea fi introdusă de moștenitorii lui B împotriva moștenitorilor lui V
C. putea fi continuată de moștenitorii lui B, dacă ar fi fost introdusă de acesta din urmă",AC
"33.  X achită către Y suma de 50.000 lei crezând că o datora acestuia. Ulterior, descoperind că suma era datorată, de fapt, de către Z, fostul său soţ, solicită instanţei obligarea lui Y la restituirea plăţii efectuate. În această situaţie:","A. X nu va putea obţine restituirea, decât dacă va înlatura prezumţia efectuării plăţii cu intenţia de a-l gratifica pe Z
B. X nu va putea obţine restituirea, dacă la momentul plăţii era deja împlinit termenul de prescripţie extinctivă a dreptului lui Y faţă de Z
C. cererea sa va fi respinsă dacă, în urma plăţii, Y a renunţat la ipoteca pe care Z o constituise în vederea garantării achitării sumei datorate lui Y",
"34.  La data de 15 iunie 2012, Q a încheiat cu M un contract de locațiune pe durată nedeterminată în care s-a stipulat că locatarul M poate să denunțe unilateral contractul cu un termen de preaviz de 60 de zile și cu plata unei sume reprezentând echivalentul a 5 chirii lunare. La data de 1 iulie 2017, M a trimis o notificare de denunțare unilaterală a contractului iar, la expirarea termenului de preaviz, a eliberat spațiul închiriat. Q l-a chemat în judecată pe M pentru ca, prin hotărârea ce se va pronunța, instanța să dispună obligarea pârâtului la executarea contractului și la plata chiriilor restante sau, în subsidiar, obligarea pârâtului la plata sumei de 5 chirii lunare pentru a considera contractul încetat prin denunț În raport de situația descrisă, instanța:","A. va admite acțiunea și va obliga pârâtul la executarea contractului
B. va admite acțiunea, va obliga pârâtul la plata sumei reprezentând 5 chirii lunare și va constata contractul încetat
C. va respinge acțiunea ca neîntemeiată",C
35.  În materia răspunderii civile delictuale:,"A. repararea prejudiciului se face prin plata unei despăgubiri numai dacă victima nu este interesată de reparaţia în natură
B. despăgubirea este stabilită, ca regulă, prin raportare la data producerii prejudiciului
C. despăgubirea trebuie să cuprindă şi cheltuielile pe care victima le-a făcut pentru limitarea prejudiciului",BC
36.  Tranzacţia:,"A. poate fi anulată pentru leziune ca orice alt contract
B. poate fi desfiinţată prin acţiune în rezoluţiune, dar nu  poate fi desfiinţată prin acţiune în reziliere
C. poate fi atacată cu acţiune revocatorie",C
37.  În cazul condiţiei suspensive a cărei realizare depinde de voinţa creditorului:,"A. condiţia se consideră îndeplinită dacă debitorul împiedică realizarea ei
B. obligaţia asumată este valabilă, chiar dacă realizarea condiţiei nu depinde şi de un element exterior voinţei creditorului
C. prescripţia extinctivă va începe să curgă de la momentul încheierii actului juridic",AB
"38.  Între F şi M, proprietarii a doua terenuri învecinate, se încheie o convenţie prin care F constituie în favoarea lui M un drept de uzufruct asupra terenului să M realizează o construcţie-locuinţă parţial pe terenul său şi parţial pe terenul lui F. La încetarea dreptului de uzufruct F poate pretinde:","A. ridicarea construcţiei de pe terenul său
B. înscrierea în cartea funciară a unui drept de coproprietate al vecinilor asupra imobilului rezultat, cotele părţi fiind stabilite tinându-se seama de valoarea terenului său şi de jumatate din valoarea contribuţiei lui M
C. înscrierea sa în cartea funciară ca proprietar al construcţiei realizată de M, urmând a-i plăti acestuia jumătate din valoarea materialelor şi a manoperei",AB
39.  Uzufructul:,"A. presupune, în toate cazurile, existenţa obligaţiei uzufructuarului de a depune o garanție pentru îndeplinirea obligațiilor sale
B. nu se stinge în toate cazurile prin moartea uzufructuarului
C. se stinge prin neuz",AB
40.  Care dintre enunțurile de mai jos este corect din punct de vedere legal:,"A. donația lovită de nulitate absolută pentru vicii de formă poate fi confirmată de către moștenitorii universali ori cu titlu universal ai donatorului
B. în ipoteza în care natura nulității nu este determinată ori nu reiese în chip neîndoielnic din lege, operează prezumția de nulitate relativă
C. contractul în care nu este prevăzută cauza este lovit de nulitate absolută",AB
41.  În ceea ce priveşte principiul contradictorialității:,"A. acesta este încălcat dacă partea chemată la interogatoriu nu se înfățișează, indiferent de motive
B. acesta nu presupune că obiectul procesului este stabilit prin cererile și apărările părților
C. acesta nu guvernează etapa deliberării și pronunțării hotărârii",BC
42.  Cererea de recuzare:,"A. este întemeiată dacă avocatul uneia dintre părţi este afin de gradul II cu judecătorul membru al completului de judecată
B. se soluţionează în camera de consiliu, cu prezenţa obligatorie a părţilor
C. determină suspendarea judecării cauzei în care a fost formulată",A
"43.  Pentru a putea dispune conexarea a două cauze, printre altele, este necesar ca:","A. cele două cauze ce urmează a fi conexate să se afle în cursul judecăţii în primă instanţă, pe rolul unor instanţe diferite sau pe rolul aceleiași instanţe
B. excepţia de conexitate să se invoce cel mai târziu la primul termen de judecată înaintea primei instanţe sesizate
C. părţile să invoce excepţia de conexitate, instanţa neputând-o invoca din oficiu",A
44.  Este competentă teritorial:,"A. pentru cererile reale mobiliare, instanţa în a cărei circumscripţie domiciliază sau îşi are sediul pârâtul, dacă legea nu prevede altfel
B. pentru cererile reale imobiliare, instanţa în a cărei circumscripţie este situat imobilul
C. pentru cererile personal imobiliare, exclusiv instanţa în a cărei circumscripţie este situat imobilul",AB
45.  Nu poate fi ascultat ca martor:,"A. persoana afectată de o boală psihică, atestată prin act medical, chiar dacă nu este pusă sub intedicție judecătorească
B. sora mamei reclamantului, chiar dacă părțile consimt
C. descendentul, în procesele privitoare la filiaţie",C
46.  Nulitatea relativă a actelor de procedură poate fi invocată:,"A. numai de partea protejată prin dispoziţia legală încălcată, chiar dacă neregularitatea a fost cauzată prin propria sa faptă
B. până la primul termen de judecată, în toate cazurile, când vizează neregularităţi săvârşite anterior începerii judecăţii
C. direct în apel atunci când cauza de nulitate s-a ivit la ultimul termen de judecată, iar partea legal citată nu a fost prezentă la acel termen",C
47.  Nerespectarea unui termen prohibitiv:,"A. dă dreptul părții interesate să solicite anularea actului de procedură făcut înaintea împlinirii termenului
B. poate fi invocată de instanță, din oficiu
C. atrage decăderea din exercitarea dreptului procesual",A
"48.  Dacă la al doilea termen de judecată se constată că procedura de citare cu pârâtul nu a fost legal îndeplinită, instanța va dispune:","A. citarea pârâtului, reclamantul nemaifiind citat dacă a fost prezent la termenul anterior și are termen în cunoștință
B. citarea atât a pârâtului cât și a reclamantului, chiar prezent la termenul anterior, dacă reclamantul este deţinut
C. acordarea unui nou termen, fără a fi necesară citarea părților dacă, potrivit legii, ședința se desfășoară în cameră de consiliu",AB
49.  Cererea de sechestru asigurător:,"A. se judecă de urgenţă în camera de consiliu, cu citarea părţilor
B. se soluţionează prin încheiere executorie ce se comunică, de către instanţă, creditorului şi debitorului
C. se soluţionează prin încheiere care este supusă numai apelului, în termen de 5 zile de la comunicare",C
50.  Nu intervine suspendarea de drept a judecății:,"A. când s-a înregistrat o plângere penală pentru o infracţiune care ar avea o înrâurire hotărâtoare asupra hotărârii ce urmează să se dea, dacă legea nu prevede altfel
B. în cazul ivirii unui conflict de competență
C. în cazul în care s-a formulat o cerere de strămutare a procesului întemeiată pe motive de siguranță publică",AC
"51.  La primul termen de judecată în fața primei instanțe, cu procedura de citare legal îndeplinită, reclamantul AA, prezent personal, renunță la dreptul pretins împotriva pârâtului BB. În această situație:","A. declarația sa de renunţare va fi luată în considerare numai dacă este conținută într-un înscris autentic notarial
B. hotărârea pronunțată de instanța de judecată va putea fi atacată cu apel în termen de 5 zile de la pronunțare
C. instanța va pronunța o hotărâre prin care va respinge cererea în fond, fără a fi necesar acordul pârâtului",C
52.  În cazul în care instanţa de judecată a dispus efectuarea unei expertize la faţa locului:,"A. dacă una dintre părţi opune rezistenţă la efectuarea lucrării, instanţa va autoriza, în toate cazurile, folosirea forţei publice, în scopul efectuării expertizei, prin încheiere executorie
B. cheltuielile efectuate cu expertiza până la data în care una dintre părţi împiedică în orice mod efectuarea expertizei vor fi suportate de partea care s-a opus efectuării expertizei
C. expertiza nu poate fi făcută decât după citarea părţilor, de către instanţă, prin scrisoare recomandată, cu conţinut declarat şi confirmare de primire",B
53.  Termenul de graţie:,"A. poate fi acordat la cererea creditorului sau debitorului, neputând fi acordat din oficiu
B. poate fi acordat de instanţa de apel, în cazul în care judecă pricina în fond după anularea hotărârii apelate
C. nu poate fi stabilit pe calea ordonanţei preşedinţiale",BC
"54.  Cu privire la efectul suspensiv al termenului de apel, este adevărat că:","A. termenul de apel suspendă, în toate cazurile, executarea hotărârii de primă instanţă
B. termenul de apel nu are efect suspensiv dacă hotărârea de primă instanţă a fost dată cu executare provizorie de drept
C. termenul de apel are efect suspensiv dacă hotărârea de primă instanţă a fost dată cu executare provizorie judecătorească",B
55.  Hotărârea judecătorească:,"A. se va pronunța în ședință publică, sub sancțiunea nulității exprese, în toate cazurile
B. pronunţată de judecătorie, prin care se consfințește tranzacția părților poate fi atacată, pentru motive procedurale, numai cu recurs la instanța ierarhic superioară
C. prin care se constată perimarea, este supusă recursului la instanța ierarhic superioară, în termen de 30 de zile de la comunicare",B
56.  Cu privire la regulile aplicabile soluţionării cererii de revizuire:,"A. soluţionarea se va face, în toate cazurile, potrivit dispoziţiilor procedurale aplicabile la judecata în primă instanţă
B. modificarea cererii de revizuire, sub aspectul motivelor, poate avea loc până la primul termen de judecată la care revizuentul este legal citat
C. întâmpinarea este obligatorie, dar nu se comunică revizuentului care va lua la cunoştinţă de cuprinsul întâmpinării de la dosarul cauzei",C
57.  Hotărârea prealabilă pentru dezlegarea unor chestiuni de drept:,"A. se pronunță de un complet format din judecători ai Înaltei Curți de Casație si Justiție în termen de 6 luni de la data învestirii
B. este obligatorie de la data pronunţării deciziei, pentru instanţa care a solicitat dezlegarea
C. se pronunţă cu citarea părţilor",B
58.  Hotărârea pronunţată în procedura ordonanţei de plată:,"A. este executorie, chiar dacă este atacată cu cerere în anulare
B. poate fi pusă în executare silită, dar debitorul este în drept să formuleze contestaţie la executare prin care poate invoca orice apărări de fond cu privire la existenţa creanţei certe, lichide şi exigibile
C. poate fi atacată de creditor sau de debitor, cu cerere în anulare, în cazul în care s-a admis în parte cererea creditorului",AC
59.  Este obligatorie:,"A. citarea părților, în apel, în procedura ordonanței președințiale
B. citarea persoanelor arătate în cerere, în prima instanță, în procedura necontencioasă
C. citarea părților, în prima instanță, în procedura de îndreptare a hotărârii judecătorești",A
60.  În procedura contestației la executare:,"A. nu este obligatorie întâmpinarea
B. suspendarea executării este obligatorie dacă debitorul face dovada cu orice mijloc de probă că a obținut de la creditor o amânare ori beneficiază de un termen de plată
C. contestatorul își poate modifica cererea inițială adaugând motive noi de contestație dacă, în privința acestora din urmă, este respectat termenul de exercitare a contestației la executare",C
61.  Legea penală română nu se aplică în baza principiului teritorialității dacă:,"A. infracțiunea a fost comisă la bordul unei nave comerciale sub pavilion străin care tranzitează marea teritorială a României, ca regulă generală
B. rezultatul infracțiunii s-a produs în totalitate în străinătate, dar actele de executare s-au comis pe teritoriul României
C. deși infracțiunea a fost comisă pe teritoriul României, se dispune altfel printr-un tratat internațional la care România este parte",AC
62.  Indicați răspunsul/răspunsurile corect/e în legătură cu cauza justificativă a consimțământului:,"A. se produce efectul justificativ chiar dacă persoana vătămată nu și-a dat consimțământul anterior comiterii faptei, existând și posibilitatea ratificării ulterioare a acțiunii sau inacțiunii tipice a făptuitorului
B. consimțământul produce efect justificativ în cazul în care numitul X solicită unui minor de 4 ani să îi remită o brățară de aur în schimbul unei ciocolate, iar minorul consimte acest lucru
C. consimțământul poate fi exprimat și prin mijloace tehnice de comunicare la distanță",C
63.  Indicați răspunsul/răspunsurile corect/e în ceea ce privește tentativa:,"A. nu există posibilitatea desistării voluntare când tentativa este perfectă
B. tentativa este imperfectă atunci când infractorul împinge victima pe geamul apartamentului situat la etajul III al unui bloc, cu intenția de a o ucide, dar aceasta nu decedează deoarece cade pe prelata unei terase
C. tentativa se pedepsește în cazul infracțiunii de nedenunțare atunci când a fost săvârșită de o persoană care nu este membru de familie",A
64.  În cazul recidivei:,"A. se poate aplica pedeapsa detențiunii pe viață, în cazul persoanei fizice, chiar dacă pentru niciuna dintre
B. pedeapsa pentru infracțiunea comisă în stare de recidivă de către persoana juridică poate depăși maximul general al pedepsei amenzii, ca efect al majorării limitelor speciale de pedeapsă
C. nu se mai poate agrava pedeapsa pentru infracțiunea comisă în stare de recidivă, dacă primul termen constă într-o pedeapsă cu închisoarea pronunțată de o instanță străină, care a fost executată integral în străinătate, pentru o faptă incriminată și de legea penală română, dacă hotărârea străină a fost recunoscută în România",A
65.  Interzicerea dreptului străinului de a se afla pe teritoriul României ca pedeapsă complementară:,"A. nu se aplică dacă s-a dispus suspendarea executării pedepsei sub supraveghere
B. se execută de la data rămânerii definitive a hotărârii de condamnare în toate cazurile
C. nu se aplică pe lângă pedeapsa închisorii",A
66.  Înlocuirea pentru persoana fizică a pedepsei detențiunii pe viață cu pedeapsa închisorii este obligatorie:,"A. dacă după rămânerea definitivă a hotărârii de condamnare la pedeapsa detențiunii pe viață și pe parcursul executării ei a intervenit o lege care prevede pentru aceeași faptă numai pedeapsa închisorii
B. în cazul în care condamnatul la pedeapsa detențiunii pe viață a împlinit 65 de ani în timpul executării pedepsei, a avut o bună conduită pe durata executării pedepsei, a îndeplinit integral obligațiile civile stabilite prin hotărârea de condamnare, afară de cazul când dovedește că nu a avut nicio posibilitate să le îndeplinească și a făcut progrese constante și evidente în vederea reintegrării sociale
C. în cazul în care condamnatul la pedeapsa detențiunii pe viață a executat efectiv 20 de ani de detențiune",A
67.  Perioada în care o persoană fizică a fost supusă măsurii preventive privative de libertate a reținerii:,"A. se scade din durata pedepsei rezultante a închisorii stabilite pentru infracțiunile concurente dintre care una este cea care a determinat luarea măsurii reținerii
B. se scade din durata pedepsei complementare a interzicerii exercitării unor drepturi
C. se scade din pedeapsa amenzii prin înlăturarea în parte a zilelor-amendă",AC
68.  Reabilitarea în cazul condamnării la pedeapsa amenzii are loc:,"A. de drept, la împlinirea a 3 ani de la data când amenda a fost achitată integral sau executarea ei s-a stins în orice alt mod
B. de drept, la împlinirea a 3 ani de la data rămânerii definitive a hotărârii de condamnare la pedeapsa amenzii
C. de drept, la împlinirea a 3 ani de la data săvârșirii faptei, când legea prevede pentru infracțiunea săvârșită pedeapsa închisorii care nu depășește un an sau amenda",A
69.  Prescripția răspunderii penale:,"A. stinge acțiunea civilă
B. începe să curgă în cazul infracțiunilor continuate de la data săvârșirii ultimei inacțiuni
C. începe să curgă în cazul infracțiunii de act sexual cu un minor de la data decesului victimei, dacă aceasta a decedat înainte de a împlini vârsta de 18 ani",BC
70.  Dezincriminarea faptei:,"A. în cazul în care inculpatul a fost condamnat prin hotărâre definitivă, determină restituirea bunurilor confiscate, dacă acestea au fost confiscate din cauza naturii lor
B. se va reține în ipoteza în care legea nouă instituie o cauză de neimputabilitate neprevăzută de legea veche și incidentă în cazul inculpatului
C. nu operează în situația în care fapta este incriminată de o lege nouă sub o altă denumire",C
71.  În cazul liberării condiționate:,"A. condițiile pentru acordarea liberării condiționate se verifică de către instanța de judecată raportat la momentul introducerii cererii de liberare
B. fracțiunea de pedeapsă necesară a fi executată efectiv pentru a avea vocație la liberare este de jumătate din durata pedepsei, în cazul condamnatului care a împlinit vârsta de 60 de ani și care a prestat și muncă pe parcursul executării, dacă pedeapsa aplicată prin hotărârea de condamnare este închisoarea mai mare de 10 ani
C. obligația de a urma un curs de calificare profesională nu poate fi impusă de către instanța de judecată dacă persoana condamnată mai avea de executat la data liberării condiționate 1 an și 6 luni de închisoare",BC
"72.  Numiții A și B, în baza unei înțelegeri anterioare, îl determină împreună pe C (minor în vârstă de 15 ani) să sustragă împreună cu ei o sumă de bani din casa lui D, știind că D este plecat în concediu. În continuare, A și B stau de pază, iar C pătrunde prin forțarea încuietorii în casa lui D și caută banii în locul indicat, dar nu găsește nimic. Este surprins de E, o amică al lui D, care venise să ude florile, pe care o lovește pentru a putea să Numita E a suferit doar leziuni ușoare în urma loviturii primite. Indicați răspunsurile corecte:","A. numitul A va răspunde penal în calitate de coautor al infracțiunii de furt calificat în forma tentativei
B. numitul B va răspunde penal în calitate de instigator al infracțiunii de furt calificat
C. în speță este incidentă participația improprie, dacă C nu răspunde penal",BC
73.  Infracțiunea de tâlhărie:,"A. nu are în mod necesar două obiecte materiale
B. este comisă în coautorat atunci când numitul X distrage atenția victimei cerându-i indicații cu privire la o adresă, iar numitul Y îmbrâncește victima sustrăgându-i telefonul mobil
C. poate avea ca subiect pasiv principal aceeași persoană care are și calitatea de subiect pasiv secundar",AC
74.  Constituie infracțiunea de furt care se pedepsește la plângerea prealabilă:,"A. luarea prin amenințare a unui autovehicul, în scopul de a merge la o petrecere, de către minorul de 16 ani de la tutorele său
B. sustragerea de către gazdă a unui ceas de la un student pe care îl găzduiește temporar, pe perioada examenelor de la facultate
C. sustragerea unor bijuterii de către nepotul de frate venit în vizită la mătușa sa",C
"75.  X și Y au văzut-o pe V pe stradă, au imobilizat-o și au dus-o la apartamentul lui X. Numitul X a târât-o pe V într-o cameră, unde a încercat să întrețină un act sexual normal, dar, nu a reuș Atunci l-a strigat pe Y, neștiind ce să facă. Numitul Y i-a spus că ar fi mai bine să înceapă cu un act sexual oral. Văzând că X nu reușește nici în acest mod, i-a strigat lui X să o țină pe V, că îi arată el cum se face. Apoi, sub ochii acestuia, a întreținut cu V un act sexual normal. Văzând că V sângerează puternic în zona vaginală, i-a spus lui X că e cazul să pună capăt acțiunii. Au luat-o apoi pe V și au abandonat-o într-o stație de taxi. Ca urmare a faptului că V era însărcinată în luna a III-a, hemoragia declanșată i-a fost fatală, în ciuda intervenției medicilor.","A. X și Y sunt coautori la infracțiunea de viol în variantă agravată comis de două sau mai multe persoane împreună și urmat de moartea victimei, comisă în formă continuată
B. Y nu este autor al unei infracțiuni de viol în varianta agravată comis de două sau mai multe persoane împreună, în concurs cu infracțiunea de ucidere din culpă
C. Y va răspunde pentru săvârșirea infracțiunii de viol în variantă agravată comis de două sau mai multe persoane împreună și urmat de moartea victimei",BC
"76.  La data de 04.12.2015, în intervalul orar 03.40 - 05.50, inculpatul X, având pe față o cagulă, s-a cățărat pe acoperișul clădirii constituind sediul societății AIT care se ocupă de producerea și comercializarea de produse electronice, apoi, pătrunzând în clădire printr-o ușă uitată deschisă de pe acoperiș, a tăiat peretele de rigips al magazinului de prezentare aflat în incinta clădirii, și a pătruns în interiorul magazinului, de unde a sustras aparatură electronică, laptop-uri și telefoane mobile. Încadrarea juridică corectă a faptelor comise de inculpat este:","A. furt calificat comis de o persoană mascată, prin efracție și escaladare și distrugere, în concurs
B. furt calificat comis în timpul nopții, de o persoană mascată, prin efracție și escaladare, prin violare de sediu profesional
C. furt calificat comis în timpul nopții, de o persoană mascată, prin efracție, fără a se putea reține și varianta comiterii prin violarea sediului profesional, deoarece la momentul comiterii actelor de sustragere nu se desfășura efectiv vreo activitate profesională",B
77.  Infracțiunea de purtare abuzivă,"A. se reține în concurs cu vătămarea corporală dacă s-a produs vreuna din urmările prevăzute de textul de lege care definește infracțiunea de vătămare corporală
B. este variantă de specie față de infracțiunea de cercetare abuzivă
C. nu poate fi reținută în sarcina femeii de serviciu care, în urma observațiilor care i se fac privind modul cum își îndeplinește sarcinile, lovește persoana care a angajat-o",A
"78.  A lucrează în primărie ca femeie de serviciu și a aflat că B a depus o cerere la primărie pentru eliberarea unei autorizații de funcționare, intenționând să-și deschidă un bar. Întrucât A a aflat de la funcționarul competent că autorizația lui B fusese eliberată și urma să-i fie comunicată prin poștă, s-a deplasat la domiciliul acestuia din urmă și i-a spus că, dacă vrea să-l ajute să i se elibereze autorizația de funcționare, să-i dea ei suma de 300 de lei, pentru a interveni pe lângă funcționarul competent. Neștiind că autorizația sa a fost deja emisă, B a acceptat să-i dea lui A suma respectivă, însă i-a spus că o să-i remită banii peste 3 zile, când va încasa pensia. Cum în ziua următoare B a primit prin poștă autorizația de funcționare, acesta nu i-a mai dat lui A suma de 300 de lei. Fapta lui A:","A. constituie tentativă la infracțiunea de înșelăciune
B. nu constituie nicio infracțiune
C. constituie infracțiunea de trafic de influență",A
"79.  Fapta directorului unui magazin prin intermediul căruia A.N.A.F. valorifică în regim de consignație bunurile confiscate sau intrate, potrivit legii, în proprietatea privată a statului, de a sustrage din cutia de valori a magazinului alăturat, în mod repetat, pe timp de noapte, prin scoaterea din funcțiune a sistemului de alarmă și prin folosirea unor chei mincinoase pe care le deține, diverse sume de bani, întrunește elementele constitutive ale infracțiunii de:","A. furt calificat în formă continuată
B. delapidare în formă continuată
C. abuz de încredere în formă continuată",A
80.  Constituie infracțiunea de fals în declarații:,"A. declararea necorespunzătoare adevărului în privința propriei identități prin folosirea unui act falsificat de identitate, declarare făcută de către o persoană în fața avocatului, în vederea producerii unor consecințe juridice pentru altul
B. declararea necorespunzătoare adevărului în privința existenței unei relații de rudenie cu privire la care nu există acte doveditoare, declarare făcută de către o persoană în fața notarului public în vederea producerii de consecințe juridice pentru altul
C. declararea necorespunzătoare adevărului în privința unei stări de fapt, declarare făcută de către martoră în fața instanței civile, în vederea producerii unor consecințe juridice pentru sine",B
"81.  Instanţa penală lasă nesoluţionată, în toate cazurile, acţiunea civilă atunci când:","A. dispune disjungerea acţiunii civile de cea penală
B. dispune încetarea procesului penal întrucât a intervenit amnistia
C. dispune încetarea procesului penal ca efect al împăcării",B
"82.  În competenţa următoarelor instanţe judecătoreşti intră judecarea contestaţiei, dar nu intră judecarea apelului:","A. tribunal
B. curte de apel
C. Înalta Curte de Casaţie şi Justiţie",A
83.  Cererea de încuviinţare a percheziţiei domiciliare în cursul urmăririi penale:,"A. se soluţionează prin încheiere
B. poate fi admisă şi atunci când priveşte locuinţa unei alte persoane decât făptuitorul
C. poate fi soluţionată şi fără participarea procurorului",AB
"84.  Inculpatul A.C. este judecat în primă instanţă la Judecătoria Piteşti. Prin sentința pe care o pronunţă, instanţa:","A. revocă, întotdeauna, măsurile asigurătorii luate pe parcursul judecăţii dacă îl achită pe inculpat pe motiv că fapta nu este prevăzută de legea penală
B. constată că arestul la domiciliu a încetat de drept şi dispune punerea de îndată în libertate a inculpatului, dacă nu este reținut sau arestat în altă cauză, în cazul în care îl condamnă la pedeapsa închisorii cu suspendarea executării pedepsei sub supraveghere
C. poate dispune restituirea cauzei la procuror în vederea refacerii urmăririi penale",B
85.  Se sancţionează cu nulitatea absolută încălcarea dispoziţiilor privind:,"A. compunerea completului de judecată
B. participarea părţii civile la judecată
C. publicitatea şedinţei de judecată",AC
"86.  Mandatul de arestare preventivă a inculpatului expiră la data de 24.06.2017, ora 24,00 (zi de sâmbătă). În acest caz, inculpatul va fi pus în libertate, dacă nu este reţinut sau arestat în altă cauză, la data de:","A. 23.06.2017, ora 24,00 (zi de vineri), întrucât administraţia locului de deţinere nu are program de lucru în zilele de sâmbătă şi duminică
B. 24.06.2017, ora 24,00 (zi de sâmbătă), chiar dacă această zi este nelucrătoare
C. 26.06.2017, ora 24,00 (zi de luni), întrucât termenele care expiră în zile nelucrătoare se prorogă până la sfârşitul primei zile lucrătoare care urmează",B
87.  Se supun confirmării motivate a procurorului care supraveghează urmărirea penală:,"A. extinderea urmăririi penale dispusă de organul de cercetare penală cu privire la fapte noi săvârşite de acelaşi suspect
B. începerea urmăririi penale cu privire la faptă, dispusă de organul de cercetare penală într-o cauză dată prin lege în competenţa acestuia
C. reținerea suspectului, dispusă de organul de cercetare penală într-o cauză dată prin lege în competenţa acestuia",A
"88.  Înainte ca procurorul să dispună trimiterea în judecată, este obligatoriu ca:","A. rechizitoriul să fie comunicat inculpatului
B. să fie pusă în mişcare acţiunea penală
C. faţă de inculpat să fie luată măsura arestării preventive",B
"89.  Prin rechizitoriu, procurorul a dispus trimiterea în judecată a inculpatului A.B. În urma desfăşurării procedurii de cameră preliminară, judecătorul de cameră preliminară a dispus începerea judecăţ Împotriva încheierii judecătorului de cameră preliminară, în termen, au formulat contestaţii inculpatul A.B. și procurorul. Sunt corecte următoarele afirmaţii:","A. în cazul invocării de către inculpat a unei excepții ce nu fusese invocată în fața judecătorului de cameră preliminară de la instanța sesizată de procuror prin rechizitoriu, contestația acestuia va fi, întotdeauna, respinsă
B. chiar dacă se admite contestaţia inculpatului A.B., se poate menţine soluţia de începere a judecăţii pe care a dispus-o judecătorul de cameră preliminară de la instanţa sesizată de procuror prin rechizitoriu
C. contestaţia procurorului va fi respinsă ca inadmisibilă, întrucât soluţia judecătorului de cameră preliminară de la instanţa sesizată prin rechizitoriu a fost cea de începere a judecăţii, ceea ce şi procurorul a urmărit, atunci când l-a trimis în judecată pe inculpatul A.B",B
"90.  În procedura de cameră preliminară, după ce judecătorul a exclus prin încheiere toate probele administrate în cursul urmăririi penale, procedează după cum urmează:","A. comunică încheierea procurorului, solicitându-i să precizeze dacă menţine dispoziţia de trimitere în judecată sau solicită restituirea cauzei la parchet, după care, printr-o nouă încheiere, în funcţie de poziţia procurorului, dispune începerea judecăţii sau restituirea cauzei la parchet
B. prin aceeaşi încheiere prin care a exclus toate probele administrate în cursul urmăririi penale, dispune şi restituirea cauzei la parchet, fără a-i mai solicita procurorului să precizeze dacă menţine dispoziţia de trimitere în judecată sau solicită restituirea cauzei
C. comunică încheierea procurorului, solicitându-i să administreze în condiţii de legalitate probele excluse şi să comunice dacă menţine dispoziția de trimitere în judecată sau solicită restituirea cauzei la parchet, după care, printr-o nouă încheiere, în funcţie de poziţia procurorului, dispune începerea judecăţii sau restituirea cauzei la parchet",B
91.  Indicați ipotezele în care judecătorul de cameră preliminară nu poate dispune excluderea unor probe administrate în cursul urmăririi penale:,"A. când judecătorul de cameră preliminară confirmă soluţia de renunţare la urmărire penală
B. când, după sesizarea instanţei prin rechizitoriu, inculpatul formulează în faţa judecătorului de cameră preliminară cerere de constatare a nulității ordonanţei prin care s-a dispus audierea unui martor
C. când, în cursul urmăririi penale, inculpatul încheie cu procurorul un acord de recunoaştere a vinovăţiei",AC
"92.  La primul termen de judecată, inculpatul A.C., arestat preventiv, a fost prezent şi a formulat în scris cerere de a fi judecat în lipsă, arătând că nu dorește să participe la niciun termen de judecată. Judecata la următoarele termene se poate desfăşura în mod legal în lipsa inculpatului A.C.:","A. dacă inculpatul, legal citat, este reprezentat de avocatul său ales
B. dacă instanţa a dispus, la cerere, ca inculpatul legal citat să poată pune concluzii în cadrul dezbaterilor şi să i se dea cuvântul prin intermediul videoconferinţei în prezenţa avocatului său ales
C. numai dacă pedeapsa prevăzută de lege pentru infracţiunea pentru care este judecat A.C., este mai mică de 10 ani",AB
"93.  În cursul judecăţii, persoana vătămată:","A. poate formula cereri, ridica excepţii şi pune concluzii în latura penală a cauzei
B. va fi citată din oficiu la fiecare termen de judecată, dacă se află în executarea unei pedepse privative de libertate
C. nu poate cere administrarea de probe noi",AB
"94.  În ceea ce priveşte repunerea în termenul de apel, sunt corecte următoarele afirmații:","A. până la soluţionarea repunerii în termen, executarea hotărârii atacate este suspendată
B. hotărârea este definitivă până la momentul în care instanţa de apel admite cererea de repunere în termen
C. apelul declarat după expirarea termenului prevăzut de lege este considerat ca fiind făcut în termen, dacă instanţa de apel constată că cererea de apel a fost făcută în cel mult 30 zile de la încetarea cauzei temeince de împiedicare care a determinat întârzierea",B
"95.  În urma deliberării într-un complet format din trei judecători, judecătorul A. opinează pentru condamnarea inculpatului la 3 ani de închisoare, judecătorul B. pentru 4 ani de închisoare, iar judecătorul C. pentru 5 ani de închisoare. În acest caz, se va dispune:","A. condamnarea inculpatului la 4 ani închisoare
B. condamnarea inculpatului la 3 ani închisoare
C. condamnarea inculpatului la 5 ani închisoare",A
"96.  Inculpatul A.C. a exercitat calea de atac a contestaţiei împotriva încheierii prin care judecătorul de drepturi și libertăți din cadrul Tribunalului București a dispus fată de el măsura arestului la domiciliu, la propunerea formulată de procuror în acest sens. În susţinerea contestaţiei, inculpatul a arătat că nu a fost prezent la termenul fixat pentru soluţionarea propunerii, nefiind legal citat. În cazul în care judecătorul de drepturi şi libertăţi de la Curtea de Apel București, care soluţionează contestaţia, constată că susţinerile inculpatului sunt reale:","A. va admite contestaţia, va desfiinţa încheierea atacată şi va proceda el însuşi la soluţionarea propunerii de luare a măsurii arestului la domiciliu
B. îşi va declina competenţa către judecătorul de drepturi şi libertăţi care a luat măsura arestului la domiciliu, dispunând ca acesta să soluționeze propunerea procurorului cu citarea legală a inculpatului
C. va admite contestaţia, va desfiinţa încheierea atacată şi va trimite cauza spre rejudecare",C
97.  Identificaţi ipotezele care sunt corecte în procedura specială a acordului de recunoaştere a vinovăţiei:,"A. este obligatorie recunoaşterea comiterii faptei şi acceptarea încadrării juridice pentru care a fost pusă în mişcare acţiunea penală, prin declaraţie expresă a inculpatului
B. limitele încheierii acordului de recunoaştere a vinovăţiei se stabilesc prin avizul prealabil şi scris al procurorului ierarhic superior
C. nu este posibilă lăsarea nesoluţionată a acţiunii civile de către instanţă",AB
98.  Sunt titulari ai apelului:,"A. procurorul, referitor la latura penală și latura civilă
B. organul de cercetare penală care a efectuat urmărirea penală
C. persoana vătămată, în ceea ce privește latura penală",AC
99.  Măsura preventivă:,"A. a reținerii se poate lua față de suspect sau inculpat, de către organul de cercetare penală sau de către procuror, numai în cursul urmăririi penale
B. a controlului judiciar pe cauțiune se poate lua față de suspect sau inculpat, în cursul urmării penale, de către procuror și de către judecătorul de drepturi și libertăți
C. a arestului la domiciliu se poate lua față de inculpat, în cursul urmăririi penale, de către procuror și de către judecătorul de drepturi și libertăți",A
"100.  Inculpatul M.M., judecător în cadrul tribunalului militar, cu gradul de colonel, a fost trimis în judecată pentru comiterea infracțiunii de amenințare, prevăzută de art. 206 CP. Instanța competentă să judece în primă instanță este:","A. curtea de apel
B. curtea militară de apel
C. Înalta Curte de Casaţie şi Justiţie",B
