1.  Incompatibilităţile prevăzute de lege în cazul avocaţilor:,"A. se verifică şi se constată, din oficiu sau la cerere, de comisia de disciplină a baroului
B. se verifică şi se constată, și din oficiu, de consiliul baroului
C. se verifică şi se constată, la cerere, de decanul baroului",B
"2.  Actele de constituire şi de înregistrare a barourilor din afara U.N.B.R. sunt, după caz:","A. nule de drept
B. anulabile, această anulare putând fi dispusă de către instanţa competentă
C. anulabile, această anulare putând fi dispusă şi de Consiliul U.N.B.R.",A
"3.  Exercitarea acţiunii disciplinare în cazul avocaţilor, potrivit legii:","A. este de competenţa decanului baroului din care fac parte avocaţii vizaţi de acţiunea disciplinară
B. este de competenţa Consiliului U.N.B.R. când acțiunea priveşte membrii Consiliului U.N.B.R.
C. este de competența Consiliului U.N.B.R. când acțiunea priveşte membrii consiliului baroului",B
"4.  Dacă, din orice motive, pe perioada stagiului, avocatul definitiv care încheie contractul de formare profesională iniţială nu-şi îndeplineşte obligaţiile asumate:
[GRILĂ ANULATĂ]","A. decanul baroului îi va solicita avocatului în cauză să depună un raport motivat asupra situaţiei intervenite
B. consiliul baroului îi va solicita avocatului în cauză să depună un raport motivat asupra situaţiei intervenite
C. decanul baroului va iniţia procedura disciplinară cu privire la avocatul în cauză dacă se constată că acesta, din rea-credinţă, nu şi-a îndeplinit obligaţiile asumate prin contractul încheiat cu avocatul stagiar",B
"5.  Este adevărat că, potrivit legii:","A. în cabinetul individual de avocatură îşi pot exercita profesia doi avocaţi definitivi titulari împreună cu avocați colaboratori sau salarizați în interiorul profesiei
B. cabinetele grupate pot avea şi proprietate comună
C. în situația în care societatea profesională cu răspundere limitată din avocatură se constituie din avocați care fac parte din alte forme de exercitare a profesiei, acestea din urmă vor intra, în toate cazurile, în procedură de lichidare",B
"6.  În cazul în care se acordă, potrivit legii, asistenţă judiciară gratuită:","A. aceasta poate fi retrasă, prin decizia consiliului baroului, dacă se dovedeşte că a fost obţinută prin fraudă
B. aceasta poate fi retrasă de decanul baroului, dacă starea de nevoie a solicitantului a încetat sau s-a ameliorat şi permite plata onorariului
C. avocatul desemnat să acorde asistență judiciară gratuită urmează să își îndeplinească însărcinarea în baza împuternicirii avocaţiale semnate de solicitant",B
"7.  În ceea ce priveşte principiile de exercitare a profesiei de avocat, este adevărat că:","A. avocatul nu răspunde penal, în nicio situaţie, pentru susţinerile făcute oral în faţa instanţelor de judecată
B. nimeni nu poate impune, unei persoane, în nicio situaţie, un anumit avocat
C. în exercitarea profesiei, avocatul nu poate fi supus niciunei restricţii sau presiuni din partea autorităţilor şi instituţiilor publice",C
8.  Obligaţia avocatului de a păstra secretul profesional:,"A. împiedică avocatul, în toate cazurile, să folosească informaţia cu privire la un fost client
B. revine şi persoanelor cu care avocatul conclucrează în exercitarea profesiei
C. este absolută, dar limitată în timp, până la finalizarea mandatului dat de client",B
"9.  Avocatul AA a fost sancţionat disciplinar, prin hotărâre disciplinară definitivă, cu interdicţia de a exercita profesia pe o perioadă de 6 luni. În perioada executării sancţiunii disciplinare privind interdicţia de a exercita profesia:","A. avocatul poate să participe la activitatea organelor profesiei
B. avocatul nu poate face uz de calitatea de avocat
C. avocatul nu poate presta asistenţă juridică, cu excepţia cazului în care a fost angajat de client anterior aplicării sancţiunii disciplinare",B
10.  Exercitarea profesiei de avocat este incompatibilă cu:,"A. ocupaţii care lezează bunele moravuri
B. calitatea de consilier în consiliile judeţene
C. calitatea de traducător autorizat, în condiţiile legii",A
"11.  Clientul AA formulează şi depune la barou o contestaţie privind onorariul avocaţial perceput de avocatul BB, în temeiul contractului de asistenţă juridică X/2018, motivat de faptul că avocatul în cauză nu s-a prezentat la niciun termen de judecată în cauza în care a fost angajat, deşi onorariul stabilit fusese plătit anticipat la semnarea contractului de asistenţă, situaţie care ar impune restituirea acestui onorariu. În acest caz, contestaţia clientului AA:","A. se soluţionează de consiliul baroului
B. se soluţionează, prin decizie, de comisia de disciplină a baroului, după ascultarea părţilor
C. se soluţionează în termen de cel mult 30 de zile de la data înregistrării",C
"12.  Spre deosebire de avocatul salarizat în interiorul profesiei, avocatul definitiv colaborator:","A. poate avea un client personal  în cadrul formei de exercitare a profesiei unde îşi desfăşoară activitatea
B. îşi poate exercita profesia într-un cabinet individual
C. îşi desfăşoară activitatea în baza unui contract încheiat în formă scrisă",A
13.  Cererea privind înfiinţarea unui sediul secundar al unui cabinet individual de avocatură:,"A. se aprobă de consiliul baroului în circumscripţia căruia există sediul principal al cabinetului individual
B. trebuie să cuprindă, printre altele, vechimea în profesie a avocaţilor care îşi vor desfăşura activitatea la sediul secundar
C. se soluţionează prin decizie care poate fi atacată, în toate situaţiile, la Consiliul U.N.B.R., în termen de 15 zile de la comunicare",B
14.  Contractul de asistenţă juridică încheiat între avocat şi client:,"A. este încheiat în formă scrisă, cerută ad validitatem
B. dobândește dată certă prin înregistrarea sa în registrul oficial de evidență al avocatului, chiar dacă a fost încheiat printr-un mijloc de comunicare la distanţă
C. nu poate fi încheiat în formă verbală",B
"15.  Avocatul, cu privire la cauza care i-a fost încredinţată de client:","A. nu poate fi ascultat ca martor și nu poate furniza relații, în nicio situaţie, niciunei autorități sau persoane
B. poate fi ascultat ca martor dacă are dezlegarea prealabilă, expresă sau tacită, din partea tuturor clienților săi interesați în cauză
C. este îndreptățit să se retragă imediat și să renunțe la asistarea și reprezentarea clientului în cazul în care acțiunile și scopurile acestuia, aparent legale la începutul asistenței și/sau al reprezentării, se dovedesc, pe parcursul acesteia, ca fiind infracționale",C
"16.  Este nedemn de a fi avocat, printre alţii:","A. cel care se găseşte în exerciţiul unei funcţii de demnitate publică
B. cel care exercită funcţia de rector al unei instituţii de învăţământ superior
C. cel în sarcina căruia s-a reţinut, în baza unei hotărâri judecătoreşti definitive, fapta de a fi exercitat sau sprijinit, sub orice formă, exercitarea fără drept de către o persoană a profesiei de avocat",C
17.  Executarea deciziilor disciplinare se face de către:,"A. consiliul baroului în care avocatul sancţionat este înscris
B. Consiliul U.N.B.R.
C. Comisia permanentă a U.N.B.R.",A
"18.  Avocatul AA i-a solicitat consiliului baroului din care face parte să ia act de împrejurarea că a optat pentru înfiinţarea unei societăţi civile profesionale de avocaţi, împreună cu avocatul BB, a cărui definitivare în profesie urmează să se producă în mai puţin de 30 de zile de la data înregistrării cererii de mai sus. Consiliul baroului sesizat, după caz:","A. va lua act de cererea avocatului AA, raportat la împrejurarea că unul dintre principiile organizării şi exercitării profesiei de avocat este cel al libertăţii alegerii formei de exercitare a profesiei
B. va aproba cererea avocatului AA, întemeindu-şi soluţia pe împrejurarea că definitivarea în profesia de avocat a avocatului BB urmează să aibă loc, cu certitudine, în mai puţin de 30 de zile de la data înregistrării acesteia
C. va respinge cererea avocatului AA, pe motivul că o societate civilă profesională de avocaţi nu poate fi înfiinţată decât prin asocierea a cel puţin doi avocaţi, definitivi la data încheierii contractului de societate",C
"19.  Justițiabilul AA a formulat cerere de ajutor public judiciar prin acordarea de asistență judiciară de către un avocat, pe care instanța i-a admis-o, solicitând desemnarea unui avocat în acest sens. Decanul baroului din raza teritorială a instanței l-a desemnat pe avocatul BB, înscris în registrul de asistență judiciară. AA a solicitat, însă, să fie desemnat avocatul CC care nu și-a dat acordul în acest sens; cererea de desemnare a lui CC a fost respinsă. Soluția de respingere a solicitării de desemnare a lui CC este:","A. nelegală, deoarece, potrivit legii, orice persoană are dreptul să își aleagă în mod liber avocatul
B. legală, deoarece CC nu și-a dat consimțământul în acest sens
C. nelegală, deoarece orice avocat înscris în barou este calificat pentru asigurarea asistenței judiciare",B
"20.  Divulgarea de către avocat, fără drept, a unei informații confidențiale, din sfera privată a clientului său, ori care privește un secret operațional sau comercial ce i-a fost încredințat în virtutea calității de avocat constituie, potrivit legii:","A. abatere disciplinară gravă
B. infracțiune și se pedepsește cu închisoare de la unu la cinci ani
C. motiv de suspendare din profesie",B
"21.  În materia prescripţiei:
[GRILĂ ANULATĂ]","A. părțile pot conveni ca termenul de prescripție al dreptului la acțiunea confesorie de superficie să fie de 20 de ani
B. clauza prin care părțile declară prescriptibil în termen de 10 ani dreptul la acțiunea confesorie de servitute este lovită de nulitate absolută
C. debitorul care a făcut plata de bunavoie, fără să știe că termenul de prescripție al dreptului la acțiune era împlinit, poate cere restituirea prestației de la creditor",B
"22.  Minorul R, în vârstă de 15 ani, era pus sub interdicție judecătorească și locuia în casa părintească cu tutorele său T, singura rudă rămasă după decesul părinț La data de 5 iulie 2019, într-o criză de furie, R l-a atacat pe T și i-a produs leziuni grave în zona capului, acesta din urmă fiind transportat de urgență la spital. Imediat după aceea, R a luat autoturismul proprietatea lui T și în timp ce conducea pe strada principală a intrat în coliziune pe contrasens cu un alt autoturism condus de V, producând avarierea autoturismelor în proporție de aproximativ 35% și vătămarea gravă a integrității corporale a lui V. În raport de situația descrisă:","A. R nu va răspunde pentru faptele sale ilicite, chiar dacă s-ar dovedi că a acționat cu discernământ
B. R poate fi obligat la o indemnizație către victimele faptelor sale, într-un cuantum echitabil, ținându-se seama de starea patrimonială a părților, dar numai dacă se dovedește că a avut discernământ
C. T ar putea fi exonerat de răspundere pentru fapta lui R față de victima V, dacă dovedește că fapta lui R se datorează altor cauze decât modului în care T și-a îndeplinit îndatoririle decurgând din exercițiul autorității părintești",C
"23.  La sărbătorirea majoratului lui F, fiul vecinului său, D i-a făcut o promisiune de donație în formă autentică cu privire la un apartament situat în Cluj, întrucât era atașat de acesta și ar fi dorit să-l stimuleze să urmeze cursurile unei facultăți în acel oraș. F a acceptat în formă autentică promisiunea și ulterior a realizat lucrări de amenajare a apartamentului în valoare de aproximativ 10.000 lei. După câteva luni de la terminarea liceului, F a plecat în Franța unde și-a găsit un loc de muncă. D este nemulțumit de întreaga situație, cu atât mai mult cu cât nu se aștepta ca F să nu-și continue studiile în Cluj. Pentru acest motiv, D este tentat să vândă apartamentulul unui terț. În raport de situația descrisă:","A. promisiunea de donație se revocă de drept, ca urmare a neexecutării sarcinii de către F
B. dacă D vinde apartamentul, F poate cere rezoluțiunea contractului de vânzare pentru încălcarea clauzei de inalienabilitate
C. dacă D nu execută promisiunea, F poate pretinde de la acesta daune interese reprezentând cheltuielile făcute cu amenajarea apartamentului",C
24.  Care dintre enunțurile de mai jos nu este corect din punct de vedere legal:,"A. în caz de neînțelegere între părți la răscumpărarea servituții de trecere, instanța poate suplini consimțământul proprietarului fondului aservit
B. dreptul de superficie constituit pe o durată de 99 de ani poate fi reînnoit la împlinirea acestui termen
C. uzufructuarul are dreptul de a arenda bunul primit în uzufruct",A
"25.  În cazul răspunderii delictuale, ca și în cazul celei contractuale, ca regulă:","A. autorul răspunde numai pentru prejudiciile pe care le-a prevăzut
B. prejudiciul se repară integral
C. moștenitorii victimei pot cere, după moartea acesteia, repararea prejudiciului nepatrimonial constând în restrângerea posibilităţilor de viaţă socială suferit de victimă prin fapta ilicită",B
"26.  Prin acțiunea introdusă la data de 10 iunie 2018 pe rolul Judecătoriei Timișoara, reclamantul R l-a chemat în judecată pe pârâtul P pentru ca, prin hotărârea ce se va pronunța, să se dispună obligarea pârâtului la restituirea în deplină proprietate și posesie a terenului în suprafață de 2000 mp situat în Timiș La data de 30 august 2018, prin contractul de vânzare încheiat între P și J, a fost transferat dreptul litigios asupra terenului cu un preț avantajos către J, acesta din urmă fiind judecător la Judecătoria Timișoara și promitent cumpărător în promisiunea bilaterală de vânzare încheiată la data de 10 februarie 2018 cu P. În raport de această situație, contractul de vânzare este:","A. lovit de nulitate absolută pentru incapacitatea lui J de a dobândi dreptul litigios
B. valabil încheiat
C. anulabil pentru leziune",B
"27.  La data de 5 aprilie 2019, a fost încheiat un contract între societățile C SRL și D SRL pentru livrarea unor materiale de construcţie la patru termene precis stabilite, a căror respectare era de esenţa contractului. În contract s-a stipulat un pact comisoriu în sensul că, pentru neîndeplinirea obligației de livrare a primei cantități de materiale, în valoare totală de 500.000 lei, la data de 15 mai 2019, contractul se reziliază de drept, D SRL fiind considerat de drept în întârziere. În fapt, D SRL nu a livrat materialele la termenul convenit. Deşi la data de 20 mai 2019 C SRL a notificat debitoarea cu privire la desființarea de drept a contractului la termenul încălcat, D SRL a livrat totuși cantitatea de materiale la data de 25 mai 2019. Totodată, a trimis şi factura către C SRL pentru plata preţului materialelor în termen de 3 zile, sub sancţiunea plăţii unor penalități de 0,5% din suma datorată pe zi de întârziere. Întrucât intenționează să livreze o altă cantitate de materiale, dar C SRL se află în întârziere cu plata facturii mai bine de 2 luni de la data scadenței, D SRL poate:","A. să invoce excepția de neexecutare a contractului
B. să obțină obligarea lui C SRL la plata prețului materialelor şi a penalităţilor de întârziere
C. să obțină restituirea materialelor livrate de la C SRL",C
"28.  În materia imputației plății făcută de debitor, acesta are dreptul să impute plata asupra unei datorii care nu este exigibilă cu preferință față de o datorie scadentă:","A. fără acordul creditorului
B. la propria alegere, dacă datoria s-a născut anterior celei scadente
C. atunci când s-a prevăzut că poate plăti anticipat",C
"29.  Întrucât R avea o datorie personală la C, în sumă de 25.000 lei, pe care nu ar fi putut să o restituie la data scadenței, 10 iulie 2015, P, proaspătul soț al acesteia, a achitat datoria către creditor, pentru a-și dovedi sentimentele faţă de R şi având acordul acesteia. C a primit plata cu bună – credință, mai ales că P menționase că achitarea datoriei ar fi un cadou pentru soția lui. La data de 1 octombrie 2018, P şi R s-au separat în fapt din cauze imputabile exclusiv lui R. În raport de această situație, P poate obține restituirea sumei:","A. de la C, în temeiul plății nedatorate
B. de la R, în temeiul îmbogățirii fără justă cauză
C. de la R prin revocarea donației",C
30.  Care dintre enunțurile de mai jos nu este corect din punct de vedere legal:,"A. debitorul răspunde, de la data punerii în întârziere, pentru orice pierdere cauzată de un caz fortuit, chiar și în situația în care cazul fortuit îl liberează pe debitor de executarea obligației
B. stipulația prin care creditorul este exonerat de a face dovada cazurilor în care debitorul se află de drept în întârziere este considerată nescrisă
C. notificarea de punere în întârziere a unui codebitor solidar produce efecte și față de ceilalți",A
"31.  La data de 1 aprilie 2017, arhitectul W a încheiat un contract de locațiune cu L pentru un spațiu locativ situat la parterul unui imobil, cu scopul desfășurării activității profesionale a unui cabinet de arhitectură pentru care W era înregistrat ca persoană fizică autorizată. Conform voinței exprese a părților, contractul a fost încheiat pe durată nedeterminată și înregistrat la Administrația financiară. Întrucât afacerea nu a mers foarte bine, la data de 1 aprilie 2018, W a încetat să mai plătească chiria și a eliberat spațiul închiriat. În raport de această situație:","A. locațiunea se consideră încheiată la expirarea termenului de un an de la data încheierii contractului
B. L poate să pună în executare silită contractul pentru plata chiriei
C. W putea oricând să înceteze executarea contractului, întrucât era încheiat pe durată nedeterminată",B
"32.  Prin contractul de întreținere încheiat în formă autentică la data de 20 septembrie 2017, F s-a obligat față de G să-i asigure întreținerea pentru toată durata vieții în schimbul transferului dreptului de proprietate asupra unui teren, proprietatea lui G, și a obligației acestuia din urmă de a cultiva terenul și a valorifica recolta în favoarea lui F. După încheierea contractului, F și-a îndeplinit corespunzător obligația de întreținere, spre deosebire de G care nu a prestat activitățile la care se obligase. În raport de această situație:","A. F poate să invoce excepția de neexecutare a contractului
B. contractul de întreținere este lovit de nulitate absolută
C. clauza prin care G se obligă să presteze servicii în favoarea lui F este considerată nescrisă",C
33.  Renunțarea la moștenire:,"A. poate fi revocată numai la cererea creditorilor succesibilului renunțător în termenul general de prescripție
B. poate fi prezumată, în anumite condiţii
C. este irevocabilă din partea renunțătorului",B
34.  În materia mandatului:,"A. răspunderea mandanților față de mandatar este solidară, dacă mandatul a fost dat aceluiași mandatar pentru o afacere comună
B. mandatul dat de mai multi mandanți aceluiași mandatar pentru o afacere comună poate fi revocat de oricare dintre ei
C. mandatul continuă față de mandatarii obligați să lucreze împreună, chiar dacă unul dintre ei a decedat",A
35.  Care dintre enunțurile de mai jos nu este corect din punct de vedere legal:,"A. dacă un contract este menținut în parte, ca efect al nulității parțiale, clauzele nule sunt înlocuite de drept cu dispozițiile legale aplicabile
B. dreptul de a denunța unilateral un contract încheiat pe durată nedeterminată poate fi exercitat de oricare dintre părți, cu respectarea unui termen rezonabil de preaviz
C. în cazul nulității unui act juridic cu executare succesivă, partea care a primit o prestație în temeiul acestui act nu este obligată la restituire",C
"36.  X i-a vândut lui Y un ceas unicat cu prețul de 250.000 lei care urma să fie plătit în 10 rate lunare egale. Predarea bunului către cumpărător a avut loc la data încheierii contractului, stabilindu-se că X își rezerva proprietatea bunului până la plata integrală a preț Y nu a achitat ultima rată a prețului. În această situație X poate pretinde:","A. executarea obligației de plată a ratei neachitate și dobânda prevăzută în contract, chiar dacă bunul pierise fortuit anterior scadenței ultimei rate a prețului
B. rezoluțiunea contractului și obligarea lui Y la restituirea ceasului și la plata unei sume cu titlu de daune-interese, inclusiv o compensație echitabilă pentru folosirea ceasului de către Y
C. rezoluțiunea contractului și păstrarea de către X a sumelor încasate cu titlu de rate ale prețului, cu excepția ipotezei în care s-a convenit altfel în contract",A
37.  Preluarea de datorie:,"A. convenită cu debitorul poate produce efecte și fară acordul creditorului
B. nu liberează pe debitorul inițial dacă noul debitor era insolvabil la data când a preluat datoria, iar creditorul a consimțit la preluare, fară a cunoaște insolvabilitatea noului debitor
C. nu are niciun efect asupra existenței garanțiilor creanței constituite de terți, chiar dacă aceștia nu și-au dat acordul la preluare",B
38.  În cazul în care într-un contract a fost inserată o clauză penală:,"A. debitorul se poate libera oferind prestația stabilită în clauza penală
B. creditorul nu poate cere atat executarea obligației principale cât și a penalității stabilită pentru întarziere dacă accepta, fără rezerve, executarea obligației
C. instanța poate reduce penalitatea numai în cazul în care este vădit excesivă față de prejudiciul ce putea fi prevăzut de părți la încheierea contractului",B
39.  Reducțiunea liberalităților excesive:,"A. poate fi cerută numai de către moștenitorii rezervatari
B. ca regulă, se realizează prin echivalent
C. poate fi invocată oricând pe cale de excepție",C
40.  Decăderea unui debitor din beneficiul termenului care afectează obligația:,"A. face ca obligația să devină de îndată exigibilă
B. este opozabilă celorlalți codebitori, dacă răspunderea lor este solidară
C. poate fi cerută atunci când debitorul nu satisface o condiție considerată esențială de creditor la data încheierii contractului, chiar dacă nu s-a stipulat expres în contract despre caracterul esențial al condiției",A
41.  În cazul unei cereri de chemare în judecată îndreptate împotriva unei persoane juridice de drept privat care are un dezmembrământ fără personalitate juridică:,"A. competenţa teritorială, în toate cazurile, aparţine alternativ instanţei de la sediul principal al persoanei juridice sau instanţei locului unde ea are dezmembrământul fără personalitate juridică
B. competenţa teritorială este alternativă în cazul în care cererea de chemare în judecată are ca obiect obligaţii care izvorăsc din acte încheiate prin reprezentantul dezmembământului ori din fapte săvârşite de acesta
C. competenţa teritorială aparţine, în toate cazurile, exclusiv instanţei de la de la sediul principal al persoanei juridice",B
"42.  Spre deosebire de abţinere, recuzarea:","A. se poate face verbal în şedinţa de judecată sau în scris
B. se soluţionează prin încheiere care se pronunţă în şedinţă publică
C. nu determină suspendarea judecăţii cauzei",C
"43.  AA, în calitate de reclamant, formulează o cerere de chemare în judecată, în contradictoriu cu pârâtul BB. La primul termen de judecată se prezintă reclamantul AA şi lipseşte pârâtul BB. Din înscrisurile aflate la dosarul cauzei rezultă că pârâtul BB nu fusese legal citat. În acest caz, în lipsa pârâtului BB:","A. neregularitatea privind procedura de citare a pârâtului BB poate fi invocată şi de reclamantul AA, precum şi de instanţă din oficiu
B. neregularitatea privind procedura de citare a pârâtului BB poate fi invocată de instanţă din oficiu, în orice stare a pricinii
C. neregularitatea privind procedura de citare a pârâtului BB poate fi invocată de reclamantul AA până cel mai târziu la termenul imediat următor primului termen de judecată",A
"44.  Intervine sancţiunea anulării cererii de chemare în judecată, în procedura regularizării, dacă:","A. lipsesc motivele de fapt ale cererii
B. dacă reclamanţii nu şi-au îndeplinit obligaţia de a desemna un reprezentant comun, atunci când legea impune o asemenea conduită
C. dacă reclamantul nu face dovada îndeplinirii procedurii prealabile impuse de o normă imperativă",A
"45.  Instanţa de judecată, cu privire la excepţiile procesuale invocate, poate pronunţa următoarele soluţii:","A. dacă excepţia procesuală invocată este întemeiată, instanţa o va admite, pronunţând în toate cazurile, o încheiere cu caracter interlocutoriu
B. dacă excepţia procesuală invocată este neîntemeiată, instanţa o va respinge printr-o încheiere interlocutorie
C. dacă excepţia procesuală invocată este întemeiată, instanţa o va admite, pronunţând o încheiere preparatorie atunci când constată perimată cererea de chemare în judecată",B
"46.  Asemănător renunţării la judecată, în cazul renunţării la dreptul subiectiv pretins:","A. instanţa va pronunţa o hotărâre care este supusă, în toate cazurile recursului
B. dacă renunţarea este făcută în instanţa de apel , hotărârea primei instanţe va fi anulată în tot sau în parte, în măsura renunţării, iar cererea se va respinge pe fond
C. aceasta se poate face şi verbal în şedinţa de judecată",C
47.  Termenul de exercitare a revizuirii curge de la:,"A. data rămânerii definitive a primei hotărâri atunci când revizuirea se exercită pentru existenţa unor hotărâri definitive potrivnice
B. data pronunţării hotărârii în cazul în care revizuirea se exercită pentru motivul că instanţa s-a pronunţat asupra unor lucruri care nu s-au cerut
C. cel din urmă act de executare când revizuirea a fost cerută pentru motivul că obiectul pricinii nu se află în fiinţă",C
"48.  În procedura necontencioasă judiciară, ca regulă:","A. încheierea prin care se încuviinţează cererea este supusă numai recursului, cu excepţia celei pronunţate de un complet al ÎCCJ, care este definitivă
B. încheierea prin care se încuviinţează cererea este executorie numai după rămânerea definitivă a acesteia
C. instanţa se pronunţă în raport cu toate împrejurările de fapt şi de drept ale cauzei, chiar dacă nu au fost invocate în cerere sau pe parcursul procedurii",C
"49.  Cererea de ordonanţă preşedinţială este, potrivit Codului de procedură civilă, de competenţa:","A. instanţei de apel, dacă litigiul pe fondul cauzei se află în apel
B. judecătoriei, în toate cazurile în care nu există un litigiu pendente, pe fondul cauzei
C. instanţei competente să se pronunţe primă instanţă asupra fondului dreptului în cazul în care litigiul, pe fondul cauzei, se află în rejudecarea în fond, după casarea cu reţinere",C
50.  În materia procedurii ordonanţei de plată:,"A. cererea de ordonanţă de plată este de competenţa judecătoriei, indiferent de valoarea obiectului cererii
B. debitorul-pârât este obligat să depună întâmpinare cu cel puţin 3 zile înaintea termenului de judecată
C. dacă este cazul, instanţa va pronunţa o hotărâre de expedient, supusă numai recursului, prin care ia act de înţelegerea părţilor, în cazul în care creditorul şi debitorul ajung la o înţelegere asupra plăţii",B
"51.  Cererea de încuviinţare a executării silite, adresate instanţei de executare competente:","A. se poate face de executorul judecătoresc sau de creditor, în cazul în care executorul judecătoresc refuză nejustificat sesizarea instanţei de executare
B. se soluţionează, prin încheiere, dată în camera de consiliu, fără citarea părţilor
C. se soluţionează prin încheiere care, în caz de respingere, poate fi atacată numai cu apel, de creditor sau de executorul judecătoresc",B
"52.  În ceea ce priveşte prescripţia dreptului de a obţine executarea silită, este adevărat că:","A. instanţa de executare nu poate invoca, din oficiu, prescripţia dreptului de a obţine executarea silită, în cursul derulării acesteia
B. aceasta se întrerupe dacă executarea silită s-a perimat
C. instanţa de executare competentă va respinge cererea de încuviinţare a executării silite după împlinirea termenului de prescripţie",A
53.  Suspendarea executării silite până la soluţionarea contestaţiei la executare:,"A. se dispune prin încheiere care poate fi atacată numai cu apel, în mod separat, în termen de 5 zile, termen care curge de la comunicarea încheierii, pentru partea prezentă
B. este obligatorie, cauţiunea nefiind necesară, dacă înscrisul care se execută a fost declarat fals printr-o hotărâre judecătorească dată în primă instanţă
C. se dispune, în caz de admitere, prin încheiere care se comunică executorului judecătoresc, la cererea debitorului",B
54.  În ceea ce priveşte chemarea în judecată altor persoane:,"A. terţul poate fi introdus în proces şi de intervenientul principal, devenit parte, ca urmare admiterii în principiu a cererii de intervenţie
B. aceasta trebuie făcută de reclamant până la închiderea dezbaterilor, înaintea primei instanţe
C. terţul chemat în judecată prin intermediul acestei cereri de intervenţie dobândeşte poziţia procesuală de pârât, iar hotărârea îşi va produce efectele şi în privinţa sa",A
55.  Este adevărat că:,"A. dacă prin cererea de chemare în judecată s-a solicitat anularea unui contract, în apel, se poate cere, pentru prima oară, repunerea părţilor situaţia anterioară încheierii contractului prin restituirea prestaţiilor executate
B. dacă pârâtul a fost obligat, prin hotărârea judecătorească de primă instanţă, să plătească reclamantului o sumă de bani, precum şi dobânda aferentă acesteia, apelul său referitor la inexistenţa obligaţiei de plată principală a sumei de bani se va extinde şi în privinţa obligării la plata dobânzii
C. reclamantul care a revendicat un imobil în calitate de moştenitor are dreptul să susţină, direct în apel, că a dobândit bunul în calitate de cumpărător",B
"56.  Prin cererea de chemare în judecată, reclamantul AA a solicitat în contradictoriu cu pârâtul BB, constatarea nulității absolute a contractului de vânzare a unui utilaj agricol și repunerea părților în situația anterioară în sensul restituirii de către pârâtul-vânzător a ratei din preț încasate, în valoare de 100.000 lei. Având în vedere că valoarea totală a contractului de vânzare este de 230.000 lei:","A. competența materială de a judeca cererea de chemare în judecată va reveni tribunalului
B. competența materială de a judeca cererea de chemare în judecată va reveni judecătoriei, deoarece suma efectiv pretinsă este sub 200.000 lei
C. cele două capete de cerere vor fi disjunse deoarece atrag competența materială a unor instanțe de grad diferit",A
57.  Nulitatea actului de procedură:,"A. poate fi invocată de orice parte din proces, indiferent dacă că este caz de nulitate absolută sau relativă
B. are drept efect desființarea actului în tot sau în parte de la data constatării nulității
C. nu este condiționată de vreo vătămare în cazul în care se încalcă dispozițiile legale referitoare la constituirea instanței",C
"58.  Între persoana AA, cu domiciliul în Craiova, în calitate de creditor și persoana BB, cu domiciliul în București, în calitate de debitor, s-a încheiat un contract de împrumut sub semnătură privată pentru suma de 70.000 lei care nu este titlu executoriu potrivit legii. Ulterior, debitorul a constituit o ipotecă, prin contract încheiat în formă autentică, asupra unui tablou depozitat într-o galerie de artă din Brașov, pentru a-i garanta creditorului executarea obligaț În caz de neplată, la scadență, a sumei împrumutate:","A. executorul judecătoresc sesizat de creditorul AA, va refuza deschiderea procedurii de executare împotriva debitorului BB, motivat de faptul că pentru a se recunoaşte executorialitatea contractului de ipotecă, contractul principal de împrumut trebuie să fie el însuşi titlu executoriu potrivit legii
B. este posibilă executarea silită a creanței garantate prin contract de ipotecă valabil încheiat, chiar dacă dreptul de creanţă însuşi nu este constatat printr-un înscris care să constituie titlu executoriu
C. cererea de executare silită este de competența exclusivă a executorilor judecătorești din circumscripția Curții de apel Brașov",B
"59.  În cazul în care partea a depus cererea de chemare în judecată prin mandatar şi şi-a ales domiciliul la mandatarul său, arătându-l pe acesta ca persoană însărcinată cu primirea actelor de procedură, iar mandatarul a semnat de primirea citației pentru un termen de judecată:","A. partea nu va mai fi citată în tot cursul judecății la acea instanță, chiar dacă nu se înfățișează la termenul pentru care a fost citată, afară de cazul în care prin lege se prevede altfel
B. partea trebuie să fie citată pentru termenele ulterioare dacă nu se înfățișează la termenul pentru care a fost citată
C. partea care se înfățișează înaintea instanței la termenul pentru care a fost citată nu va mai fi citată în tot cursul procesului, inclusiv în căile de atac",A
"60.  AA, în calitate de reclamant, introduce prin mandatar neavocat MM, în contradictoriu cu pârâtul BB, o cerere de chemare în judecată prin care solicită lăsarea în deplină proprietate și pașnică folosință imobilul situat la adresa Y. La cerere nu se anexează și înscrisul doveditor al calității de mandatar neavocat a lui MM. După comunicarea cererii de chemare în judecată, pârâtul BB:","A. este obligatoriu să invoce prin întâmpinare excepția lipsei dovezii calității de reprezentant pentru a evita sancțiunea decăderii, excepția fiind de ordine privată
B. este în drept să invoce excepția lipsei dovezii calității de reprezentant în tot cursul judecății în primă instanță, cât și direct în calea de atac
C. este în drept să invoce excepția lipsei dovezii calității de reprezentant în tot cursul judecății în primă instanță",C
61.  Dispozițiile privind legea penală mai favorabilă intervenită până la judecarea definitivă a cauzei:,"A. nu pot fi aplicate ordonanțelor de urgență aprobate de Parlament
B. pot fi aplicate actelor normative declarate neconstituționale
C. nu pot fi aplicate incriminărilor din legi speciale",B
62.  Poate reprezenta o cauză justificativă:,"A. consimțământul persoanei vătămate
B. excesul neimputabil
C. cazul fortuit",A
"63.  Dacă pentru două infracțiuni aflate în concurs, instanța a stabilit o pedeapsă cu închisoarea și o pedeapsă cu amenda, pedeapsa ce se va aplica inculpatului (pedeapsa rezultantă) va fi:","A. pedeapsa cea mai grea, respectiv pedeapsa cu închisoarea
B. pedeapsa cu închisoarea, la care se adaugă o treime din pedeapsa amenzii
C. pedeapsa cu închisoarea, la care se adaugă în întregime pedeapsa amenzii",C
"64.  Inculpatul a fost condamnat definitiv pentru o faptă comisă cu intenție la pedeapsa de un an închisoare. Înainte de executarea pedepsei, în baza unor rezoluții infracționale distincte, timp de o lună, în zile diferite, inculpatul a sustras diverse bunuri din locuințele mai multor persoane. În cauză:","A. sunt incidente dispozițiile privind recidiva
B. sunt incidente dispozițiile privind unitatea infracțiunii continuate
C. sunt incidente dispozițiile privind pluralitatea intermediară",C
65.  Constituie circumstanțe atenuante legale:,"A. eforturile depuse de infractor pentru înlăturarea sau diminuarea consecințelor infracțiunii
B. împrejurările legate de fapta comisă, care diminuează gravitatea infracțiunii
C. depășirea limitelor stării de necesitate",C
"66.  Cu respectarea tuturor celorlalte condiții prevăzute de lege, suspendarea executării pedepsei sub supraveghere poate fi dispusă dacă:","A. pedeapsa aplicată inculpatului este numai amenda
B. pedeapsa aplicată inculpatului este închisoarea de cel mult trei ani, indiferent de limitele prevăzute de lege pentru infracțiunea comisă
C. pedeapsa aplicată inculpatului este închisoarea de cel mult trei ani, dar numai în condițiile în care pedeapsa prevăzută de lege pentru fapta comisă este mai mică de 7 ani",B
67.  În cazul răspunderii penale a persoanei juridice:,"A. este posibil ca elementele constitutive ale infracțiunii să fie întrunite în cazul acesteia, dar să nu fie întrunite în cazul persoanei fizice (autorul material)
B. aceasta poate fi angajată și în cazul autorităților publice
C. aceasta nu se aplică în niciun caz instituțiilor publice",A
68.  Constituie infracțiune:,"A. comiterea unei fapte constând într-o acțiune, cu intenție, dacă legea care incriminează fapta respectivă nu specifică în mod expres forma de vinovăție cu care trebuie comisă fapta
B. comiterea unei fapte constând într-o acțiune, din culpă, dacă legea care incriminează fapta respectivă nu specifică în mod expres forma de vinovăție cu care trebuie comisă fapta
C. comiterea unei fapte constând într-o inacțiune, din culpă, dacă legea care incriminează fapta respectivă nu specifică în mod expres forma de vinovăție cu care trebuie comisă fapta",A
69.  Măsura de siguranță a confiscării speciale poate fi luată:,"A. doar dacă instanța constată existența unei stări de pericol pentru făptuitor
B. doar dacă făptuitorului i se aplică o pedeapsă
C. față de persoana care a comis o faptă prevăzută de legea penală, nejustificată",C
"70.  X a fost condamnat definitiv pentru comiterea infracțiunii de viol care a avut ca urmare moartea victimei. La scurtă vreme după ce X a fost reabilitat, acesta comite o infracțiune de omor pentru care este judecat. În cauză:","A. nu sunt incidente dispozițiile privind omorul calificat prevăzute de art. 189 alin. (1) lit. e) C.pen. (omorul comis de către o persoană care a mai comis anterior o infracțiune de omor sau o tentativă la infracțiunea de omor)
B. sunt incidente dispozițiile privind omorul calificat prevăzute de art. 189 alin. (1) lit. e) C.pen., dar nu și cele privind recidiva
C. sunt incidente atât dispozițiile privind omorul calificat prevăzute de art. 189 alin. (1) lit. e) C.pen., cât și cele privind recidiva",A
"71.  În urma unei altercații avute cu victima, inculpatul a constrâns-o pe aceasta să se arunce din trenul aflat în miș În urma impactului cu solul, victima a suferit leziuni care i-au pus în primejdie viața. În sarcina inculpatului se va reține:","A. infracțiunea de determinare sau înlesnire a sinuciderii, în varianta atenuată – când actele de determinare au fost urmate de o încercare de sinucidere
B. infracțiunea de vătămare corporală în varianta punerii în primejdie a vieții persoanei
C. tentativă la infracțiunea de omor comisă prin folosirea energiei fizice a victimei",C
"72.  După ce a consumat băuturi alcoolice într-un bar, ajungând într-o stare avansată de ebrietate, inculpatul a intrat într-o altercație cu două persoane cărora le-a aplicat mai multe lovituri cu pumnii. În cauză:","A. se va reține o singură infracțiune de lovire sau alte violențe în formă continuată
B. se vor reține două infracțiuni de lovire sau alte violențe în concurs
C. va fi incidentă cauza de neimputabilitate prevăzută de art. 29 C.pen. (intoxicația), deoarece inculpatul a acționat din cauza intoxicării cu alcool",B
"73.  Prin constrângere fizică, inculpatul a întreținut un raport sexual cu victima. În urma violențelor aplicate victimei, în scopul întreținerii raportului sexual, aceasta a suferit leziuni pentru vindecarea cărora au fost necesare 90 de zile de îngrijiri medicale. În cauză se va reține:","A. o infracțiune de viol în varianta tip, prevăzută de art. 218 alin. (1) C.pen., în concurs cu infracțiunea de lovire sau alte violențe prevăzută de art. 193 C.pen
B. o infracțiune de viol în varianta agravată prevăzută de art. 218 alin. (3) lit. e) C.pen. (fapta a avut ca urmare vătămarea corporală)
C. o infracțiune de viol în varianta tip prevăzută de art. 218 alin. (1) C.pen.",C
"74.  Inculpatul a pătruns fără drept într-o locuință, de unde a sustras mai multe bunuri. S-a constatat ulterior că unele bunuri aparțineau proprietarului locuinței, iar altele unei alte persoane ce locuia acolo cu chirie. În speță, încadrarea corectă va fi:","A. o infracțiune de furt calificat
B. două infracțiuni de furt calificat
C. o infracțiune de furt și o infracțiune de violare de domiciliu",A
"75.  X și Y se înțeleg să o deposedeze pe victimă de geanta pe care o ținea în mână. În acest sens X încearcă să smulgă geanta victimei dar, nereușind, începe să o lovească pe aceasta cu pumnii. În urma loviturilor primite victima scapă geanta din mână, iar Y și-o însușește și ambii făptuitori părăsesc împreună, în fugă, locul faptei. În cauză se va reține:","A. coautorat la infracțiunea de tâlhărie, în sarcina ambilor făptuitori
B. tentativă la infracțiunea de tâlhărie pentru X și infracțiunea de furt pentru Y
C. infracțiunea de lovire și alte violențe pentru X și infracțiunea de furt pentru Y",A
"76.  X intră într-un magazin de încălțăminte și, sub pretextul că vrea să cumpere o pereche de pantofi, probează mai multe modele. La un moment dat, profitând de neatenția vânzătoarei, X a fugit din magazin cu perechea de pantofi pe care o proba. În speță se va reține:","A. infracțiunea de abuz de încredere
B. infracțiunea de înșelăciune
C. infracțiunea de furt",C
"77.  Pentru existența infracțiunii de inducere în eroare a organelor judiciare, sesizarea făcută prin denunț sau plângere:","A. trebuie să se refere exclusiv la existența unei fapte prevăzute de legea penală ori la săvârșirea unei asemenea fapte de către o anumită persoană
B. se poate referi și la comiterea unui delict civil
C. se poate referi și la săvârșirea unei contravenții",A
"78.  Pe parcursul lunii februarie 2018, inculpatul X, prin acte materiale distincte, dar în baza aceleiași rezoluții, a întocmit în fals facturi fiscale și chitanțe în baza cărora a vândut drujbe către numiții A, B și C. Aceștia au declarat că nu se constituie parte civilă, întrucât nu li s-a produs vreo pagubă, fiind mulțumiți de calitatea obiectelor pe care le-au achiziționat, pe care le folosesc și în prezent. Fapta comisă de inculpatul X constituie:","A. infracțiunile de fals intelectual, uz de fals și înșelăciune, toate comise în concurs real
B. infracțiunea de fals material în înscrisuri sub semnătură privată comisă în formă continuată
C. trei infracțiuni de fals material în înscrisuri sub semnătură privată, în concurs real",B
79.  Nu poate fi autor al infracțiunii de luare de mită:,"A. medicul angajat cu contract de muncă într-o clinică privată
B. expertul tehnic judiciar
C. avocatul",C
"80.  În cazul în care s-a comis o infrac
        ț
        iune de abandon de familie:","A. instanța nu poate dispune amânarea aplicării pedepsei dacă nu sunt îndeplinite condițiile prevăzute de lege pentru aceasta, chiar dacă inculpatul își îndeplinește obligațiile până la rămânerea definitivă a hotărârii de condamnare
B. fapta nu se pedepsește dacă inculpatul își îndeplinește obligațiile de întreținere restante până la primul termen de judecată
C. fapta nu se pedepsește dacă inculpatul își îndeplinește obligațiile de întreținere restante până la terminarea urmăririi penale",C
81.  La judecata în primă instanţă:,"A. cercetarea judecătorească începe întotdeauna cu audierea inculpatului
B. cercetarea judecătorească începe când cauza se află în stare de judecată
C. ordinea în care se desfăşoară cercetării judecătoreşti prevăzută în lege nu poate fi schimbată indiferent de motiv de instanţa de judecată",B
82.  Hotărârea instanţei este o sentinţă în cazul în care:,"A. prima instanţă se dezinvestește fără a soluţiona cauza
B. instanţa se pronunţă asupra recursului în interesul legii, sentinţa fiind în acest caz fiind definitivă
C. instanţa competentă se pronunţă asupra apelului",A
83.  La judecarea apelului:,"A. instanţa de apel nu poate da o nouă apreciere probelor deja administrate în cauză
B. se aplică numai regulile de procedură prevăzute expres în lege privind judecarea apelului
C. instanţa verifică hotărârea atacată atât pe baza lucrărilor şi a materialului din dosar, cât şi a oricăror probe administrate în faţa instanţa de apel",C
84.  Începerea urmăririi penale cu privire la faptă:,"A. se poate dispune şi de către organul de cercetare penală, însă ordonanţa acestuia este supusă ulterior confirmării procurorului
B. nu se poate dispune, dacă nu sunt îndeplinite condiţiile  de fond şi formă esenţiale ale sesizării
C. se dispune de organul de urmărire penală întotdeauna înaintea punerii în mişcare a acţiunii penale, prin rezoluţie sau ordonanţă motivată",B
85.  În cauzele în care inculpatul este minor:,"A. organul de urmărire penală este obligat să solicite efectuarea referatului de evaluare, pentru ca actul să poată fi evaluat de procuror la rezolvarea cauzei
B. aceste cauze se judecă potrivit regulilor de competenţă obişnuite
C. în cazul în care s-a luat de instanţă faţă de minor măsura educativă a internării într-un centru educativ, executarea acesteia nu poate fi amânată sau întreruptă, în condiţiile legii procesual penale",B
"86.  Procurorul, potrivit competenţelor prevăzute de lege în faza urmăririi penale:","A. dacă încheie un acord de recunoaşterea vinovăţiei cu inculpatul, nu va mai întocmi rechizitoriu, dispune prin ordonanţă trimiterea acordului cât şi a dosarului cauzei, instanţei de judecată
B. rezolvă cauzele penale prin ordonanţă sau rechizitoriu
C. are competenţa exclusivă de a pune în mişcare acţiunea penală cât şi de a dispune extinderea urmăririi penale, în toate cazurile",B
87.  În cazul în care procurorul dispune renunţarea la urmărirea penală:,"A. soluţia poate fi dispusă numai după punerea în mişcare a acţiunii penale
B. ordonanţa prin care s-a dispus soluţia este verificată sub aspectul legalităţii şi temeiniciei de prim-procurorul parchetului
C. încheierea prin care judecătorul de cameră preliminară, în procedura de confirmarea soluţiei a dispus desfiinţarea acesteia şi trimiterea cauzei la procuror pentru completarea urmăririi penale, este supusă contestaţiei, care nu are însă efect suspensiv",B
88.  Revocarea măsurii preventive se dispune dacă:,"A. procurorul a rezolvat cauza printr-o soluţie de netrimitere în judecată
B. instanţa constată în cursul judecăţii faptul că au încetat temeiurile care au determinat-o
C. instanţa a pronunţat încetarea procesului penal",B
89.  Referitor la retragerea apelului:,"A. poate fi retras numai până la terminarea cercetării judecătoreşti la instanţa de apel
B. declaraţia de retragere se poate face fie la instanţa a cărei hotărâre a fost atacată, fie la instanţa de apel
C. apelul declarat de procuror nu poate fi retras în nicio situaţie",B
90.  În cazul disjungerii acţiunii civile în procesul penal:,"A. disjungerea se dispune de instanţa penală prin încheiere, care poate fi atacată cu contestaţie în 24 de ore de la pronunţare
B. probele administrate până la disjungere nu pot fi folosite de instanţă la soluţionarea acţiunii civile disjunse
C. disjungerea se dispune de instanţă din oficiu, la cererea părţilor sau a procurorului",C
91.  Potrivit regulilor de competenţă:,"A. tribunalul judecă în primă instanţă infracţiunile date potrivit legii în competenţa sa, soluţionează conflicte de competenţă ivite între judecătoriile din circumscripţia sa, contestaţiile formulate împotriva hotărârilor pronunţate de judecătorie în cazurile prevăzute de lege
B. judecătoria judecă în primă instanţă toate infracţiunile, însă soluţionează şi alte cauze date anume în competenţa sa potrivit legii
C. curtea de apel soluţionează , apeluri, cereri de strămutare, conflicte de competenţă ivite între instanţele din circumscripţia sa şi recursuri în interesul legii",A
"92.  Reţinerea, ca măsură preventivă:","A. se poate dispune pentru 24 ore, însă în durata acesteia este inclus şi timpul strict necesar conducerii celui reţinut la sediul organului judiciar
B. în cazul plângerii împotriva măsurii, dacă se constată faptul că au fost încălcate dispoziţiile legale care reglementează condiţiile luării reţinerii, organul judiciar competent dispune revocarea acesteia şi punerea de îndată în libertate a celui reţinut
C. dacă a fost dispusă de organul de cercetare penală, ordonanţa de reţinere trebuie confirmată de procuror care efectuează supravegherea cercetării penale în cauză",B
93.  Contestaţia împotriva hotărârii prin care s-a dispus luarea măsurii arestării preventive în cursul urmăririi penale:,"A. este suspensivă de executare
B. poate fi introdusă de părţi, persoana vătămată şi inculpat
C. se soluţionează în cameră de consiliu, iar hotărârea luată se pronunţă în cameră de consiliu",C
"94.  În cursul cercetării judecătoreşti, în cauza aflată pe rolul Judecătoriei sector 2 Bucureşti în care inculpatul AB era judecat pentru comiterea infracţiunii de furt , instanţa, din oficiu a invocat necompetenţa sa teritorială, întrucât infracţiunea a fost comisă în sectorul 1, competentă teritorial fiind Judecătoria sector 1. Cu privire la această excepţie de necompetenţă teritorială, instanţa:","A. în măsura în care va fi dovedită, va admite excepţia şi va declina cauza Judecătoriei sector 1, competentă teritorial
B. va respinge excepţia, întrucât nu a fost invocată cu respectarea condiţiilor prevăzute de lege
C. nu va admite excepţia, deoarece excepţia de necompetenţă teritorială nu poate fi invocată din oficiu de instanţă",B
"95.  La data de 2.06.2018, PV, în calitate de persoană vătămată, a depus plângere prealabilă la organul de cercetare penală împotriva lui AB, pentru comiterea infracţiunii de loviri sau alte violenţe, prev. de art. 193 alin. 2 cp. În plângere,PV precizează că la data de 2.02 2018, în urma unei discuţii contradictorii cu o persoană necunoscută, a fost lovită de acesta, iar conform certificatului medico-legal obţinut în aceeaşi zi, leziunile provocate au necesitat 5-6 zile îngrijiri medicale pentru vindecare. Identitatea făptuitorului PV a aflat-o la data de 1.06.2018, a doua zi depunând şi plângerea prealabilă. Faţă de datele speţei:","A. plângerea prealabilă a fost introdusă peste termenul prevăzut de lege
B. plângerea prealabilă a fost introdusă în termenul prevăzut de lege
C. dacă, după trimiterea în judecată a lui AB, tardivitatea plângerii prealabile, va fi constatată de instanţă, se va dispune achitarea inculpatului",A
"96.  În cauza privind pe inculpatul AB, urmărit penal pentru comiterea infracţiunii de înşelăciune prev. de art. 244 alin. 1, procurorul, constatând în urma efectuării unei expertize medico-legale că acesta suferă de o boală gravă, a dispus prin ordonanţă, cu respectarea condiţiilor prevăzute de lege suspendarea urmăririi penale. Pe perioada suspendării urmăririi penale:","A. organele de urmărire penală nu vor efectua acte specifice urmăririi penale, cele efectuate fiind nule
B. organele de cercetare penală vor continua să efectueze toate actele a căror îndeplinire nu este împiedicată de situaţia inculpatului, cu respectarea dreptului la apărare al părţilor, subiecţilor procesuali
C. pot fi efectuate numai acte procedurale, însă numai cu acceptul inculpatului sau a avocatului acestuia, care va asista la efectuarea acestora",B
"97.  Prin rechizitoriul întocmit la data de 5. 02. 2019, procurorul a dispus trimiterea în judecată a inculpatului AB în stare de libertate pentru comiterea infracţiunii de furt calificat. Prin acelaşi rechizitoriu procurorul a dispus şi clasarea cauzei pentru suspectul CD pentru infracţiunea de complicitate la furt calificat săvârşită de AB, întrucât fapta nu a fost comisă de suspect cu forma de vinovăţie prevăzută de lege. Totodată, procurorul a propus instanţei prin rechizitoriu, luarea faţă de inculpat, a măsurii controlului judiciar. Având în vedere datele speţei:","A. în mod greşit procurorul a dispus prin rechizitoriu, care este numai actul de sesizare al instanţei prin care se dispune trimiterea inculpatului în judecată, şi clasarea cauzei
B. în mod corect procurorul a propus prin rechizitoriu, luarea măsurii controlului judiciar faţă de inculpat
C. clasarea cauzei pentru suspectul CD trebuia dispusă de procuror numai prin ordonanţă, altfel, dispusă prin rechizitoriu, soluţia nu poate fi contestată ulterior de persoana interesată, la judecătorul de cameră preliminară",B
"98.  În cauza privind inculpaţii AB şi CD, judecaţi pentru comiterea infracţiunii de tâlhărie, instanţa, constatând îndeplinite condiţiile prevăzute de lege, a declarat terminată cercetarea judecătorească. După terminarea cercetării judecătoreşti, în cadrul dezbaterilor preşedintele completului a dat cuvântul pentru a pune concluzii procurorului, persoanei vătămate, celorlalte părţi, cu precizarea că:","A. durata concluziilor acestora nu poate fi limitată de instanţă, întrucât ar aduce atingere exercitării dreptului la apărare
B. dezbaterile nu pot fi întrerupte, având caracter continuu
C. preşedintele completului are dreptul să îl întrerupă pe cel care are cuvântul dacă în susţinerile lui, depăşeşte limitele cauzei",C
"99.  În cursul urmăririi penale, inculpaţii AB, CD, EF,coautori la comiterea infracţiunii de furt calificat prev. de art. 229 alin. 1 lit. b) cp, sesizată de persoana vătămată PV, au iniţiat încheierea unui acord de recunoaşterea vinovăţiei, adresându-se procurorului care efectua urmărirea penală cu această În urma declaraţiilor acestora, procurorul a considerat că, după modul în care aceştia au recunoscut faptele comise, doar cu AB poate fi încheiat acordul de recunoaşterea vinovăţiei. În aceste condiţii:","A. acordul nu poate fi încheiat de procuror numai cu inculpatul AB, deoarece ar afecta prezumţia de nevinovăţie privind ceilalţi inculpaţi
B. legea permite ca acordul să poată fi încheiat distinct, numai cu inculpatul AB, fără a fi afectată prezumţia de nevinovăţie a inc. CD şi EF, cu care nu se va încheia acord
C. dacă va fi încheiat, acordul trebuie să conţină şi acceptul persoanei vătămate",B
"100.  AB, a fost condamnat de judecătoria C. la 2 ani închisoare cu executare pentru comiterea infracţiunii de furt , soluţia fiind menţinută de Curtea de apel X, ca urmarea respingerii apelului inculpatului. După executarea pedepsei, la data la care a considerând că s-a împlinit termenul de reabilitarea prevăzut de legea penală, condamnatul formulează o cerere de reabilitare judecătorească. Cererea de reabilitare judecătorească:","A. este de competenţa exclusivă a instanţei care a judecat în primă instanţă cauza în care s-a pronunţat condamnarea a cărei reabilitare se cere
B. este anulată, dacă înainte de soluţionarea cererii, faţă de condamnat a fost pusă în mişcare acţiunea penală pentru o altă infracţiune
C. se soluţionează de instanţa competentă printr-o sentinţă, supusă contestaţiei, în termen de 10 zile de la comunicare",C
