1.  Este adevărat că:,"A. un avocat își poate exercita concomitent activitatea în două forme de exercitare a profesiei de avocat, dac are acordul Consiliului Baroului din care face parte
B. este interzisă, prin lege, exercitarea oricărei activităţi specifice profesiei de avocat, de către orice persoană juridică
C. alegerea organelor de conducere a profesiei de avocat se face numai prin vot secret",C
"2.  În ceea ce privește cererea de primire în profesia de avocat, este adevărat că:","A. orice persoană poate face opoziție la această cerere în termen de 10 zile de la afișarea acesteia pe pagina web a Baroului şi a U.N.B.R.
B. opoziția la această cerere este de competenţa Baroului la care a fost înregistrată cererea de primire în profesie
C. Decanul Baroului va pronunța o hotărâre motivată asupra cererii de primire în profesie, pe care o va comunica U.N.B.R. în termen de cel mult 15 zile de la expirarea termenului de opoziție",AB
3.  Este interzis avocatului:,"A. ca în exercitarea oricărei activităţi specifice profesiei de avocat să încheie contracte de asistență juridică cu persoane juridice care au calitatea de mandatari ai altor persoane juridice care sunt beneficiarii activităţilor profesionale ale avocatului
B. fost judecător să pună concluzii la instanţa unde a funcționat, timp de 7 ani de la încetarea funcției de magistrat
C. ca în exercitarea oricăror activităţi recunoscute de lege avocatului să colaboreze în orice mod cu persoane juridice care desfășoară, fără drept, activităţi specifice profesiei de avocat",AC
"4.  Avocatul AA, avocat aflat pe tabloul avocaţilor cu drept de exercitare a profesiei, dobândește calitatea de președinte al consiliului de administrație al unei societăţi pe acţiuni. În acest caz:","A. avocatul AA devine incompatibil, această incompatibilitate putând fi constatată de Comisia de Disciplină a Baroului, chiar şi din oficiu
B. avocatul AA nu se află într-un caz de incompatibilitate, fiind îndreptățit să exercite profesia de avocat concomitent cu calitatea de preşedinte al consiliului de administraţie al unei societăţi pe acţiuni
C. continuarea activităţii specifice de avocat de către avocatul AA, după dobândirea calităţii de preşedinte al consiliului de administraţie al unei societăţi pe acţiuni, constituie abatere disciplinară gravă, sancţionată cu excluderea din profesie",C
5.  În ceea ce priveşte verificarea unui caz de nedemnitate a unui avocat:,"A. această verificare se va efectua, după convocarea în scris a avocatului verificat, care se poate realiza numai prin scrisoare recomandată cu confirmare de primire
B. această verificare se va efectua numai după încunoştinţarea avocatului cu privire la cazul de nedemnitate prin luarea la cunoştinţă a conţinutului plângerii sau al sesizării
C. această verificare este de competenţa Comisiei de Disciplină a Baroului din care face parte avocatul verificat",B
"6.  Avocatul AA a fost desemnat, potrivit legii, să acorde asistenţă judiciară. În acest caz:","A. avocatul AA are dreptul să primească de la beneficiarul asistenţei judiciare sume de bani cu titlu de acoperire a cheltuielilor de deplasare
B. avocatul AA poate refuza exercitarea mandatului primit pentru motive justificate, Decanului Baroului din care face parte avocatul AA revenindu-i competenţa de a aprecia caracterul justificat sau nejustificat al refuzului
C. avocatul AA nu are dreptul să primească de la beneficiarul asistenţei judiciare niciun fel de sume de bani ori alte recompense",BC
"7.  Radierea unui avocat din Registrul de asistenţă judiciară, conform legii:","A. poate fi dispusă, în toate cazurile, pentru o perioadă de 3 ani
B. poate fi dispusă pe o perioadă de 3 ani, dacă se constată săvârşirea consecutivă a două abateri de la obligaţiile prevăzute de lege
C. este de competenţa Consiliului Baroului din care face parte avocatul",C
"8.  Avocatul AA a redactat un act juridic (contract) între B şi C, atestând identitatea părţilor, a conţinutului şi a datei acestuia. În acest caz:","A. actul juridic poate fi prezentat notarului public spre autentificare, în baza consimţământului exprimat de B şi C
B. operaţiunea de atestare a actului juridic trebuie înregistrată în Registrul electronic al actelor întocmite de avocat, în termen de 3 zile de la data întocmirii actului, sub sancţiunea nulităţii acestuia
C. operaţiunea de atestare a actului juridic nu se mai înregistrează în Registrul electronic al actelor întocmite de avocat, dacă părţile renunţă expres la înscrierea actului în acest registru",AC
9.  Onorariul avocatului pentru activitatea desfăşurată:,"A. reprezentând dobândirea, sub orice formă, a unor aporturi din activitatea juridică realizată de avocat este permis dacă în contractul de asistenţă juridică a fost stipulat şi un onorariu fix
B. poate face obiectul unei contestaţii din partea clientului, ce se va soluţiona de Decanul Baroului, care va pronunţa o decizie motivată ce poate fi atacată la Consiliul U.N.B.R.
C. poate fi stabilit şi în monedă străină, sub condiţia ca plata acestuia să respecte prevederile privind regimul legal al plăţilor",C
10.  Este adevărat că:,"A. avocatul nu este obligat, în nicio situaţie, să motiveze refuzul preluării unui caz ce se propune a-i fi încredinţat, dacă acesta nu corespunde crezului său profesional
B. în scopul asigurării secretului profesional, avocatul trebuie să păstrează lucrările avocaţiale numai la sediul profesional sau în spaţiile avizate în acest sens de Decanul Baroului
C. avocatul are dreptul să refuze contactul cu clientul în prezenţa reprezentantului oricărei autorităţi publice",C
"11.  Avocatul AA încheie cu clientul BB un contract de asistenţă juridică având ca obiect reprezentarea clientului în Dosarul nr. X/2020, aflat pe rolul Judecătoriei Z. În acest caz:","A. dacă clientul BB este cetăţean străin şi nu cunoaşte limba română, avocatul AA nu poate, în temeiul contractului de asistenţă juridică, să îndeplineascăşi funcţia de traducător în Dosarul X/2020, aflat pe rolul Judecătoriei Z
B. în cazul în care avocatul AA este împiedicat să-şi îndeplinească serviciul profesional în Dosarul X/2020, acesta îşi va asigura substituirea cu alt avocat, chiar dacă în prealabil nu a obţinut acordul clientului BB în acest scop
C. avocatul AA este îndreptăţit să se retragă imediat şi să renunţe la reprezentarea clientului BB în Dosarul X/2020 în cazul în care acţiunile clientului, aparent legale la începutul reprezentării, se dovedesc, pe parcursul acesteia, ca fiind infracţionale",AC
12.  Formele de exercitare a profesiei de avocat:,"A. pot fi înstrăinate prin acte între vii numai între avocaţii definitivi şi aflaţi în exerciţiul profesiei
B. pot păstra denumirea individualizată, potrivit legii, după decesul unui dintre asociaţi, cu acordul tuturor moştenitorilor celui decedat, exprimat în formă autentică sau sub semnătură privată
C. pot stabili, între ele, raporturi de conlucrare profesională, prin încheierea unei convenţii în acest sens, înregistrată la Barou",AC
"13.  Asemănător avocatului colaborator, avocatul salarizat în cadrul profesiei:","A. este subordonat formei de exercitare a profesiei în care activează în legătură cu determinarea condiţiilor concrete de muncă
B. îşi desfăşoară activitatea avocaţială în baza unui contract scris, încheiat cu forma de exercitare a profesiei în care activează
C. în lipsa unei dispoziţii contractuale mai favorabile, poate denunţa contractul în baza căruia îşi desfăşoarăactivitatea avocaţială, prin înştiinţarea formei de exercitare a profesiei unde activează, cu cel puţin 3 luni înainte",BC
14.  Dobândeşte calitatea de avocat asociat:,"A. avocatul, titular al cabinetului individual, cabinet care se grupează cu alt cabinet individual pentru a-şi crea facilităţi tehnico-economice în vederea exercitării profesiei
B. avocatul, titular al cabinetului individual, cabinet care se transformă potrivit legii în societate civilăprofesională de avocatură
C. avocatul, titular al cabinetului individual, cabinet care se asociază cu alt cabinet individual, în scopul exercitării în comun a profesiei",BC
"15.  Avocatul AA şi avocatul BB, ambii din Baroul X, împreună cu avocatul CC din Baroul Y, decid constituirea, în condiţiile legii, a unei societăţi civile profesionale de avocatură. În acest caz:","A. societatea civilă profesională va avea dreptul să-şi stabilească sediul profesional numai în circumscripţia Baroului X sau a Baroului Y
B. societatea civilă profesională va avea dreptul să-şi stabilească sedii secundare în circumscripţia Baroului unde va avea sediul principal, cu aprobarea Consiliului acestui Barou
C. societatea civilă profesională îşi va putea deschide unul sau mai multe birouri de lucru în circumscripţia altor Barouri decât cel unde îşi are sediul principal, cu condiţia ca aceste birouri să fie avizate de Consiliul Baroului unde îşi are sediul principal",BC
"16.  În legislația profesiei de avocat, este prevăzut expres că reprezintă o abatere disciplinară gravă:","A. refuzul nejustificat al avocatului de a acorda asistenţă juridică gratuită, atunci când este desemnat în acest sens
B. nerespectarea imputabilă a îndatoririi avocatului de a studia temeinic cauza care i-a fost încredinţată
C. exercitarea, de către avocat, a oricărei activităţi profesionale în cazul în care există sau survine un conflict de interese",A
17.  Încetarea calităţii de avocat:,"A. se constată prin decizie a Consiliului Baroului şi are drept consecinţă radierea celui în cauză din tabloul avocaţilor
B. prin renunţare scrisă la exerciţiul profesiei are drept consecinţă directă radierea celui în cauză din tabloul avocaţilor, fără a mai fi necesară intervenţia organelor de conducere ale profesiei de la nivelul Baroului
C. intervine în cazul în care avocatul a fost  condamnat definitiv pentru o faptă prevăzută de lege penalăşi care îl face nedemn de a fi avocat, potrivit legii",AC
18.  În cazul suspendării calităţii de avocat:,"A. Baroul are obligaţia, indiferent de cauza de suspendare, de a verifica trimestrial, precum şi înainte de data întocmirii tabloului anual al avocaţilor, menţinerea situaţiei care a justificat suspendarea
B. aceasta se decide, în toate cazurile, după ascultarea avocatului în cauză
C. aceasta se dispune prin decizia Consiliului Baroului, care poate fi contestată la Consiliul U.N.B.R.",BC
19.  Acţiunea disciplinară cu privire la un avocat:,"A. poate fi exercitată în termen de 1 an de la data luării la cunoştinţă, de către Comisia de Disciplină a Baroului, despre săvârşirea abaterii, dar nu mai târziu de 3 ani de la data săvârşirii acesteia
B. se semnează de către Decanul Baroului sau, după caz, de Preşedintele U.N.B.R.
C. va fi exercitată, potrivit legii, de Consiliul U.N.B.R., dacă vizează un Decan de Barou",BC
20.  În caz de abatere disciplinară evidentăşi gravă:,"A. avocatul cercetat este suspendat de drept din exerciţiul profesiei, fără a fi necesară intervenţia instanţelor disciplinare
B. avocatul cercetat poate fi suspendat din exerciţiul profesiei, de către instanţa disciplinară, prin încheiere care nu este supusă niciunei căi de atac
C. instanţa disciplinară poate lua măsura suspendării avocatului cercetat din exerciţiul profesiei până la judecarea definitivă a cauzei",C
21.  Obligaţia de a preda un bun individual determinat:,"A. îl va libera pe debitor doar dacă bunul este predat în starea în care se găsește la data la care obligația era exigibilă
B. implicăși obligația de conservare a bunului până la predare, chiar dacă nu a fost convenit expres acest lucru
C. decurge din obligația de a strămuta proprietatea, chiar dacă părțile nu au convenit expres acest lucru",BC
22.  Excepţia de neexecutare:,"A. poate fi invocatăși atunci când neexecutarea este cauzată de forță majoră
B. poate fi invocată în cazul obligațiilor afectate de un termen suspensiv numai dacă ambele obligații sunt afectate de același termen
C. poate fi opusă numai dacă debitorul a fost pus în întârziere",A
23.  Acţiunea în rezoluțiune:,"A. va putea fi admisă, chiar dacă debitorul nu a fost pus în întârziere anterior introducerii acțiunii, dacă debitorul nu execută obligația într-un termen rezonabil, calculat de la data când cererea de chemare în judecată i-a fost comunicată
B. este prescriptibilăși în cazul în care obligația neexecutată s-a născut dintr un contract translativ de proprietate, iar scopul urmărit de creditor este redobândirea dreptului de proprietate asupra bunului transmis
C. are un caracter subsidiar, în sensul că poate fi promovată numai dacă părțile sau legea au interzis rezoluțiunea unilaterală",AB
24.  În materia plății:,"A. chitanța care consemnează primirea prestației principale nu face să se prezume și executarea prestațiilor accesorii
B. dacă părțile nu au prevăzut expres altfel, debitorul este întotdeauna liber să execute obligația, chiar înaintea scadenței
C. executarea făcută în favoarea unui creditor incapabil să o primească nu liberează pe debitor decât în măsura în care profită creditorului",C
"25.  La data de 01.11.2019 A încheie cu B un „antecontract de vânzare” privind un imobil teren situat în București, părțile obligându-se reciproc să încheie contractul de vânzare la prețul de 200.000 lei, fără a prevedea un termen. A a plătit cu ocazia semnării suma de 20.000 lei. În contract este stipulată următoarea clauză: „În cazul în care promitentul vânzător nu își execută obligația de a încheia contractul de vânzare, el va putea fi obligat să restituie dublul sumei primite; în cazul în care promitentul cumpărător nu își execută obligația de a încheia contractul de vânzare, promitentul vânzător va putea păstra suma de 20.000 lei, primită”. Dacă la scadență promitentul vânzător refuză să încheie contractul de vânzare:","A. el are dreptul să se libereze de obligația de a vinde oferind dublul sumei primite
B. promitentul cumpărător are dreptul să pretindă rezoluțiunea antecontractului și restituirea dublului avansului
C. promitentul cumpărător are dreptul să obțină o hotărâre care să țină loc de contract de vânzare, chiar dacă antecontractul de vânzare nu este încheiat în formă autentică",BC
26.  Ca efect al admiterii acțiunii în revendicare:,"A. proprietarul poate fi obligat, la cerere, la restituirea cheltuielilor necesare pe care posesorul neproprietar le-a efectuat
B. la cererea posesorului, cheltuielile utile se vor restitui în limita sporului de valoare, dacă prin lege nu se prevede altfel
C. hotărârea judecătorească definitivă corespunzătoare va putea fi opusă exclusiv pârâtului, în contra căruia a fost pronunțată",AB
"27.  Potrivit contractului de locațiune încheiat, A are obligația ca, la data de 01.05.2016, să restituie necondiționat către B imobilul dat în locațiune. La data de 01.05.2017 s-a admis definitiv acțiunea prin care A a fost obligat la restituirea bunului către B, ca urmare a obligației mai sus menționate, nejustificat neexecutată de către debitor. Prin acțiunea intentată la data de 01.07.2018, B cere obligarea lui A la plata contravalorii lipsei de folosință a imobilului, pe perioada 02.05.2016-30.04.2017, în cuantum de 100.000 lei, ca urmare a neexecutării obligațiilor asumate, sub acest aspect hotărârea pronunțată la data de 01.05.2017 având putere de lucru judecat între părți. În raport de situația de fapt expusă:","A. sunt incidente dispozițiile privind răspunderea civilă delictuală, întrucât contractul de locațiune era încetat pe toată perioada pentru care sunt pretinse despăgubirile
B. sunt incidente dispozițiile privind răspunderea civilă contractuală
C. vinovăția pârâtului este prezumată",BC
"28.  În materia coproprietății obișnuite, în absența unui contract de administrare a proprietății comune:","A. locațiunea încheiată pe o durată de 4 ani necesită acordul tuturor coproprietarilor
B. pentru încheierea unui contract de comodat, cu termen de 2 ani, este suficient acordul coproprietarilor care dețin majoritatea cotelor-părți
C. actele prin care urmărește exclusiv înfrumusețarea bunului se încheie cu acordul majorității coproprietarilor și a cotelor părți, sub sancțiunea nulității",A
29.  În cazul locațiunii:,"A. dacă bunul este distrus în întregime contractul încetează de (plin) drept, indiferent dacă imposibilitatea de folosire a bunului este fortuită sau este cauzată de culpa locatorului
B. locatorul, în principiu, răspunde și pentru viciile care sunt aparente la data predării, chiar dacă locatarul nu le-a reclamat fără întârziere, pentru că el este obligat să asigure folosința utilă a lucrului pe toată durata locațiunii, atât în raport de viciile care existau înaintea locațiunii, cât și a celor care au survenit în cursul acesteia
C. în cazul în care locatarul nu execută, fără justificare, obligația de a nu schimba destinația bunului aflat în locațiune, locatorul nu poate obține, de regulă, rezilierea contractului prin declarație unilaterală",AC
30.  Tranzacția:,"A. asupra unui proces soluționat anterior printr-o hotărâre judecătorească intrată în autoritatea lucrului judecat este nulă absolut
B. poate fi încheiată și prin mandatar, dar pentru aceasta cel din urmă trebuie să fie împuternicit în mod expres
C. care, punând capăt unui proces început, este constatată printr-o hotărâre judecătorească, nu poate fi desființată prin acțiune în nulitate",B
31.  În materia vânzării:,"A. în lipsa unei convenții contrare, fructele bunului vândut se cuvin cumpărătorului din ziua dobândirii proprietății, iar nu din ziua predării
B. deși dreptul de preempțiune se exercită, de regulă, a posteriori, vânzătorul poate oferi contractul preemptorului înaintea încheierii convenției cu terțul ales de către vânzător
C. în cazul promisiunii sinalagmatice de vânzare, promitentul-vânzător are un drept de creanță împotriva celeilalte părți, drept afectat de condiția pur potestativă din partea promitentului-cumpărător care constă în manifestarea dorinței acestuia de a cumpăra",AB
"32.  La data de 01.05.2018 Primus îi cesionează lui Secundus, „gratis”, prin înscris sub semnătură privată, creanța sa de 10.000 lei în contra prietenului său, Tertius, creanță rezultată dintr-un contract de împrumut. Odată cu semnarea cesiunii cedentul a remis material cesionarului și înscrisul constatator ale creanței. Datoria este scadentă la data de 01.06.2015. Niciuna dintre părți nu notifică debitorului cesiunea creanței. La data de 01.09.2018 Secundus îl cheamă în judecată pe Tertius solicitând obligarea lui la plata celor 10.000 lei. În aceste condiții de fapt:","A. dacă Tertius invocă prescripția, acțiunea ar trebui respinsă ca prescrisă
B. dacă Terțius invocă prescripția, excepția ar trebui respinsă, întrucât dreptul material la acțiune al lui Secundus nu s-a născut decât odată cu cesiunea, până la acest moment el neputând acționa
C. cesiunea este nulă absolut, chiar dacă Primus a remis material lui Secundus înscrisul constatator al împrumutului",AC
"33.  Dacă legea nouă, intrată în vigoare la data de 01.04.2015, restrânge capacitatea de folosință a persoanei juridice:","A. ea nu se va putea aplica niciodată persoanelor juridice deja înființate
B. se va aplica pentru viitor și persoanelor juridice deja înființate, dar numai dacă legea are prevederi tranzitorii/de drept intertemporal în acest sens
C. se va aplica pentru viitor și persoanelor juridice deja înființate, chiar dacă legea nu are prevederi tranzitorii/de drept intertemporal în acest sens",C
34.  Confirmarea actului anulabil:,"A. produce întotdeauna efecte erga omnes de la data încheierii actului
B. de vânzare a unui apartament, încheiat de un minor de 17 ani în calitate de vânzător, se poate realiza valabil de către persoana care este ocrotitorul său legal la data realizării actului confirmativ
C. presupune în mod necesar cunoașterea cauzei de nulitate, iar, în caz de violență, încetarea violenței",C
"35.  În cazul încetării superficiei prin consolidare, dacă legea nu prevede altfel:","A. dezmembrămintele, consimțite de către superficiar, pentru care au fost realizate formalitățile de publicitate imobiliară, se sting, dacă nudul proprietar este cel care a dobândit superficia
B. dezmembrămintele, pentru care au fost realizate formalitățile de publicitate imobiliară, consimțite de către superficiar, se mențin pe durata pentru care au fost constituite, dar nu mai târziu de termenul inițial al superficiei
C. orice dezmembrăminte consimțite de superficiar se sting pentru că nu mai există suportul lor necesar– dreptul de superficie",B
36.  Reducțiunea liberalităților excesive:,"A. poate fi invocată în fața instanței de judecată atât pe cale de acțiune, cât și pe cale de excepție, dar, în ambele cazuri, numai într-un termen de prescripție de 3 ani
B. operează, în cazul pluralității de moștenitori rezervatari, numai în limita cotei de rezervă cuvenite celui care a cerut-o și profită numai acestuia
C. poate fi cerută de către moștenitorul rezervatar, chiar dacă acesta nu a pierdut posesia bunurilor ce fac obiectul liberalităților",BC
37.  În materia ofertei de a contracta afectată de termen (irevocabile):,"A. ca regulă, tăcerea destinatarului înăuntrul termenului echivalează cu neîncheierea contractului
B. tăcerea destinatarului are semnificația dată de voința exprimată în ofertă și va antrena considerarea contractului încheiat
C. acceptarea destinatarului, chiar după expirarea termenului, este valabilă, dacă oferta era avantajoasă și emisă în interesul său exclusiv",A
"38.  În ipoteza unui contract cu executare succesivă, în care una dintre părți a urmărit obținerea unei cauzei ilicite:","A. contractul este nul absolut, dar partea care a dat ceva urmărind un rezultat ilicit nu poate cere restituirea prestației deja efectuate
B. contractul este nul absolut, dar, urmare a nulității, actului efectele nulității se produc pentru viitor, lăsând neafectate prestațiile succesive anterioare
C. caracterul ilicit al cauzei se poate proba prin orice mijloc de probă, indiferent de valoarea actului",C
39.  Obligația civilă:,"A. de a nu face, odată încălcată, ca regulă, îl pune pe debitor de plin drept în întârziere
B. dacă are ca obiect efectuarea, de către proprietarul fondului aservit, a lucrărilor necesare pentru exercitarea unei servituți, nu se transmite și terților dobânditori ai acestui fond, chiar dacă obligația a fost notată în cartea funciară
C. trebuie calificată automat drept una de rezultat, ori de câte ori debitorul contractual promite obținerea acelui rezultat",A
40.  Reprezentantul legal al minorului:,"A. are dreptul de a solicita anularea contractului de locațiune a unui imobil, încheiat pe o durată de 1 an, pe care minorul l-a încheiat, în calitate de locator, singur, chiar fără a fi ținut să dovedească un prejudiciu
B. poate încheia valabil, în numele minorului, acte de conservare, chiar dacă acesta din urmă le poate încheia singur, având capacitatea necesară
C. nu poate confirma niciun act juridic al minorului, pentru că actul confirmativ este un act de renunțare la un drept patrimonial, deci un act de dispoziție, pentru care este necesară și încuviințarea autorității tutelare",AB
41.  Excepția conexităţii:,"A. poate fi invocată de părți sau de instanţă din oficiu, în orice stare a procesului, înaintea instanței ulterior sesizate
B. va fi soluționată prin încheiere care nu este supusă nici unei căi de atac
C. poate fi admisă dacă pricinile ce urmează a fi conexate sunt între aceleași părţi sau chiar împreună cu alte părţi şi al căror obiect și cauză au o strânsă legătură, pricini ce se află în curs de judecată, în primă instanță, chiar dacă una dintre cereri este judecată de tribunal, iar cealaltă de judecătorie",C
"42.  Societatea cu răspundere limitată AA, cu sediul în București, încheie contractul nr. Y/2020 cu societatea de asigurări X cu sediul în Ploiești, contract de asigurare facultativă a unui bun imobil aflat în Constanța. Contractul nr. Y/2020 nu conține nicio clauză atributivă de competență. În acest caz, cererea de constatare a nulității absolute a contractului Y/2020, formulată de reclamanta AA, în contradictoriu cu pârâta X, este de competența teritorială a:","A. instanţei de la sediul pârâtei societăți de asigurare X sau a instanţei în circumscripţia căreia se află bunul asigurat
B. instanţei de la sediul pârâtei societăți de asigurare X sau a instanţei de la sediul reclamantei AA
C. instanţei de la sediul pârâtei societăți de asigurare X sau a instanţei de la locul prevăzut în contract pentru executarea, fie chiar în parte, a obligației",C
"43.  Spre deosebire de excepţia lipsei calităţii de reprezentant, excepţia lipsei calităţii procesuale active a pârâtului:","A. poate fi invocată şi direct în apel
B. se soluționează prin încheiere interlocutorie
C. are efect peremptoriu, dacă este admisă",A
44.  Excepţia privind lipsa capacității de exerciţiu a drepturilor procedurale:,"A. poate fi invocată şi direct în apel
B. dacă este admisă, va avea drept consecință anularea actelor de procedură săvârșite de cel care nu are exercițiul drepturilor procedurale
C. nu poate fi invocată de instanţă din oficiu",AB
45.  Este adevărat că:,"A. în cazul obligațiilor solidare şi indivizibile, efectele admiterii apelului nu vor fi extinse şi asupra coparticipanților care nu au declarat apel
B. atunci când calea de atac exercitată numai de unul dintre coparticipanți se respinge, cheltuielile de judecată datorate pentru această etapă procesuală vor fi suportate şi de ceilalți coparticipanţi, care nu au exercitat calea de atac
C. dacă un imobil este revendicat de două persoane, care pretind că sunt coproprietare ale imobilului, iar instanţa respinge cererea de chemare în judecată, apelul uneia dintre părţi va profita celeilalte, în cazul în care va fi admis",C
"46.  În ceea ce priveşte chemarea în garanţie, este adevărat că:","A. terţul chemat în garanţie trebuie să depună întâmpinare într-un termen ce urmează a fi stabilit de instanţa care judecă cererea principală, după admiterea în principiu a cererii de chemare în garanţie
B. cererea de chemare în garanţie făcută de pârât se va depune, în toate cazurile, înaintea primei instanţe, cel mai târziu la primul termen de judecată
C. intervenientul principal poate să formuleze o cerere de chemare în garanţie cel mai târziu până la terminarea cercetării procesului, înaintea primei instanţe",AC
47.  Sunt nulităţi relative şi virtuale ale actelor de procedură:,"A. nulitatea ce intervine în cazul ascultării ca martor, în ciuda opunerii părţii adverse celei care a propus proba, a unei rude de gradul II, în alte procese decât cele privitoare la filiaţie, divorţ şi alte raporturi de familie
B. nulitatea cererii de apel atunci când apelul a fost depus la instanţa superioară instanţei a cărei hotărâre se atacă
C. nulitatea actului de procedură îndeplinit de cel care nu are exerciţiul drepturilor procedurale",A
"48.  În ceea ce priveşte repunerea în termen, este adevărat că:","A. dacă a pierdut termenul imperativ pentru îndeplinirea oricărui act de procedură, partea interesată trebuie să solicite repunerea în termen în cel mult 15 zile de la data încetării împiedicării
B. în caz de nerespectare a termenului de formulare a cererii de repunere în termen intervine decăderea părţii din dreptul de a mai solicita repunerea în termen
C. în cazul în care s-a cerut repunerea în termen cu privire la un act de procedură care trebuie îndeplinit înainte de pronunţarea hotărârii, instanţa se va pronunţa cu privire la cererea de repunere în termen printr-o încheiere interlocutorie",BC
"49.  Reclamantul AA formulează o cerere de chemare în judecată, în contradictoriu cu pârâtul BB, solicitând instanţei să-l oblige pe acesta la predarea bunului mobil X aflat în depozit. Pe parcursul procesului, după al treilea termen de judecată, cu procedura de citare legal îndeplinită la toate termenele, bunul X dispare din cauză de forţă majoră. În acest caz:","A. reclamantul AA este îndreptăţit să-şi modifice cererea de chemare în judecată, solicitând contravaloarea bunului X, dar numai cu acordul expres al pârâtului BB
B. reclamantul AA, pentru a obţine contravaloarea bunului X, este obligat, în condiţiile legii, să-şi modifice cererea în procesul aflat pe rol, un alt demers procedural nefiind admisibil
C. reclamantul AA îşi va preciza cererea de chemare în judecată, în sensul obligării pârâtului BB la plata contravalorii bunului X, instanţa fiind legal învestită cu această nouă solicitare, fără să fie necesar acordul pârâtului BB",C
"50.  Dacă într-un proces civil, pe rol, se formulează cerere reconvenţională, este adevărat că:","A. pârâtul, pe calea cererii reconvenţionale, poate formula orice pretenţii proprii, în raport cu reclamantul
B. pârâtul îşi poate îndrepta cererea reconvenţională şi împotriva altor persoane decât reclamantul din cererea principală, persoane ce dobândesc calitatea de pârâţi în cererea reconvenţională
C. dacă reclamantul din cererea iniţială devine pârât în cererea reconvenţională, acesta poate formula cerere reconvenţională la cererea reconvenţională a pârâtului iniţial",B
"51.  În materie de sechestru asigurător, potrivit legii, se va judeca fără citarea părţilor:","A. desfiinţarea de drept a sechestrului asigurător ca urmare a nedepunerii cauţiunii în termenul fixat de instanţă
B. ridicarea sechestrului asigurător, la cererea debitorului, dacă acesta va da o garanţie îndestulătoare
C. ridicarea sechestrului asigurător, la cererea debitorului, în cazul în care cererea principală în temeiul căreia a fost încuviinţată măsura asigurătorie, a fost perimată printr-o hotărâre definitivă",AC
52.  Instanţa de judecată se va pronunţa prin hotărâre definitivă:,"A. când reclamantul renunţă la judecată în faţa unei secţii a Înaltei Curţi de Casaţie şi Justiţie
B. când reclamantul renunţă la dreptul subiectiv civil dedus judecăţii în faţa unei secţii a Înaltei Curţi de Casaţie şi Justiţie
C. când perimarea se constată de o secţie a Înaltei Curţi de Casaţie şi Justiţie",A
"53.  În cazul înscrisurilor sub semnătură privată, formalitatea „bun şi aprobat” nu este necesară:","A. în cazul chitanţelor liberatorii
B. atunci când mai multe persoane fizice se obligă distinct, prin acelaşi act, către un singur creditor persoană fizică, cu privire la diferite sume de bani
C. în cazul încheierii unui contract sinalagmatic, în care una dintre părți se obligă la plata unei sume de bani",AC
54.  Termenul de graţie:,"A. poate fi acordat la cererea debitorului sau din oficiu, numai de instanţa care soluţionează cauza în fond
B. nu poate fi acordat pe calea contestaţiei la executare
C. se va acorda în favoarea debitorului, în considerarea situaţiei sale patrimoniale, fără ca legea să ceară consimţământul creditorului",BC
"55.  Partea care a pierdut procesul, în primă instanţă, nu mai are dreptul de a face apel principal, cu privire la întreaga hotărâre, atunci când:","A. a renunţat expres la apel cu privire la hotărârea pronunţată de prima instanţă
B. a pus în executare, în mod voluntar, hotărârea executorie de primă instanţă
C. a pus în executare de bunăvoie integral hotărârea de primă instanţă, deşi aceasta nu era susceptibilă de executare provizorie",AC
56.  Termenul de revizuire este:,"A. de 15 zile de la comunicarea hotărârii în cazul în care instanţa s-a pronunţat asupra unor lucruri care nu s-au cerut
B. de 15 zile de la data care partea a luat la cunoştinţă de hotărârea prin care a fost sancţionat disciplinar definitiv judecătorul, dar nu mai târziu de 1 an de la data rămânerii definitive a hotărârii de sancţionare disciplinară
C. de 15 zile de la încetarea împiedicării, în cazul în care partea a fost împiedicată să se înfățișeze la judecată şi să înștiințeze instanţa despre aceasta, dintr-o împrejurare mai presus de voința sa",C
"57.  Potrivit legii, instanţa va judeca fără citarea părţilor:","A. în procedura ordonanței președințiale, în caz de urgenţă deosebită, dacă instanţa apreciază că nu este necesară citarea, raportat la situaţia concretă dedusă judecăţii
B. în cazul procedurii ordonanţei de plată, dacă s-a făcut dovada recunoaşterii de către debitor a creanţei solicitate
C. în cazul procedurii de evacuare  din imobilele folosite fără drept, atunci când evacuarea se solicită pentru neplata chiriei datorate în baza unui contract care constituie, pentru plata acesteia, titlu executoriu, potrivit legii",AC
"58.  În cazul procedurii necontencioase judiciare, ca regulă:","A. instanţa îşi verifică din oficiu competenţa, chiar dacă este de ordine privată, putând cere părţii lămuririle necesare
B. cererea se judecă în şedinţă publică, cu citarea petentului şi a persoanelor indicate în cerere, dacă legea o impune
C. apelul împotriva încheierii de primă instanţă poate fi făcut de orice persoană interesată, chiar dacă nu a fost citată la soluţionarea cererii",AC
59.  Sumele datorate constând în cheltuieli de executare silită:,"A. se stabilesc de instanţa de executare, prin încheiere, pe baza dovezilor prezentate de partea interesată, în condiţiile legii
B. pot fi cenzurate de instanţa de executare, pe calea contestaţiei la executare, formulată de partea interesată
C. se stabilesc prin încheiere care constituie titlu executoriu atât pentru creditor, cât şi pentru executorul judecătoresc",BC
60.  Cererea de repunere în termenul de prescripţie a dreptului de a obţine executarea silită:,"A. se introduce la instanţa de executare competentă, în termen de 15 zile de la încetarea împiedicării
B. se soluționează, cu citarea părţilor, prin hotărâre supusă recursului, potrivit dreptului comun
C. dacă a fost admisă, dă dreptul creditorului de a formula cererea de executare silită în termen de 6 luni de la data rămânerii definitive a hotărârii de repunere în termen",A
"61.  În cazul în care, după rămânerea definitivă a hotărârii de condamnare și până la executarea completă a pedepsei cu închisoarea aplicate pentru o infracțiune unică, a intervenit o lege care prevede o pedeapsă mai ușoară:","A. dacă legea nouă prevede un maxim special al pedepsei cu închisoarea mai mic decât sancțiunea aplicată, aceasta din urmă se reduce la acel maxim
B. în cazul în care pedeapsa a fost aplicată pentru o tentativă, limita maximă a pedepsei prevăzute de legea nouă ce trebuie avută în vedere este maximul special al pedepsei prevăzute de lege pentru infracțiunea consumată, fără ca acesta să fie redus sau înlocuit conform dispozițiilor privind tratamentul sancționator al tentativei
C. dacă legea nouă prevede doar pedeapsa amenzii, pedeapsa aplicată se înlocuiește cu amenda, fără a se putea depăși maximul special prevăzut în legea nouă",AC
62.  Consimțământul persoanei vătămate:,"A. nu produce efecte atunci când legea exclude efectul justificativ al acestuia
B. reprezintă o cauză de neimputabilitate doar dacă persoana vătămată putea să dispună în mod legal de valoarea socială lezată sau pusă în pericol
C. nu produce niciodată efecte în cazul infracțiunilor contra integrității corporale sau sănătății",A
63.  În ceea ce privește aplicarea pedepsei:,"A. în cazul infracțiunii complexe, se va aplica pedeapsa prevăzută de lege pentru infracțiunea săvârșită, la care se poate adăuga un spor de până la 3 ani în cazul închisorii
B. în cazul infracțiunii continuate, se va aplica pedeapsa prevăzută de lege pentru infracțiunea săvârșită, la care se poate adăuga un spor de cel mult o treime din maximul special în cazul amenzii
C. în cazul concursului de infracțiuni, dacă s-au stabilit doar pedepse cu închisoarea, se va aplica pedeapsa cea mai grea, cu posibilitatea adăugării unui spor de până la o treime din totalul celorlalte pedepse stabilite",B
64.  Măsura de siguranță a confiscării speciale:,"A. poate fi luată chiar dacă făptuitorului nu i se aplică o pedeapsă
B. presupune în toate situațiile săvârșirea unei infracțiuni
C. poate viza, în condițiile legii, și bunurile folosite, în orice mod la săvârșirea unei fapte prevăzute de legea penală, care aparțin altei persoane – iar nu făptuitorului - dacă aceasta a cunoscut scopul folosirii lor",AC
65.  În materia răspunderii penale a minorilor:,"A. minorul cu vârsta între 14 și 16 ani beneficiază de o prezumție relativă de discernământ
B. minorul cu vârsta între 16 și 18 ani beneficiază de o prezumție absolută de discernământ
C. față de minorul cu vârsta între 14 și 16 ani poate fi luată, după caz, o măsură educativă neprivativă de libertate sau o măsură educativă privativă de libertate, dacă sunt îndeplinite condițiile prevăzute de lege",C
66.  Persoanele juridice:,"A. potrivit dispozițiilor exprese ale Codului penal, răspund doar pentru faptele comise de organele sau reprezentanții lor
B. pot răspunde doar pentru infracțiunile în cazul cărora Codul penal prevede în mod expres că pot fi reținute în sarcina lor
C. pot răspunde atât pentru infracțiuni intenționate, cât și pentru infracțiuni comise din culpă",C
67.  În materia prescripției răspunderii penale:,"A. în cazul infracțiunilor progresive, termenul de prescripție a răspunderii penale începe să curgă de la data săvârșirii acțiunii sau inacțiunii și se calculează în raport cu pedeapsa corespunzătoare rezultatului definitiv produs
B. răspunderea penală pentru infracțiunea de lipsire de libertate în mod ilegal urmată de moartea victimei nu se prescrie
C. în cazul întreruperii cursului termenului de prescripție, aceasta își reia cursul din ziua în care a încetat cauza de întrerupere",AB
68.  Reabilitarea:,"A. poate fi solicitată pe cale judecătorească dacă a trecut un termen cuprins între 4 și 10 ani, calculat de la data comiterii infracțiunii
B. are loc de drept în cazul condamnării la pedeapsa amenzii, la pedeapsa închisorii care nu depășește 2 ani sau la pedeapsa închisorii a cărei executare a fost suspendată sub supraveghere, dacă în decurs de 3 ani calculați potrivit legii condamnatul nu a săvârșit o altă infracțiune
C. poate interveni pe cale judecătorească în cazul condamnatului decedat până la împlinirea termenului de reabilitare dacă instanța, evaluând comportarea condamnatului până la deces, apreciază că merită acest beneficiu",BC
69.  Fapta comisă din culpă:,"A. constituie infracțiune numai când legea o prevede în mod expres
B. presupune că făptuitorul nu prevede rezultatul faptei sale, întrucât nu trebuia și nu putea să îl prevadă
C. atunci când este pedepsită de legea penală, nu constituie infracțiune dacă este săvârșită de o persoanăcare, în momentul comiterii acesteia, nu cunoștea existența unei stări, situații ori împrejurări de care depinde caracterul penal al faptei, iar necunoașterea stării, situației ori împrejurării respective nu este ea însăși rezultatul culpei",AC
70.  În materia tentative:,"A. va răspunde pentru tentativă la infracțiunea de tâlhărie cel care lovește victima pentru a-i putea lua geanta, însă nu reușește să o sustragă, întrucât victima i-a opus rezistență
B. nu va răspunde pentru tentativă la infracțiunea de omor cel care încearcă să ucidă victima dându-i un pahar cu apăși spunând o formulă pe care o consideră magică pentru ca victima să moară
C. va răspunde pentru tentativă la infracțiunea de furt cel care sustrage un portofel, însă, în timp ce fugea cu acesta de la locul săvârșirii faptei, îl aruncă pe jos, păstrând doar banii pe care i-a găsit în portofel",AB
"71.  În situația în care făptuitorul, pentru a se răzbuna pe o persoană care îl pălmuise într-un supermarket, urmărind să o ucidă prin înfometare, știind că aceasta este gravidă, o răpește și o încuie într-un beci izolat, fără apă și fără mâncare, părăsind țara imediat după momentul răpirii:","A. se va putea reține și infracțiunea de omor calificat dacă victima moare după 7 zile ca urmare a lipsei apei șa mâncării
B. se va putea reține și infracțiunea de lipsire de libertate în mod ilegal în variantă agravată dacă victima era minoră, iar făptuitorul cunoștea vârsta victimei
C. se va putea reține și infracțiunea de ucidere din culpă în variantă agravată dacă victima, disperată că nu poate părăsi beciul respectiv, își pune capăt zilelor prin spânzurare",AB
72.  Amenințarea:,"A. este infracțiune doar dacă îi produce victimei o stare de temere
B. cu darea în vileag a unei fapte reale sau imaginare, compromițătoare pentru persoana amenințată ori pentru un membru de familie al acesteia reprezintă întotdeauna șantaj
C. atunci când constituie infracțiune, presupune că pedeapsa aplicată autorului nu poate depăși sancțiunea prevăzută de lege pentru infracțiunea care a format obiectul amenințării, dacă amenințarea a fost comisă în această modalitate",C
"73.  Dacă făptuitorul, aflat într-un parc, sustrage un bun din posesia unui minor cu care nu era rudă și pe care nu îl cunoștea, fără consimțământul acestuia din urmă, în scopul însușirii pe nedrept:","A. se va reține infracțiunea de tâlhărie dacă o altă persoană, prietenă cu făptuitorul, îl ține de vorbă pe minor în timp ce bunul era sustras
B. acțiunea penală se pune în mișcare din oficiu
C. se va reține infracțiunea de furt calificat dacă, în timpul comiterii faptei, făptuitorul avea în rucsac un pistol adevărat, încărcat",BC
74.  În cazul infracțiunii de ultraj (art. 257 C.pen.):,"A. amenințarea ca modalitate a elementului material în varianta tip trebuie săvârșită nemijlocit sau prin mijloace de comunicare directă
B. fapta se poate comite și prin lovire îndreptată asupra unui membru de familie al funcționarului public care îndeplinește o funcție ce implică exercițiul autorității de stat, în scop de intimidare sau de răzbunare, în legătură cu exercitarea atribuțiilor de serviciu ale funcționarului public
C. polițistul sau jandarmul nu poate fi subiect pasiv secundar",AB
75.  În cazul infracțiunii de favorizarea făptuitorului:,"A. situația premisă constă în mod obligatoriu în comiterea unei infracțiuni de către o altă persoană
B. pedeapsa aplicată favorizatorului nu poate fi mai mare decât pedeapsa prevăzută de lege pentru fapta săvârșită de autorul faptei ce constituie situație premisă
C. favorizarea săvârșită de un membru de familie reprezintă o cauză de reducere a pedepsei",B
76.  Infracțiunea de luare de mită (art. 289 C.pen.):,"A. presupune întotdeauna săvârșirea corelativă a unei infracțiuni de dare de mită
B. se pedepsește și în forma tentativei
C. are un subiect activ calificat (circumstanțiat)",C
"77.  În condițiile prevăzute de lege, lovirea unei persoane poate întruni elementele constitutive ale infracțiunii de:","A. ultraj judiciar
B. purtare abuzivă
C. tăinuire",AB
78.  Infracțiunea de delapidare (art. 295 C.pen.):,"A. potrivit Codului penal, se poate comite în modalitatea înlesnirii valorificării unor bunuri
B. este o infracțiune de serviciu
C. se pedepsește și atunci când e comisă din culpă",B
"79.  Falsificarea efectuată în timpul serviciului de către un funcționar public a unei autorizații de construcție emise în numele instituției unde acesta lucrează poate întruni, după caz, elementele constitutive ale infracțiunii de:","A. fals material în înscrisuri oficiale
B. fals intelectual
C. fals privind identitatea",AB
"80.  Raportul sexual consimțit între frate și soră, dacă ambele persoane sunt majore:","A. întrunește elementele constitutive ale infracțiunii de incest
B. întrunește elementele constitutive ale infracțiunii de viol
C. nu reprezintă niciodată infracțiune",A
81.  Nu poate participa în procesul penal:,"A. în calitate de persoană vătămată, o persoană juridică
B. în calitate de avocat al unei părţi, martorul citat în cauză
C. în calitate de martor, un minor care nu a împlinit vârsta de 18 ani",B
82.  După începerea urmăririi penale:,"A. secretul profesional al avocatului este opozabil procurorului
B. organele de cercetare penală nu pot efectua acte de cercetare care privesc o cauză pentru care nu au competenţa de a efectua urmărirea penală, în nicio situaţie
C. dreptul la consultarea dosarului de către avocat nu poate fi restricţionat de procuror în nicio situaţie",A
83.  Plângerea prealabilă:,"A. trebuie introdusă în termen de 3 luni de la data săvârşirii faptei indiferent de situaţie
B. nu poate fi adresată direct instanţei de judecată
C. poate fi făcută şi prin mandatar dacă mandatul este special, caz în care procura rămâne ataşată plângerii",BC
84.  După începerea cercetării judecătoreşti:,"A. nu mai poate fi invocată excepţia de necompetenţă materială a instanţei superioare celei competente potrivit legii
B. partea civilă nu mai poate renunţa la pretenţiile civile formulate
C. persoana vătămată nu se mai poate constitui parte civilă în procesul penal",AC
"85.  În cazul în care, pe baza actelor medicale, se constată că cel arestat preventiv suferă de o boală care nu poate fi tratată în reţeaua medicală a Administraţiei Naţionale a Penitenciarelor, organul competent dispune:","A. încetarea de drept a măsurii arestării preventive
B. înlocuirea, în mod obligatoriu, a măsurii arestării preventive cu o măsură neprivativă de libertate
C. efectuarea tratamentului sub pază permanentă în reţeaua medicală a Ministerului Sănătăţii",C
86.  În procedura de cameră preliminară:,"A. nu se verifică temeinicia dispoziţiei de trimitere în judecată
B. este obligatorie citarea inculpatului la termenul fixat pentru discutarea cererilor şi excepţiilor invocate
C. cauza se restituie la parchet ori de câte ori judecătorul de cameră preliminară a constatat nulitatea unor acte de urmărire penală",AB
"87.  Prin ordonanţa nr. X/P/2017, procurorul de caz din cadrul Parchetului de pe lângă Înalta Curte de Casaţie şi Justiţie - Secţia urmărire penală şi criminalistică a dispus clasarea cauzei în ceea ce îl priveşte pe suspectul AB în temeiul art. 16 alin. (1) lit. b) teza I – fapta nu este prevăzută de legea penală, în legătură cu acuzaţia de distrugere calificată. Procurorul a dispus şi comunicarea în copie a ordonanţei de clasare suspectului AB, precum şi persoanei care a făcut sesizarea. În aceste condiţii:","A. eventuala plângere împotriva soluţiei de clasare formulată de persoana care a făcut sesizarea va fi soluţionată de către Procurorul Şef de Secţie urmărire penală şi criminalistică din cadrul Parchetului de pe lângă Înalta Curte de Casaţie şi Justiţie
B. faţă de cazul de clasare reţinut, suspectul nu poate cere continuarea urmăririi penale
C. suspectul nu poate face plângere împotriva soluţiei de clasare",AB
88.  Cererea de strămutare:,"A. nu poate fi cerută decât de procuror
B. poate privi şi o cauză aflată în procedura de cameră preliminară
C. odată introdusă, nu determină suspendarea obligatorie a judecării cauzei",BC
89.  În cursul cercetării judecătoreşti în primă instanţă:,"A. un martor nu poate fi audiat în prezenţa altor martori
B. părţile nu mai pot cere administrarea de probe noi dacă nu au fost cerute înainte de începerea cercetării judecătoreşti
C. probele administrate în cursul urmăririi penale şi necontestate de părţi nu vor mai putea fi readministrate în nicio situaţie",A
90.  Potrivit procedurii în cazul acordului de recunoaştere a vinovăţiei:,"A. asistenţa juridică a inculpatului este obligatorie la încheierea acordului de recunoaştere a vinovăţiei indiferent de situaţia acestuia
B. acordul de recunoaştere a vinovăţiei poate fi iniţiat şi de către inculpat
C. sentinţa pronunţată de instanţa sesizată prin acord nu poate fi atacată cu apel de inculpatul care a semnat acordul",AB
"91.  Prin sentinţa penală pronunţată de Judecătoria Sectorului 1 Bucureşti s-a dispus declinarea cauzei spre competentă judecare către Tribunalul Cluj. După înregistrarea dosarului, Tribunalul Cluj, analizând criteriile de competenţă incidente, apreciază că în cauză competenţa aparţine Judecătoriei Sectorului 1 Bucureşti astfel că dispune declinarea cauzei către această instanţă. În raport cu această situaţie:","A. sesizarea instanţei competente să soluţioneze conflictul negativ de competenţă se poate face şi de procuror
B. Instanţa competentă să soluţioneze conflictul de competenţă este Înalta Curte de Casaţie şi Justiţie
C. instanţa competentă se va pronunţa asupra conflictului de competenţă printr-o decizie supusă apelului",AB
"92.  Prin sentinţa penală nr. 25 din 10.04.2019, pronunţată de Tribunalul X, s-a dispus condamnarea inculpatului RT, avocat în Baroul X din anul 2010, la o pedeapsă de 3 ani închisoare cu executare pentru săvârşirea infracţiunii de înşelăciune, faptă săvârşită în luna iulie 2017. Judecând apelul inculpatului RT, singurul apel declarat în cauză, instanţa de apel:","A. este obligată să readministreze declaraţiile pe care prima instanţă şi-a întemeiat soluţia de condamnare
B. este obligată să examineze cauza şi sub aspectul competenţei instanţei care a pronunţat hotărârea atacată chiar dacă apelantul nu a invocat acest aspect
C. dacă admite apelul pe motiv de necompetenţă, va desfiinţa sentinţa şi va dispune rejudecarea cauzei de către Curtea de Apel",BC
"93.  Pentru o hotărâre de condamnare pronunţată în primă instanţă de o judecătorie, rămasă definitivă prin respingerea apelului, instanţa de executare va fi:","A. Judecătoria
B. Tribunalul
C. Curtea de Apel",A
94.  În cazul controlului judiciar:,"A. în cursul urmăririi penale, măsura poate fi prelungită doar de către judecătorul de drepturi şi libertăţi
B. măsura poate fi luată, în cursul judecăţii, pentru cel mult 30 de zile şi poate fi prelungită în condiţiile legii
C. încheierea prin care judecătorul de drepturi şi libertăţi soluţionează plângerea împotriva ordonanţei de luare a măsurii este definitivă",C
95.  Tribunalul:,"A. soluţionează cereri de strămutare
B. Judecă în primă instanţă infracţiuni pentru care urmărirea penală s-a efectuat de către Direcţia Naţională Anticorupţie
C. Judecă apelurile împotriva hotărârii pronunţate în primă instanţă de judecătorii",B
96.  Se sancţionează cu nulitatea absolută încălcarea dispoziţiilor referitoare la:,"A. competenţa teritorială a instanţei de judecată
B. compunerea completului de judecată
C. redactarea hotărârii judecătoreşti penale în termenul prevăzut de lege",B
97.  Percheziţia domiciliară:,"A. poate fi dispusă în cursul urmăririi penale şi de organul de cercetare penală
B. nu poate fi efectuată la sediul unei autorităţi publice în nicio situaţie
C. nu poate fi începută înainte de ora 6:00, cu excepţia infracţiunilor flagrante sau când percheziţia urmeazăsă se efectueze într-un local deschis publicului la acea oră",C
98.  Potrivit dispoziţiilor referitoare la judecarea cauzei în primă instanţă:,"A. participarea procurorului la judecarea cauzei nu este obligatorie dacă instanţa a fost sesizată cu un acord de recunoaştere a vinovăţiei
B. după audierea unui martor, inculpatul nu mai poate cere judecarea potrivit procedurii în cazul recunoaşterii învinuirii
C. în cazul unei hotărâri luate cu majoritate, motivarea opiniei separate este obligatorie",BC
99.  Nu poate fi atacată cu nicio cale de atac:,"A. hotărârea de declinare de competenţă
B. încheierea prin care judecătorul de drepturi şi libertăţi de la instanţa căreia i-ar reveni competenţa să judece cauza în fond admite propunerea procurorului şi dispune arestarea preventivă a inculpatului
C. încheierea prin care judecătorul de cameră preliminară de la instanţa sesizată cu rechizitoriu dispune începerea judecăţii",A
100.  În cazul apelului:,"A. pentru procuror, termenul de apel este de 10 zile şi curge de la comunicarea copiei minutei
B. la judecarea apelului instanţa de apel poate administra şi probe noi
C. pentru inculpat, termenul de apel este de 10 zile şi curge de la comunicarea hotărârii redactate în ansamblul ei",AB
