"1.  Interdicţia de a exercita profesia de avocat, pe o perioadă de o lună, constituie:","A. o măsură provizorie, luată de instanţa disciplinară, în caz de abatere evidentă şi gravă, până la soluţionarea definitivă a cauzei
B. o măsură provizorie, luată de consiliul baroului, până la încetarea stării de incompatibilitate
C. o sancţiune disciplinară",C
2.  Acţiunea disciplinară:,"A. este exercitată de decanul baroului
B. poate fi exercitată în termen de cel mult 3 ani de la data la care consiliul baroului a luat cunoştinţă de săvârşirea abaterii
C. va fi susţinută în faţa instanţei disciplinare de consilierul desemnat, în acest scop, de consiliul baroului",C
"3.  Activităţile fiduciare exercitate de avocat pot consta, printre altele, în:","A. primirea în depozit, în numele şi pe seama clientului, de fonduri financiare şi de bunuri, rezultate din valorificarea de titluri executorii după finalizarea unui litigiu, a unei medieri, a procedurii succesorale sau a lichidării unui patrimoniu
B. stabilirea temporară a sediului unei societăţi (comerciale) la sediul profesional al avocatului
C. plasarea şi valorificarea, în numele şi pe seama clientului, a fondurilor financiare şi a bunurilor încredinţate",AC
4.  Avocatul salarizat în interiorul profesiei:,"A. are dreptul la clientelă proprie
B. poate activa, în aceeaşi calitate, în mai multe forme de exercitare a profesiei
C. poate denunţa contractul de salarizare în interiorul profesiei, prin înştiinţarea celeilalte părţi cu cel puţin 3 luni înainte de data la care denunţarea urmează să se producă efectiv",C
"5.  În scopul exercitării în comun a profesiei de avocat, se pot asocia, după caz:","A. o societate civilă profesională cu un cabinet individual
B. o societate civilă profesională cu o altă societate civilă profesională
C. o societate civilă profesională cu o societate civilă profesională cu răspundere limitată",A
"6.  Avocatul care află, pe parcursul acordării asistenţei juridice, că acţiunile şi scopul clientului au caracter infracţional:","A. va sesiza de îndată organele judiciare, pentru a cerceta acţiunile şi scopul clientului, indiferent de natura ori specificul infracţiunilor de care a luat cunoştinţă, în acest context
B. este îndreptăţit să se retragă imediat şi să renunţe la asistarea şi reprezentarea clientului
C. îl va anunţa de îndată pe decanul baroului din care face parte, cu privire la posibila încălcare a legii de către clientul său",B
7.  Avocatul poate fi asimilat funcţionarului public în situaţia în care:,"A. acordă asistenţă juridică, în cauzele penale în care apărarea este obligatorie, potrivit dispoziţiilor Codului de procedură penală
B. atestă identitatea părţilor, a conţinutului sau datei unui act juridic
C. este numit curator special de instanţa de judecată",B
"8.  Avocatul poate retrage sau autoriza retragerea fondurilor fiduciare din contul fiduciar, precum şi instructa efectuarea de plăţi din acesta, în una sau mai multe din următoarele situaţii:","A. la instrucţiunea expresă a clientului, dar cu posibilitatea reţinerii contravalorii onorariilor agreate pentru activităţi fiduciare
B. în baza unei hotărâri judecătoreşti
C. pentru efectuarea de cheltuieli neprevăzute iniţial, la data încheierii contractului de asistenţă juridică şi a preluării mandatului",AB
"9.  În vederea organizării activităţii de asistenţă judiciară, baroul îndeplineşte, printre altele, şi una sau mai multe din următoarele atribuţii:","A. organizează şi actualizează Registrul de asistenţă judiciară, pe baza cererilor aprobate ale avocaţilor
B. înscrie în Registrul de asistenţă judiciară avocaţii pensionari, care îşi continuă activitatea, la solicitarea scrisă a acestora
C. efectuează controlul asupra acordării asistenţei judiciare de către avocaţii înscrişi în Registrul de asistenţă judiciară",AC
10.  Nu pot face parte din organele de conducere ale profesiei:,"A. avocaţii care sunt pensionari, în continuarea activităţii
B. avocaţii care au datorii scadente la taxele şi contribuţiile stabilite pentru formarea bugetului Uniunii Naţionale a Barourilor din România şi al baroului, precum şi a fondurilor Casei de Asigurări a Avocaţilor şi ale filialelor acestei Case
C. avocaţii cărora le-a fost suspendat exerciţiul profesiei pentru incompatibilitate, pe toată durata acestei suspendări",BC
"11.  Cheltuielile cu recuperarea capacităţii de muncă, efectuate de avocat:","A. includ numai costurile cazării, ale meselor şi ale tratamentului de refacere
B. sunt cheltuieli necesare, deductibile, în condiţiile legii, şi includ nelimitativ, printre altele, costurile transportului, ale cazării, ale meselor şi ale tratamentului de refacere
C. sunt numai cele prevăzute în Codul fiscal",B
"12.  Potrivit legii, divulgarea fără drept de către avocat a unei informaţii confidenţiale, din sfera privată a clientului său ori care priveşte un secret operaţional sau comercial, care i-a fost încredinţat în virtutea calităţii de avocat sau de care a putut să ia cunoştinţă în timpul desfăşurării activităţilor specifice profesiei constituie:","A. abatere disciplinară gravă şi atrage, în toate cazurile, excluderea din profesie
B. infracţiune şi se pedepseşte cu închisoare de la 1 la 5 ani
C. încălcare a principiului păstrării secretului profesional",BC
"13.  Sunt instanţe disciplinare, constituite la nivelul Uniunii Naţionale a Barourilor din România sau al barourilor, printre altele:","A. comisia de disciplină a baroului
B. Comisia permanentă a Uniunii Naţionale a Barourilor din România
C. comisia de cenzori a baroului",A
"14.  Printre altele, exerciţiul profesiei de avocat se suspendă:","A. în ipoteza în care avocatul desfăşoară activităţi de traducător autorizat, de la data începerii unei astfel de activităţi
B. în caz de neplată totală sau parţială a taxelor şi a contribuţiilor profesionale către barou, indiferent de perioada de neplată, până la lichidarea integrală a datoriilor
C. pe toată durata existenţei stării de incompatibilitate",C
"15.  În ipoteza decesului avocatului, cauzele acestuia vor fi preluate, după caz:","A. de colaboratorii sau asociații celui decedat, dacă aceştia există
B. de avocaţi anume desemnaţi de consiliul baroului, în ipoteza în care cel decedat nu avea nici colaboratori, nici asociaţi
C. de avocaţi din rândul celor care pot şi vor să fie înscrişi în Registrul de asistenţă judiciară",AB
16.  Nu este incompatibil:,"A. avocatul încadrat asistent universitar într-o facultate de drept
B. avocatul salarizat în interiorul profesiei
C. avocatul încadrat administrator unic cu puteri depline al unei societăţi cu răspundere limitată având ca principal obiect al activităţii sale vânzarea cu amănuntul de carte juridică",AB
"17.  Sunt sancţiuni disciplinare, susceptibile a fi aplicate avocaţilor, printre altele:","A. amenda de la 500 la 5000 de lei, care se face venit la bugetul Uniunii Naţionale a Barourilor din România
B. avertismentul
C. interdicţia de a exercita profesia pe o perioadă de la o lună la doi ani",B
"18.  Consultaţiile juridice oferite de un avocat, în baza unui contract de asistenţă juridică:","A. pot îmbrăca forma unor opinii legale
B. pot îmbrăca forma elaborării unor proiecte de acte normative
C. pot îmbrăca forma unor activităţi specifice contractului de agenţie, având ca obiect negocierea şi, la nevoie, încheierea – în numele, în reprezentarea şi în interesul clientului – a unor contracte de vânzare, prin care clientul urmează să dobândească în proprietate unul sau mai multe imobile",AB
"19.  Stabilirea temporară a sediului unei societăţi (comerciale) la sediul profesional al avocatului presupune, printre altele:","A. utilizarea sediului profesional al avocatului pentru scopul limitat al constituirii legale şi autorizării funcţionării societăţii (comerciale) pentru o perioadă care nu poate depăși un an
B. utilizarea sediului profesional al avocatului în scopul stabilirii sediului social principal şi permanent al societăţii (comerciale)
C. utilizarea sediului profesional al avocatului pentru stabilirea unui sediu secundar al societăţii (comerciale), pentru o perioadă care nu poate depăși un an",AC
20.  Comisia centrală de disciplină:,"A. ca instanţă de fond, în complet de 5 membri, judecă abaterile pretins săvârşite de către decanii barourilor
B. judecă, în recurs, în complet de 5 membri, contestaţiile declarate de avocatul interesat, de decanul baroului şi de preşedintele U.N.B.R. împotriva deciziilor pronunţate de comisiile de disciplină ale barourilor
C. îşi desfăşoară lucrările sub controlul Consiliului Uniunii Naţionale a Barourilor din România",B
21.  Care dintre enunțurile de mai jos este corect din punct de vedere legal?,"A. gestiunea de afaceri dă dreptul numai la restituirea cheltuielilor necesare, dacă este continuată de gerantul care cunoaște împotrivirea titularului afacerii
B. îmbogățirea fără justă cauză poate rezulta dintr-un act îndeplinit de cel păgubit cu intenția de a gratifica
C. restituirea plății nedatorate nu poate fi dispusă dacă acela care a primit-o cu bună-credință a renunțat la garanțiile creanței",A
"22.  La data de 15 iulie 2015, M, în calitate de locatar, a încheiat cu bună-credință un contract de locațiune a unui imobil cu R, în calitate de locator, pe o durată de 5 ani. Contractul a fost notat în cartea funciară a imobilului. La data de 1 februarie 2016, locatarul a aflat că R a fost chemat în judecată de un terț într-o acțiune în revendicarea imobilului închiriat. La data de 20 noiembrie 2017, hotărârea prin care a fost admisă acțiunea în revendicare a rămas definitivă. În raport de situația de fapt descrisă, contractul de locațiune:","A. va produce efecte până la data de 20 noiembrie 2018
B. a încetat de drept la data de 20 noiembrie 2017
C. va produce efecte până la data de 15 iulie 2020",A
23.  Plata unei sume de bani poate fi efectuată de către debitor:,"A. anterior scadenței, dacă nu rezultă contrariul din natura contractului, din înțelegerea părților sau din împrejurările în care a fost încheiat ori dacă creditorul nu are un interes legitim să refuze plata anticipată
B. la domiciliul creditorului, cheltuielile plății fiind suportate de creditor, în lipsă de stipulație contrară
C. prin virament bancar, situație în care data plății este aceea la care contul creditorului a fost alimentat cu suma care a făcut obiectul plății",AC
24.  Fructele bunului comun însușite de un coproprietar:,"A. pot fi supuse partajului oricând, dacă sunt naturale sau industriale, pot fi identificate și continuă să existe în patrimoniul coproprietarului
B. dacă sunt fructe civile, ceilalți coproprietari pot reclama restituirea lor proporțional cu cotele lor părți, în termenul general de prescripție
C. indiferent de natura lor, se cuvin acestuia, întrucât a suportat singur cheltuielile producerii sau culegerii lor",AB
"25.  La data de 20 iunie 2016, M a vândut lui V un teren intravilan în suprafață de 1.000 mp, cu un preț de 70 euro pe metru pătrat. Ulterior, V s-a lăudat că suprafaţa reală a terenului este de 1.378 mp, mai mare decât cea indicată în contractul de vânzare, aspect despre care a aflat și M la data de 15 august 2017. În raport de situația descrisă, M:","A. poate obține obligarea cumpărătorului la plata suplimentului de preț corespunzător excedentului de teren
B. poate obține rezoluţiunea judiciară a vânzării
C. este decăzut din dreptul de a cere obligarea cumpărătorului la plata suplimentului de preț corespunzător excedentului de teren",C
"26.  La succesiunea lui O, decedat la data de 3 februarie 2017, au vocație doi nepoți de fiu predecedat, respectiv N1 dezmoștenit de tatăl său și N2 nedemn față de O, și F, un nepot de frate predecedat. Conform regulilor succesiunii legale, moștenirea va fi culeasă:","A. de N2 și F în cote egale
B. de N2 în întregime
C. de N1 în întregime",C
27.  În materia servituților convenționale:,"A. în lipsă de prevedere contrară, proprietarul fondului aservit este ținut să ia toate măsurile și să suporte toate cheltuielile pentru conservarea servituții
B. proprietarul fondului aservit nu va putea strămuta exercitarea servituții într-un alt loc, fără un motiv legitim și serios ori cu agravarea exercitării dreptului pentru proprietarul fondului dominant
C. în cazul în care cheltuielile pentru întreținerea și conservarea servituții revin proprietarului fondului aservit, acesta se va putea exonera de plata lor, renunțând la dreptul de proprietate asupra părții din fondul aservit necesară exercitării servituții în favoarea proprietarului fondului dominant",BC
28.  Care dintre enunțurile de mai jos este corect din punct de vedere legal?,"A. novația prin înlocuirea debitorului inițial poate opera fără consimțământul acestuia
B. preluarea datoriei convenită cu debitorul își produce efectele numai dacă creditorul își dă acordul
C. subrogația consimțită de creditor operează numai cu consimțământul debitorului",AB
"29.  În baza promisiunii bilaterale de vânzare a unui imobil, încheiată la data de 15 martie 2012, promitentul-cumpărător G a achitat integral prețul vânzării către promitentul-vânzător H și a intrat în posesia imobilului, părțile obligându-se să încheie contractul de vânzare în formă autentică până la data de 15 martie 2013. Prin cererea de chemare în judecată, introdusă la data de 10 februarie 2016, G solicită instanței să pronunțe o hotărâre care să țină loc de contract de vânzare, deoarece H a refuzat în mod nejustificat să se prezinte la notarul public pentru perfectarea vânzării. În apărare, H a invocat excepția prescripției dreptului material la acțiune. Instanța:","A. va admite excepția invocată, constatând că este împlinit termenul de prescripţie extinctivă și va respinge acțiunea
B. va respinge excepția invocată, în considerarea faptului că imobilul se află în posesia reclamantului, și va admite acțiunea
C. va respinge excepția invocată, reținând că termenul de prescripție a dreptului la acțiune s-ar fi împlinit pe 15 martie 2016, și va admite acțiunea",B
30.  Punerea în întârziere:,"A. a debitorului prin cererea de chemare în judecată formulată de creditor permite debitorului să își execute obligația într-un termen rezonabil după primirea cererii, situație în care cheltuielile de judecată rămân în sarcina reclamantului
B. a creditorului de către debitor determină preluarea de către creditor a riscului imposibilității de executare a obligației, iar debitorul este ținut să restituie fructele culese după punerea în întârziere
C. a debitorului, în folosul căruia curge prescripția, conduce la întreruperea cursului prescripției extinctive numai dacă aceasta este urmată de chemarea lui în judecată în termen de 6 luni de la data punerii în întârziere",AC
31.  În materia simulaţiei:,"A. actul secret poate fi invocat de succesorii cu titlu particular ai părţilor faţă de terţii de bună-credinţă care au dobândit drepturi de la achizitorul aparent
B. actul secret nu produce efecte între părți, dacă el nu îndeplinește condițiile de fond cerute de lege pentru încheierea sa valabilă
C. creditorii înstrăinătorului aparent sunt preferați creditorilor dobânditorului aparent, dacă creanța primilor este anterioară actului secret",BC
"32.  H a încheiat cu M un contract de mandat cu titlu oneros prin care l-a împuternicit să înstrăineze producția sa de 500 tone de cartofi, cu prețul 1 leu/kg. În baza mandatului, M a vândut cantitatea de cartofi către un lanț de magazine, cu prețul de 1,5 lei/kg, obținând suma totală de 750.000 lei. Din aceasta, la momentul desocotirii mandatului, după ce i-a fost plătită remunerația, M i-a predat lui H suma de 500.000 lei, reținând diferența. H l-a notificat cerându-i diferența de preț, însă M a refuzat. Prin raportare la situația de fapt descrisă:","A. H este îndreptățit să obțină diferența de preț, chiar dacă prețul încasat de M este mai mare decât cel prevăzut în împuternicire
B. M va păstra diferența de preț, deoarece a remis lui H prețul mărfii în conformitate cu clauzele împuternicirii sale
C. H poate obține și dobânda calculată la diferența de preț, de la data încasării acestei sume de către M",A
"33.  În materia răspunderii civile delictuale, cel care:","A. fiind în legitimă apărare, a cauzat prin fapta proprie un prejudiciu agresorului, de regulă, nu datorează despăgubire
B. suferă un prejudiciu cu caracter de continuitate este îndreptățit la despăgubiri sub forma unor prestații periodice
C. răspunde pentru fapta altuia se poate întoarce întotdeauna împotriva aceluia care a cauzat prejudiciul",AB
"34.  M, minor în vârstă de 17 ani, s-a căsătorit cu D. În timpul căsătoriei, M i-a donat lui D un imobil, bunul său propriu. Ulterior, căsătoria dintre cei doi a fost declarată nulă, ca urmare a faptului că D era căsătorită la încheierea acesteia, fapt pe care i-l ascunsese lui M. În raport de această situație:","A. donația este lovită de nulitate absolută
B. M poate revoca donația prin voința sa unilaterală și după rămânerea definitivă a hotărârii de declarare a nulității căsătoriei dintre el și D
C. donația va rămâne valabilă dacă M o confirmă după aflarea cauzei de nulitate a căsătoriei",C
35.  Soțul supraviețuitor care a acceptat succesiunea:,"A. dacă se recăsătorește, pierde dreptul de abitație, dar nu mai devreme de un an de la data deschiderii succesiunii
B. dacă vine în concurs cu descendenții defunctului, moștenește mobilierul și obiectele de uz casnic care au fost afectate folosinței comune a soților
C. culege ½ din moștenire, dacă au acceptat succesiunea și nepotul de soră predecedată a defunctului, dezmoștenit de către aceasta, precum și vărul primar al defunctului",C
36.  Nulitatea absolută a persoanei juridice:,"A. se acoperă, dacă nu este invocată în termen de un an de la data înregistrării sau înființării persoanei juridice
B. intervine, dacă nu s-a respectat numărul minim de fondatori sau asociați prevăzut de lege
C. constatată prin hotărâre judecătorească rămasă definitivă determină intrarea în lichidare a persoanei juridice",C
"37.  În urma unui incendiu spontan izbucnit la locuința sa, X a chemat pompierii, care, pentru a izola focarul de incendiu, au distrus în proporție de 25% locuința vecinului Y. Acesta din urmă l-a chemat în judecată pe X, pentru a fi obligat la despăgubiri în sumă de 70.000 lei, reprezentând paguba suferită, care este de două ori mai mare decât valoarea protejată prin stingerea incediului pentru locuința pârâtului, având în vedere calitatea materialelor integrate în locuința parțial distrusă a reclamantului. Pârâtul s-a apărat și a cerut respingerea acțiunii, pretinzând că a acționat în stare de necesitate. Instanța:","A. va admite acțiunea așa cum a fost formulată
B. va respinge acțiunea
C. va admite în parte acțiunea numai în limita îmbogățirii pârâtului",C
38.  Dacă un terț beneficiar al unei stipulații pentru altul:,"A. nu acceptă stipulația, dreptul său se consideră că nu a existat niciodată
B. acceptă stipulația după decesul promitentului, acceptarea rămâne fără efect
C. nu primește de la promitent prestația promisă, el poate solicita rezoluțiunea contractului pentru neexecutarea obligației de către promitent",A
39.  Uzufructul:,"A. se poate constitui și în favoarea unei persoane care va exista în viitor
B. constituit până la data la care o persoană va ajunge la o anumită vârstă, se stinge prin moartea acelei persoane înainte de împlinirea vârstei stabilite
C. constituit în favoarea unei persoane juridice, se prezumă că este constituit pe o durată de 30 de ani dacă în convenția din care a luat naștere nu s-a prevăzut durata uzufructului",C
"40.  T a cumpărat de la F un automobil de epocă, sperând să fie admis într-o competiție automobilistică de profil, aspect pe care i l-a adus la cunoștință lui F. Deși F cunoștea faptul că automobilul nu se încadra în condițiile de participare la competiția respectivă din cauza anului de fabricație, profitând de faptul că T credea contrariul și că acesta mai avea la dispoziție două zile pentru înscriere, i-a vândut automobilul cu un preț cu 20% mai mare decât valoarea sa de piață. În această situație, T:","A. poate obține anularea contractului invocând leziunea deoarece F a profitat de eroarea în care s-a aflat cu privire la condițiile de participare la competiție
B. poate să opteze pentru menținerea contractului și reducerea prețului cu valoarea daunelor interese la care ar fi îndreptățit
C. poate obține anularea contractului invocând eroarea esențială",B
41.  În ceea ce privește soluționarea unui process civil:,"A. în cazul în care probele propuse de părţi nu sunt îndestulătoare pentru lămurirea în întregime a procesului, judecătorul este obligat, sub sancţiunea nulităţii hotărârii, să administreze probe din oficiu, cu punerea prealabilă în discuția părţilor a acestui aspect
B. judecătorul are dreptul de a invoca din oficiu încălcarea oricăror norme de procedură care au legătură cu procesul
C. în cazurile expres prevăzute de lege, precum și în procedura necontencioasă, judecătorul va dispune din oficiu introducerea în cauză a altor persoane, chiar dacă părţile se împotrivesc",C
42.  Este adevărat că:,"A. hotărârea prin care se admite excepția de necompetență și se dispune trimiterea dosarului la instanța judecătorească competentă este supusă numai recursului la instanța ierarhic superioară
B. cererea prin care asiguratul solicită despăgubiri de la societatea de asigurare se va putea face și la instanța de la domiciliul sau sediul asiguratului
C. dacă instanţa se declară necompetentă şi respinge cererea ca nefiind de competenţa instanţelor române, hotărârea este supusă numai recursului la instanţa ierarhic superioară",BC
43.  Acțiunea civilă:,"A. având ca obiect plata chiriei pentru un imobil închiriat nu este o acțiune reală
B. va fi respinsă fără a se analiza fondul litigiului, dacă instanța constată că dreptul subiectiv pretins de reclamant nu există
C. va fi respinsă fără a se analiza fondul dreptului, dacă se admite excepția lipsei calității procesuale active",AC
44.  Sunt cereri personale:,"A. cererea prin care locatarul îl cheamă în judecată pe locator, solicitând obligarea acestuia din urmă la predarea imobilului ce formează obiectul contractului de locaţiune
B. cererea prin care se solicită pronunţarea unei hotărâri care să ţină loc de act autentic de vânzare a unui imobil
C. cererea prin care se apără un dezmembrământ al dreptului de proprietate cu privire la un imobil",AB
"45.  Împuternicirea de a reprezenta, într-un proces civil, o persoană fizică, dată mandatarului:","A. care nu are calitatea de avocat, se dovedeşte prin înscris sub semnătură legalizată
B. care nu are calitatea de avocat, poate fi dată şi prin declaraţie verbală, făcută în instanţă şi consemnată în încheierea de şedinţă
C. care nu are calitatea de avocat, dă dreptul acestuia de a pune concluzii asupra excepţiilor procesuale, fără să fie asistat de avocat, în cazul în care mandatarul este rudă până la gradul al treilea inclusiv cu partea pe care o reprezintă, dacă este licenţiat în drept",B
"46.  Dacă legea nu prevede altfel, nulitatea relativă a actelor de procedură trebuie invocată:","A. la primul termen de judecată, pentru neregularităţile săvârşite până la începerea judecăţii, dacă întâmpinarea nu este obligatorie
B. pentru neregularităţile săvârşite în cursul judecăţii, până la termenul imediat următor termenului la care s-a săvârşit neregularitatea, dacă partea este prezentă
C. pentru neregularităţile săvârşite în cursul judecăţii, la termenul de judecată imediat următor şi înainte de a pune concluzii pe fond, dacă partea nu este prezentă",AC
47.  Împotriva încheierii de anulare a cererii de chemare în judecată pronunţată în procedura de regularizare:,"A. atât reclamantul cât şi pârâtul vor putea face numai cerere de reexaminare, solicitând motivat să se revină asupra măsurii anulării
B. reclamantul va putea face numai cerere de reexaminare în termen de 15 zile de la data comunicării încheierii
C. reclamantul va putea face numai cerere de reexaminare, iar, în caz de admitere a acestei cereri, cauza se va trimite la un alt complet decât cel iniţial învestit",B
"48.  Arătarea titularului dreptului, spre deosebire de cererea de chemare în garanție:","A. nu parcurge etapa admisibilității în principiu
B. nu trebuie făcută în forma unei cereri de chemare în judecată
C. poate fi făcută doar de către pârât",BC
49.  Nu este adevărat că:,"A. prin cererea reconvenţională, pârâtul poate chema în judecată şi alte persoane pe lângă reclamantul din cererea principală
B. în cazul modificării cererii de chemare în judecată, legea prevede expres că întâmpinarea trebuie formulată în termen de 10 zile de la comunicarea cererii modificate
C. întâmpinarea față de cererea de chemare în judecată modificată va fi cercetată de reclamant la dosarul cauzei",B
50.  Cererea de sechestru asigurător:,"A. poate fi încuviințată și atunci când este formulată de creditorul a cărui creanță nu este constatată în scris
B. se soluționează întotdeauna de instanţa de la locul situării bunurilor ce urmează a fi sechestrate
C. se soluționează printr-o încheiere care este supusă recursului în toate cazurile în care competenţa de primă instanţă aparţine tribunalului",A
51.  Referitor la procedura administrării probelor de către avocați:,"A. aceasta poate avea loc în orice litigiu, dacă părțile prezente personal sau reprezentate prin avocat convin acest lucru
B. dacă s-a încuviinţat audierea ca martori a copiilor care nu au împlinit vârsta de 14 ani, aceasta se va face numai de către instanţa judecătorească
C. dacă s-a dispus cercetarea la fața locului, aceasta se va face numai de către instanța judecătorească",BC
52.  Hotărârea judecătorească:,"A. poate fi lămurită cu privire la înţelesul, întinderea sau aplicarea considerentelor hotărârii ori dacă acestea sunt contradictorii, la cererea părților, prin încheiere dată în camera de consiliu, cu citarea părţilor
B. se va întocmi în două exemplare originale
C. se va comunica din oficiu părților, în copie, chiar dacă este definitivă",BC
53.  Cheltuielile de judecată:,"A. reprezentând taxele judiciare de timbru nu pot fi micșorate de instanța judecătorească
B. reprezentând onorariul de avocat pot fi reduse de instanța judecătorească, numai la cererea părții interesate
C. asupra cărora prima instanță a omis să se pronunțe pot fi obţinute pe calea apelului împotriva hotărârii de primă instanţă",A
54.  Nu reprezintă încălcări ale regulii potrivit căreia nu pot fi formulate pretenţii noi în apel următoarele:,"A. în apel pot fi cerute dobânzi ivite după depunerea cererii de chemare în judecată şi până la închiderea dezbaterilor la instanţa de fond
B. în apel poate fi invocată direct compensaţia legală
C. în apel poate fi formulată direct o cerere de chemare în garanţie, cu acordul părţii adverse",B
55.  În ceea ce priveşte cererea de revizuire a unei hotărâri judecătoreşti:,"A. aceasta este de competenţa instanţei mai mare în grad faţă de instanţa care a dat hotărârea a cărei revizuire se cere, indiferent de motivul invocat
B. în cazul în care revizuirea se cere pentru existenţa unor hotărâri definitive potrivnice, aceasta este în toate cazurile de competenţa instanţei care a dat prima hotărâre
C. în cazul în care se invocă prin cererea de revizuire motive care atrag competenţe diferite, nu va opera prorogarea competenţei",C
56.  Mărturisirea:,"A. poate fi făcută doar în cadrul procedurii interogatoriului
B. poate conduce la confruntarea părților în procesul civil, când ambele părţi sunt de față la luarea interogatoriului
C. extrajudiciară verbală nu poate fi invocată în cazurile în care proba cu martori nu este admisă",BC
57.  Ordonanța președințială:,"A. este întotdeauna supusă numai apelului
B. se soluționează de instanța judecătorească competentă să se pronunțe în primă instanță asupra fondului dreptului
C. este inadmisibilă când este în curs judecata asupra fondului",B
58.  În procedura de evacuare a imobilelor folosite sau ocupate fără drept:,"A. cererea de evacuare se judecă fără citarea părţilor în cazul în care evacuarea imobilului pentru neplata chiriei se solicită în baza unui contract care constituie, pentru plata acesteia, titlu executoriu, potrivit legii
B. întâmpinarea nu este obligatorie
C. hotărârea de evacuare este executorie şi poate fi atacată numai cu recurs",AB
59.  În ceea ce priveşte instanţa de executare:,"A. aceasta este judecătoria în a cărei circumscripţie se află, la data sesizării organului de executare, bunurile ce urmează a fi executate silit, în afara cazurilor în care legea dispune altfel
B. dacă prin lege nu se dispune altfel, aceasta se pronunţă prin încheiere executorie, care poate fi atacată cu recurs, în termen de 10 zile de la comunicare
C. aceasta soluţionează cereri de încuviinţare a executării silite",C
"60.  Contestația privind lămurirea înţelesului, întinderii sau aplicării titlului executoriu:","A. se poate face în termen de cel mult 15 zile de la data când contestatorul a luat cunoștință de actul de executare pe care îl contestă
B. nu trebuie să îmbrace forma cererii de chemare în judecată și nu este supusă procedurii regularizării
C. este de competența instanței care a pronunțat hotărârea, atunci când titlul executoriu este o hotărâre judecătorească",C
61.  Desistarea ori împiedicarea producerii rezultatului constituie cauze de nepedepsire dacă făptuitorul:,"A. a acţionat din culpă
B. a acţionat mai înainte de descoperirea faptei
C. a acţionat sub imperiul unei constrângeri",B
"62.  Fapta inculpatului care a strigat către alţi inculpaţi care loveau cu bâtele o persoană căzută la pământ că ""aceasta trebuie omorâtă"", iar, în urma loviturilor primite, victima a încetat din viaţă constituie:","A. o contribuţie de instigator la infracţiunea de omor
B. o contribuţie de complice la infracţiunea de omor
C. o faptă fără semnificaţie penală",B
63.  Fapta inculpatului care a săvârşit acte de complicitate la infracţiunea de delapidare sub ameninţarea autorului faptei că va dezvălui antecedentele sale penale şi îl va îndepărta din serviciu:,"A. nu este infracţiune, fiind săvârşită în condiţiile constrângerii morale
B. nu este infracţiune, fiind săvârşită în condiţiile stării de necesitate
C. este infracţiune",C
64.  Pentru a exista concurs ideal de infracțiuni este necesar ca:,"A. infracțiunile comise să fie săvârșite doar cu intenție sau doar din culpă
B. infracțiunile să fie săvârșite de aceeași persoană, chiar și cu forme de vinovăție diferite
C. să existe unitate de subiect pasiv secundar",A
"65.  În cazul în care în cauză sunt incidente două circumstanțe atenuante, una legală și cealaltă judiciară:","A. maximul special al pedepsei prevăzute de lege pentru infracțiunea săvârșită se reduce cu o treime
B. limitele de pedeapsă pentru infracțiunea săvârșită se reduc cu o treime
C. limitele de pedeapsă prevăzute pentru infracțiunea săvârșită se pot reduce cu câte o treime în mod succesiv, ca efect al fiecărei circumstanțe",B
"66.  În cazul în care instanța pronunță o soluție de condamnare la pedeapsa închisorii, a cărei executare este suspendată sub supraveghere:","A. este obligatorie aplicarea unei pedepse accesorii
B. este obligatorie impunerea în sarcina inculpatului a unor obligații dintre cele prevăzute de art. 93 alin. 2 C.pen.
C. pedepsele complementare urmează să fie executate după împlinirea termenului de supraveghere",AB
"67.  Retragerea plângerii prealabile înlătură răspunderea penală, dacă aceasta:","A. este făcută personal de persoana vătămată care are capacitate de exerciţiu restrânsă
B. este făcută personal de persoana vătămată și este însușită de procuror, atunci când acțiunea penală a fost pusă în mișcare din oficiu
C. este făcută personal de persoana cu capacitate de exerciţiu restrânsă cu încuviinţarea reprezentantului legal",BC
68.  Participaţia penală este improprie când:,"A. toţi participanţii contribuie din culpă la săvârşirea faptei prevăzute de legea penală
B. autorul acţionează cu intenţie şi complicele fără vinovăţie
C. complicele acţionează cu intenţie, iar autorul fără vinovăţie",BC
69.  Revocarea suspendării sub supraveghere a executării pedepsei este facultativă:,"A. dacă în termenul de supraveghere se săvârşeşte o infracţiune intenţionată, descoperită în acelaşi termen, pentru care s-a pronunţat o condamnare definitivă la pedeapsa amenzii
B. dacă în termenul de supraveghere se săvârşeşte o infracţiune din culpă, descoperită în acelaşi termen, pentru care s-a pronunţat o condamnare definitivă, indiferent de natura pedepsei
C. dacă infracţiunea săvârşită în termenul de supraveghere este descoperită ulterior expirării acestuia",B
70.  Circumstanțele reale:,"A. spre deosebire de circumstanțele personale, se răsfrâng atât asupra autorului, cât și asupra participanților, numai dacă le-au cunoscut sau prevăzut
B. pot duce la o încadrare juridică pentru o infracțiune mai gravă, atunci când sunt prevăzute ca element constitutiv al acesteia
C. nu au niciun efect, dacă puteau fi prevăzute de către făptuitor, dar acesta a ales să le ignore",AB
"71.  Inculpatul a fost trimis în judecată reținându-se că în luna mai 2015 l-a primit în locuința sa, i-a oferit găzduire și l-a ascuns timp de peste o lună pe KG, cunoscând că este autorul furtului de la un magazin de bijuterii din localitate, pentru a nu fi depistat de organele de poliție. În această perioadă inculpatul a acceptat să valorifice o parte din bijuteriile sustrase, banii obținuți fiind împărțiți. Față de această stare de fapt, inculpatul va raspunde:","A. pentru infracțiunea de favorizare a infractorului
B. pentru infracțiunea de tăinuire
C. pentru infracțiunea de favorizare a infractorului în concurs cu infracțiunea de tăinuire",C
"72.  Inculpatul a fost trimis în judecată, reținându-se că pe timp de noapte a pătruns fără drept în apartamentul lui X. În timp ce sustrăgea bunuri pe care le punea într-o geantă, a fost surprins de X, pe care l-a amenințat cu un cuțit, reușind astfel să fugă cu bunurile sustrase. Pe casa scărilor urca Y, locatar în același imobil, care și-a dat seama că ceva nu este in regulă și a încercat să-l oprească pe inculpat, cerându-i explicații, context în care inculpatul i-a aplicat lui Y o lovitură cu pumnul în față, acesta s-a dezechilibrat și a căzut lovindu-se la cap, apoi decedând. Față de această stare de fapt, inculpatul va răspunde pentru:","A. o infracțiune de tâlharie agravată în concurs cu o infracțiune de loviri sau vătămări cauzatoare de moarte
B. o infracțiune de tâlhărie în forma agravată
C. două infracțiuni de tâlhărie în forma agravată",B
"73.  Inculpatul a fost trimis în judecată, reținându-se că, fiind angajat ca șofer al unei societăți, a fost trimis de patronul societății angajatoare la primarul localității, urmând să-i predea acestuia suma de 5.000 euro, pentru ca primarul să emită o autorizație de construire conform unei înțelegeri prealabile între primar și patronul societății. Din probele administrate a rezultat că documentația pentru eliberarea autorizației nu era completă, dar primarul era dispus să treacă cu vederea acest lucru contra unor foloase, discuțiile fiind purtate în prezența inculpatului. Inculpatul a remis suma de bani, iar la întoarcere a fost reținut de organele de poliție care au supravegheat întreaga derulare a faptelor. Față de această stare de fapt:","A. inculpatul va răspunde pentru infracțiunea de dare de mită
B. inculpatul va răspunde pentru infracțiunea de complicitate la dare de mită
C. inculpatul nu va răspunde pentru nicio infracțiune fiind apărat de cauza justificativă reglementată de art. 21 C. pen.",B
"74.  Inculpatul a fost trimis în judecată, reținându-se că a luat ''la ocazie'' persoana vătămată, pe care a transportat-o aproximativ 40 km. Fiind nemulțumit de suma de 7 lei oferită la destinație de persoana vătămată, inculpatul a blocat ușile autoturismului și a transportat-o împotriva voinței sale încă aproximativ 30 km până în satul unde domicilia inculpatul. Aici inculpatul a forțat persoana vătămată căreia i-a aplicat mai multe lovituri cu pumnii și picioarele, să intre într-o pivniță, spunându-i că în zilele următoare o să-i păzească oile, până o să considere că și-a plătit transportul. După mai mult de 6 ore, persoana vătămată a fost eliberată prin intervenția organelor de poliție, alertate de vecinii care au auzit strigătele de ajutor ale acesteia. Din certificatul medico-legal a rezultat că persoana vătămată a suferit leziuni vindecabile în 30-35 zile de îngrijiri medicale. Față de această stare de fapt, inculpatul va răspunde pentru:","A. infracțiunea de lipsire de libertate în mod ilegal, șantaj și lovire sau alte violențe
B. infracțiunea de lipsire de libertate în mod ilegal și lovire sau alte violențe
C. infracțiunea de lipsire de libertate în mod ilegal în forma agravată și lovire sau alte violențe",B
"75.  Inculpatul a fost trimis în judecată, reținându-se că, în urma unei vizite la un văr primar, a aflat că acesta venise recent din Italia, de unde și-a adus mai multe obiecte de îmbrăcăminte, pe care, de altfel, chiar i le-a arătat. În zilele următoare, s-a dus din nou în vizită la vărul său și a intrat în casă pe ușa deschisă, constatând că înăuntru nu se afla nimeni. Inculpatul a sustras blugi, tricouri, 3 perechi de pantofi și un telefon mobil, pe care le-a dus la domiciliul său. Dându-și seama că va fi suspectat, inculpatul a aruncat toate bunurile în foc, pentru a șterge orice urmă. Față de această stare de fapt:","A. inculpatul va răspunde pentru infracțiunea de furt
B. inculpatul va răspunde pentru infracțiunea de furt si distrugere, aflate in concurs
C. se va dispune încetarea procesului penal dacă lipsește plângerea prealabilă necesară",AC
"76.  Inculpații AB și CD au determinat victima să-i însoțească la apartamentul unuia dintre ei, după care au întreținut fiecare raporturi sexuale cu victima prin constrângere, în sensul că fiecare a imobilizat victima pentru ca celălalt inculpat să întrețină raporturi sexuale cu aceasta. În această situație:","A. fiecare inculpat va răspunde pentru o infracțiune de viol în formă agravată și o infracțiune de complicitate la viol în formă agravată
B. fiecare inculpat va răspunde pentru o infracțiune de viol în formă agravată
C. fiecare inculpat va răspunde pentru o infracțiune de viol în formă agravată și lipsire de libertate în mod ilegal",B
"77.  Inculpatul a fost trimis în judecată, reținându-se că și-a încredințat cartea de identitate unui prieten care avea o fizionomie asemănătoare, în vederea folosirii acesteia în fața poliției locale, pentru întocmirea unui proces-verbal de contravenție. Față de această stare de fapt, inculpatul va răspunde:","A. pentru instigare la fals privind identitatea
B. pentru fals privind identitatea
C. pentru complicitate la fals privind identitatea",B
"78.  Inculpatul a fost trimis în judecată, reținîndu-se că a încheiat cu persoana vătămată AB un contract prin care AB îi punea la dispoziție sumele de bani necesare achiziționării lunare a cel puțin 200 capete ovine de pe tot cuprinsul țării, inculpatul urmând a fi plătit cu o sumă fixă lunară și un comision în funcție de realizări. După 5 luni în care inculpatul și-a îndeplinit obligațiile asumate prin contractul de prestări servicii, acesta a primit de la AB suma de 50.000 lei pentru achizițiile preconizate, bani pe care inculpatul și i-a însușit și cheltuit în interes personal. Față de această stare de fapt, inculpatul va răspunde pentru:","A. infracțiunea de abuz de încredere
B. infracțiunea de înșelăciune
C. infracțiunea de delapidare",A
79.  Legea penală română nu poate fi aplicată în baza principiului realității:,"A. dacă pedeapsa prevăzută de legea română pentru infracțiunea săvârșită de un cetățean român în afara teritoriului țării este închisoarea mai mare de 10 ani sau detențiunea pe viață
B. dacă infracțiunea săvârșită în afara teritoriului țării a fost comisă contra unui cetățean străin
C. dacă infracțiunea săvârșită în afara teritoriului țării a fost comisă de un cetățean străin sau fară cetățenie, împotriva unui cetățean român",AB
"80.  Inculpatul a fost trimis în judecată, reținându-se că împotriva acestuia a formulat plângere penală fosta soție pentru abandon de familie, deoarece în perioada mai-august 2016, pe parcursul a 4 luni, acesta nu a achitat pensia de întreținere stabilită prin hotărâre judecătorească în favoarea celor doi copii minori ai inculpatului, în vârstă de 11, respectiv 12 ani. Inculpatul a arătat și s-a dovedit că în cele 4 luni copiii au fost în grija sa, mama lor fiind plecată la muncă în străinătate. Față de această stare de fapt:","A. inculpatul răspunde pentru o singură infracțiune de abandon de familie în forma continuă
B. inculpatul răspunde pentru două infracțiuni de abandon de familie
C. inculpatul ar putea fi achitat pentru că fapta nu a fost săvârșită cu vinovăția prevăzută de lege",AC
81.  Ordonanţa de clasare:,"A. în anumite situaţii poate fi dată şi de organul de cercetare penală
B. poate fi atacată cu plângere la procurorul ierarhic superior chiar dacă în cauză nu a fost pusă în mişcare acţiunea penală
C. în anumite situaţii poate fi revocată",BC
82.  În procedura de cameră preliminară:,"A. persoana vătămată nu se citează pentru termenul stabilit în vederea soluţionării cererilor şi excepţiilor formulate
B. asistenţa juridică a inculpatului nu este niciodată obligatorie
C. termenul stabilit de judecător pentru formularea cererilor şi excepţiilor nu poate fi mai scurt de 20 de zile",C
83.  Partea civilă:,"A. nu poate renunţa la pretenţiile civile decât cu acordul inculpatului
B. poate renunţa în mod expres la apel
C. are dreptul de a consulta dosarul, în condiţiile legii",BC
84.  Măsura arestării preventive:,"A. nu poate fi dispusă faţă de un suspect minor
B. poate fi dispusă doar în cauzele privind infracţiuni pentru care legea prevede pedeapsa închisorii de 7 ani ori mai mare
C. poate fi dispusă şi în procedura de cameră preliminară",AC
85.  În cursul urmăririi penale:,"A. revocarea unei măsuri preventive se dispune doar de către judecătorul de drepturi şi libertăţi
B. procurorul poate delega prin ordonanţă organului de cercetare penală punerea în mişcare a acţiunii penale
C. durata maximă a măsurii arestării preventive este de 180 de zile",C
86.  În cursul judecăţii în primă instanţă:,"A. instanţa nu poate administra probe din oficiu în nicio situaţie
B. inculpatul poate cere administrarea de probe noi şi în cursul cercetării judecătoreşti
C. în anumite condiţii, instanţa prin încheiere poate dispune reluarea urmăririi penale",B
87.  În materie penală:,"A. nu este obligatorie participarea procurorului la judecarea cauzelor în primă instanţă de către judecătorie
B. la dezbaterile pe fond prima instanţă de judecată dă cuvântul întâi inculpatului
C. legea permite disjungerea cauzei cu privire la unele dintre infracţiunile deduse judecăţii",C
88.  Şedința de judecată:,"A. poate fi declarată nepublică la cererea procurorului
B. poate fi declarată nepublică din oficiu
C. nu poate fi declarată nepublică la cererea unui martor",AB
89.  În cazul măsurilor asigurătorii:,"A. măsura asigurătorie luată de procuror poate fi contestată potrivit legii doar la procurorul ierarhic superior
B. în anumite situaţii, măsurile asigurătorii pot fi luate şi asupra unor bunuri ale unor persoane care nu sunt părţi în proces
C. pot fi sechestrate şi bunuri aparţinând unei instituţii publice",B
90.  Apelul:,"A. declarat împotriva unei sentinţe de condamnare se judecă cu citarea părţilor şi a persoanei vătămate
B. declarat în termen este suspensiv de executare, în afară de cazul în care legea dispune altfel
C. nu poate fi declarat pentru inculpat şi de soţul acestuia",AB
91.  Acţiunea civilă exercitată în procesul penal:,"A. este scutită de taxă de timbru
B. trebuie soluţionată de instanţa penală în caz de încetare a procesului penal ca urmare a retragerii plângerii prealabile
C. trebuie soluţionată de instanţa penală în caz de achitare ca urmare a existenţei unei cauze de neimputabilitate",AC
92.  Potrivit dispoziţiilor generale privitoare la contestaţie:,"A. contestaţia nu poate fi făcută de către procuror
B. termenul în care se poate face contestaţie este de 10 zile dacă legea nu prevede altfel
C. contestaţia poate fi respinsă ca inadmisibilă, în condiţiile legii",C
"93.  Înlocuirea măsurii arestului la domiciliu cu măsura arestării preventive poate fi dispusă, în condițiile prevăzute de lege:","A. în toate cazurile în care inculpatul refuză să dea declaraţii pe parcursul procesului penal
B. la cererea motivată a procurorului sau din oficiu
C. în cazul în care inculpatul încalcă cu rea-credinţă obligaţiile care îi revin",BC
94.  Potrivit dispoziţiilor legale privind citarea în procesul penal:,"A. chemarea unei persoane în faţa procurorului se face doar prin citaţie scrisă
B. citaţia este individuală
C. suspectul nu poate fi citat şi la adresa locului său de muncă",B
95.  Plângerea prealabilă:,"A. poate fi făcută şi prin mandatar cu mandat special, procura rămânând ataşată plângerii
B. se adresează doar procurorului
C. trebuie să fie introdusă în cel mult 20 de zile din ziua în care persoana vătămată a aflat de săvârşirea faptei",A
"96.  În materie penală, tribunalul:","A. poate judeca apeluri, în anumite cazuri
B. poate soluţiona contestaţii, în anumite cazuri
C. poate soluţiona cereri de strămutare, în anumite cazuri",B
97.  În procedura specială care reglementează acordul de recunoaștere a vinovăției:,"A. procurorul ierarhic superior poate dispune prin ordonanță motivată ca inculpatul să inițieze un acord de recunoaștere a vinovăției
B. procurorul nu mai întocmește rechizitoriu cu privire la inculpații cu care a încheiat acordul
C. este obligatorie semnarea acordului şi de către organul de cercetare penală",B
98.  Potrivit dispoziţiilor generale privind judecata:,"A. notele grefierului cu privire la desfăşurarea procesului nu pot fi niciodată contestate
B. judecata are loc doar la sediul instanţei
C. infracţiunea de audienţă se constată de preşedintele completului de judecată",C
"99.  Acţiunea penală nu poate fi pusă în mişcare, iar când a fost pusă în mişcare nu mai poate fi exercitată dacă:","A. a intervenit un transfer de proceduri cu un alt stat, potrivit legii
B. s-a dispus radierea suspectului persoană juridică
C. a intervenit graţierea",AB
100.  Termenul de apel:,"A. pentru procuror curge de la pronunţarea hotărârii
B. pentru persoana vătămată curge de la comunicarea hotărârii redactate
C. pentru inculpat curge de la comunicarea copiei minutei",C
