"1.  Avocatul definitiv are dreptul să pună concluzii la toate instanțele, cu excepţia Înaltei Curţi de Casaţie şi Justiţie şi Curţii Constituţionale, unde va putea pune concluzii dacă:","A. are o vechime neîntreruptă în profesie de cel puţin 3 ani de la definitivare
B. are o vechime neîntreruptă în profesie de cel puţin 5 ani de la data când a devenit avocat stagiar
C. are o vechime neîntreruptă în profesie de cel puţin 5 ani de la definitivare",C
"2.  Avocatul stagiar AA nu și-a achitat contribuțiile profesionale către Barou, către U.N.B.R. şi către sistemul propriu de asigurări sociale mai mult de 3 luni de la scadența acestora. Această situație poate intra sub incidența:","A. suspendării din profesie
B. nedemnității privind profesia de avocat
C. încălcării îndatoririlor profesionale ale avocatului",AC
3.  Un avocat stagiar își poate exercita profesia:,"A. şi într-un cabinet individual de avocat
B. în mai multe forme de exercitare a profesiei, în același timp
C. sub îndrumarea unui alt avocat, indiferent de vechimea în profesie a acestuia, cu condiția să fie definitiv",A
"4.  În ceea ce privește formele de exercitare a profesiei de avocat, este adevărat că:","A. pot fi înstrăinate prin acte între vii numai între avocați definitivi și aflați în exercițiul profesiei
B. barourile țin evidența separată a avocaților pentru fiecare formă de exercitare a profesiei
C. obligațiile și răspunderea societății profesionale cu răspundere limitată sunt garantate cu patrimoniul",AB
5.  Exercitarea profesiei de avocat este incompatibilă cu:,"A. calitatea de consilier fiscal
B. ocupațiile care lezează bunele moravuri
C. activităţi didactice cu conţinut juridic în învățământul liceal şi gimnazial",B
6.  Avocatul are dreptul:,"A. să convină cu clienții onorarii superioare celor stabilite în tabloul onorariilor minimale adoptat de Consiliul
B. să-i fie decontate în cadrul asistenței judiciare, de către beneficiarul acesteia, toate cheltuielile de
C. să-i fie recunoscut ca vechime în muncă timpul servit în avocatură",AC
"7.  Potrivit legii, sunt instanțe disciplinare în ceea ce priveşte profesia de avocat:","A. Consiliul Baroului
B. Comisia Centrală de Disciplină din cadrul U.N.B.R.
C. Comisia Permanentă a U.N.B.R.",B
8.  Interdicția de a profesa avocatura dispusă prin hotărâre judecătorească atrage:,"A. nedemnitatea de a avea calitatea de avocat în perioada pentru care s-a dispus interdicția de a profesa
B. suspendarea din calitatea de avocat în perioada pentru care s-a dispus interdicția de a profesa
C. încetarea calității de avocat în perioada pentru care s-a dispus interdicția de a profesa",AB
9.  Dobândirea personalității juridice a societății profesionale cu răspundere limitată din avocatură are loc:,"A. la data înregistrării la Registrul Comerțului în a cărui rază teritorială se află sediul ei principal
B. la data înregistrării la Barou a deciziei emise de către Consiliul Baroului în a cărui rază teritorială se află
C. la data comunicării, către avocaţii asociaţi, a deciziei Consiliului Baroului unde s-a formulat cererea de",B
10.  Exercitarea profesiei de avocat este compatibilă cu:,"A. calitatea de deputat sau senator, consilier în consiliile locale sau județene
B. activităţi în domeniul cercetării științifice sau al creației intelectuale
C. activitatea salarizată în cadrul consiliilor locale sau județene",AB
"11.  Divulgarea de către avocat, fără drept, a unei informaţii confidenţiale din sfera privată a clientului său ori care priveşte un secret operațional sau comercial care i-a fost încredinţat în virtutea aceleiași calităţi sau de care a putut să ia cunoştinţă în timpul desfășurării activităţilor specifice profesiei:","A. încalcă dispozițiile legale cu privire la îndatoririle avocaților
B. constituie infracțiune
C. constituie un caz de nedemnitate",AB
12.  Sunt exceptate de la măsura ridicării de înscrisuri și de la măsura confiscării:,"A. înscrisurile care conțin comunicări între avocat și clientul său
B. orice înscris aflat asupra avocatului în cauză
C. orice comunicare de ordin profesional sau agendă personală",A
13.  Contactul dintre avocat și clientul său:,"A. nu poate fi stânjenit sau controlat direct sau indirect de niciun organ al statului
B. poate fi controlat numai de organul de urmărire penală, în cauzele penale
C. poate fi controlat de administrația locului de arest sau de detenție în cazul unor inculpați trimiși în judecată pentru infracțiuni de violență",A
"14.  Potrivit legii, sunt sancțiuni disciplinare aplicabile avocaților:","A. avertismentul
B. amenda de la 500 lei la 5.000 lei, care se face venit la filiala Casei de Asigurări a Avocaților, la care avocatul plătește contribuții de asigurări sociale
C. mutarea disciplinară în alt barou, pentru o perioadă de la o lună la un an",A
15.  Avocatul este obligat:,"A. să acorde asistență juridică în cauzele în care a fost desemnat din oficiu sau gratuit de către barou
B. să se abțină de la asistarea și sfătuirea unui client în realizarea de către acesta de acte sau fapte ce ar
C. să poarte robă atât în fața instanțelor judecătorești, cât și cu prilejul prezentării la sediul unei unități de",AB
"16.  Recursul declarat împotriva deciziei disciplinare a Comisiei Centrale de Disciplină, ca instanță de fond:","A. este judecat de Comisia Permanentă a U.N.B.R., constituită ca instanță disciplinară în plenul său
B. se soluționează printr-o hotărâre împotriva căreia partea interesată poate formula contestație la Secția de Contencios Administrativ și Fiscal a Curții de Apel București
C. este judecat de Consiliul U.N.B.R., constituit ca instanță disciplinară în plenul său, în afară de persoana",BC
"17.  Împotriva avocatului AA, care nu are nicio funcție în cadrul organelor de conducere a profesiei, a fost formulată o sesizare disciplinară de către colegul avocat BB, arătându-se că avocatul AA își exercită profesia făcând parte atât dintr-o societate civilă profesională din avocatură, cât și dintr-o societate profesională cu răspundere limitată din avocatură. Audiat cu privire la conținutul sesizării formulate împotriva sa, avocatul AA s-a apărat în fața Consiliului Baroului din care face parte, arătând că, deși este asociat atât într-o societate civilă profesională, cât și într-o societate profesională cu răspundere limitată, în aceasta din urmă are calitatea de avocat asociat suspendat din societate și, prin urmare, nu realizează niciun venit. Raportat la starea de fapt, urmează ca:","A. împotriva avocatului AA să nu fie exercitată acțiunea disciplinară și să nu fie aplicată o sancțiune disciplinară, având în vedere că, în cadrul societății profesionale cu răspundere limitată, acest avocat are calitatea de asociat suspendat și nu realizează niciun venit profesional
B. împotriva avocatului AA să fie exercitată acțiunea disciplinară și să fie aplicată o sancțiune disciplinară,
C. în cazul sesizării comisiei de disciplină a Baroului din care face parte avocatul AA, aceasta va fi competentă să judece, în primă instanță, fapta de natură disciplinară reproșată avocatului AA, în complet de 3 membri",BC
18.  Departamentul de coordonare a asistenței judiciare exercită în principal următoarele atribuții:,"A. organizează și coordonează metodologia de plată a onorariilor pentru asistența judiciară acordată
B. organizează serviciile de asistenţă judiciară atât la nivelul fiecărui barou, cât şi la sediul fiecărei instanţe
C. organizează şi actualizează Registrul de asistenţă judiciară al fiecărui barou pe baza cererilor avocaţilor,",A
19.  Acțiunea disciplinară împotriva unui avocat poate fi exercitată:,"A. în termen de cel mult 1 an de la data luării la cunoştinţă, de către Consiliul Baroului, despre săvârșirea abaterii, dar nu mai târziu de 4 ani de la data săvârșirii acesteia
B. în termen de cel mult 6 luni de la data luării la cunoştinţă, de către Consiliul Baroului, despre săvârșirea abaterii, dar nu mai târziu de 2 ani de la data săvârșirii acesteia
C. în termen de cel mult 1 an de la data luării la cunoştinţă, de către Consiliul Baroului, despre săvârșirea abaterii, dar nu mai târziu de 3 ani de la data săvârșirii acesteia",C
"20.  Împotriva avocatului AA, care nu are nicio funcție în cadrul organelor de conducere a profesiei, a fost exercitată acțiunea disciplinară de către Decanul Baroului B, din care avocatul face parte. În esență, avocatului AA i se reproșa faptul că, la un termen de judecată, în fața unei instanțe civile, a folosit un limbaj nepotrivit, ofensându-l pe avocatul părții adverse și afirmând, în mod expres, că acesta nu stăpânește îndeajuns instituția civilă a novației prin schimbare de debitor. Comportamentul avocatului AA a fost consemnat ca atare și în încheierea de ședință, pe care a întocmit-o instanța civilă în fața căreia s-au petrecut faptele. Anchetarea avocatului AA s-a făcut de către Consiliul Baroului din care acesta face parte, reținându-se, în conținutul raportului întocmit cu acest prilej, starea de fapt mai sus descrisă. În acest caz:","A. primind sesizarea, comisia de disciplină din cadrul Baroului B se va declara necompetentă, cu motivarea că faptele reproșate avocatului AA s-au consumat în fața unei instanțe și în timpul unei ședințe de judecată, astfel că, potrivit legii, sancționarea disciplinară a avocatului AA trebuia dispusă direct de instanța de judecată, pentru săvârșirea unei abateri de audiență, prin care a fost tulburată solemnitatea ședinței de judecată
B. Decanul Baroului B nu are calitatea să exercite acțiunea disciplinară împotriva avocatului AA
C. anchetarea avocatului AA a fost făcută de un organ profesional competent, potrivit Legii",BC
21.  În materia erorii viciu de consimțământ:,"A. contractul poate fi anulat oricând chiar dacă faptul asupra căruia a purtat eroarea putea fi, după împrejurări, cunoscut cu diligențe rezonabile
B. simpla eroare de calcul nu atrage anularea contractului, cu excepția cazului în care, concretizându-se întro eroare asupra cantității, a fost esențială pentru încheierea contractului
C. nu este niciodată eroare viciu de consimțământ când declarația a fost transmisă inexact prin intermediul unei alte persoane sau prin mijloace de comunicare la distanță",B
22.  În cazul contractelor cu mai multe părți în care prestația fiecărei părți este făcută în considerarea unui scop comun:,"A. nulitatea contractului în privința uneia dintre părți atrage întotdeauna nulitatea în întregime a contractului
B. nulitatea contractului în privința uneia dintre părți poate atrage nulitatea în întregime a contractului, dacă participarea acelei părți este esențială pentru existența contractului
C. nulitatea contractului în privința uneia dintre părți nu atrage niciodată nulitatea în întregime a contractului",B
23.  Suspendarea prescripției extinctive se realizează în următoarele cazuri:,"A. când debitorul nu achită creditorului datoria și cere, în ultimele șase luni înainte de expirarea termenului de prescripție, un termen de plată
B. pe durata negocierilor purtate în scopul rezolvării pe cale amiabilă a neînțelegerilor dintre părți, dacă au fost ținute în ultimele șase luni înainte de expirarea termenului de prescripție
C. între soți, pe toată durata căsătoriei, chiar dacă sunt separați în fapt",B
24.  În cazul admiterii acțiunii în revendicare:,"A. cheltuielile utile efectuate de pârât se restituie la cererea acestuia, în limita sporului de valoare, dacă în lege nu se prevede altfel
B. cheltuielile necesare efectuate de pârât pentru producerea și culegerea productelor se restituie la cererea acestuia
C. cheltuielile voluptuare efectuate de pârât se restituie, la cererea acestuia, dacă ridicarea lucrărilor",AB
"25.  În materia contractului de închiriere a locuinței, în lipsa unei stipulații contrare:","A. numai chiriașul, nu și locatorul, poate denunța unilateral contractul încheiat pe o durată nedeterminată de timp
B. subînchirierea și cesiunea sunt permise numai cu acordul scris al locatorului
C. în lipsa unei stipulații contrare, în caz de cesiune a contractului, cesionarul răspunde solidar cu chiriașul",BC
26.  Dispozițiile legale privitoare la situațiile asemănătoare se aplică cu prioritate față de:,"A. lege
B. uzanțe
C. principiile generale ale dreptului",C
"27.  Persoana A, parte a unui contract încheiat la data de 30 iunie 2022, victimă a leziunii viciu de consimțământ, care a fost chemată în judecată de către creditorul său la data de 10 iulie 2023, pentru a fi obligată la executarea în natură a obligațiilor contractuale asumate:","A. poate opune cu succes, pe cale de excepție, anulabilitatea contractului, excepția nulității fiind
B. poate solicita, pe cale reconvențională, reducerea propriilor obligații cu valoarea daunelor-interese la care ar fi îndreptățită, cererea nefiind prescrisă
C. va fi obligată la executarea întocmai a obligațiilor sale, apărările de la pct. a) și b) urmând a fi respinse ca",C
"28.  Acceptarea ofertei, făcută în termen, dar care a ajuns la ofertant după expirarea termenului:","A. din motive imputabile acceptantului, produce efecte, contractul considerându-se încheiat, dacă ofertantul nu îl înștiințează pe acceptant despre aceasta de îndată
B. din motive imputabile serviciului poștal, împiedică întotdeauna încheierea contractului
C. din motive neimputabile acceptantului, produce efecte, contractul considerându-se încheiat, dacă",C
29.  Starea de necesitate:,"A. îl exonerează întotdeauna pe făptuitor de orice obligație civilă față de victimă, fiind o cauză care înlătură vinovăția acestuia
B. în care s-a găsit făptuitorul face ca acesta să fie obligat să-i plătească despăgubiri celui prejudiciat, pentru bunul distrus sau deteriorat, potrivit regulilor aplicabile îmbogățirii fără justă cauză
C. este o cauză care îl exonerează pe făptuitor de răspunderea civilă delictuală, înlăturând caracterul ilicit al faptei prejudiciabile",BC
30.  Lipsa discernământului făptuitorului la momentul săvârșirii faptei păgubitoare:,"A. ca regulă, în condițiile legii, constituie o cauză de exonerare de răspundere civilă, înlăturând vinovăția
B. este compatibilă cu obligarea făptuitorului la plata către victimă a unei indemnizații într-un cuantum
C. constituie o cauză de exonerare și atunci când starea de tulburare a minții a fost provocată de către însuși făptuitorul, prin beția produsă de alcool",AB
31.  Răspunderea pentru prejudiciile cauzate de animale sau de lucruri poate fi înlăturată dovedinduse de către cel chemat să răspundă că prejudiciul:,"A. a fost cauzat de un caz fortuit
B. a fost cauzat de un caz de forță majoră
C. a fost cauzat exclusiv de fapta unui terț",BC
32.  Compensația nu are loc atunci când:,"A. creanța rezultă dintr-un act făcut cu intenția de a păgubi
B. are ca obiect bunuri sesizabile
C. datoria are ca obiect restituirea bunului dat cu titlu de comodat",AC
"33.  Contractul prin care A, proprietar al unui bun imobil, se obligă față de B ca, în situația în care se va hotărî să vândă bunul, să-i notifice de îndată lui B intenția sa, făcându-i o ofertă de vânzare, B având dreptul de a cumpăra bunul mai înainte de oricine altcineva, drept pe care și-l poate exercita în termen de maxim 30 de zile de la data primirii ofertei de vânzare:","A. este un pact de preempțiune
B. este un pact de opțiune
C. dă naștere, în patrimoniul lui B, la un drept indivizibil și incesibil",AC
"34.  Primus l-a împuternicit pe Secundus să cumpere pentru el și în numele lui, în următoarele 6 luni, un apartament cu 2 camere situat în centrul orașului Brașov pentru suma de 80.000 euro. După 2 luni, Primus l-a împuternicit pe Tertius cu încheierea aceluiași act juridic. În aceste ipoteze:","A. oferta de mandat în ambele cazuri trebuie să îmbrace forma autentică pentru valabilitatea mandatului
B. mandatul a generat în sarcina lui Secundus o obligație de rezultat
C. împuternicirea dată lui Tertius a revocat mandatul dat lui Secundus",AC
35.  În materia contractului de tranzacție:,"A. obiectul său este divizibil, ea putând fi desființată în parte, chiar în lipsă de stipulație în acest sens
B. părțile trebuie să aibă deplina capacitate de exercițiu de a dispune de drepturile care formează obiectul contractului, cei care nu au această capacitate putând tranzacționa numai în condițiile prevăzute de lege
C. nu se poate tranzacționa asupra acțiunii civile derivând din săvârșirea unei infracțiuni",B
36.  În materia moștenirii legale:,"A. nu poate fi reprezentat descendentul de gradul I, aflat în viață la data deschiderii succesiunii, dacă este
B. cota soțului supraviețuitor al defunctului în concurs cu moștenitori legali aparținând unor clase diferite se stabilește ca și când acesta ar veni la moștenire numai cu cea mai apropiată dintre ele
C. dacă, în urma căsătoriei putative, două sau mai multe persoane au situația unui soț supraviețuitor, cota legală succesorală a fiecăruia dintre acești soți supraviețuitori se determină ca și cum ar fi singurul soț al defunctulu",B
37.  În cazul contractului de donație:,"A. oferta de donație poate fi revocată atât timp cât ofertantul nu a luat cunoștință de acceptarea
B. acceptarea ofertei de donație poate fi făcută de către moștenitorii destinatarului după decesul autorului lor
C. suntem întotdeauna în prezența unui contract unilateral",A
"38.  Dacă terțul beneficiar, deși a fost determinat la data încheierii stipulației, nu există la data la care obligația promitentului trebuie executată:","A. stipulația devine caducă
B. obligația promitentului subzistă și aceasta trebuie executată în favoarea stipulantului, fără a agrava însă
C. promitentul este liberat de obligație, considerându-se că aceasta nu a existat niciodată",B
"39.  La moștenirea lui A vin: soțul supraviețuitor, ambii părinți, un frate și doi nepoți de soră predecedată. În acest caz:","A. soțul supraviețuitor culege 6/12 din moștenire
B. fiecare dintre cei doi părinți culege 2/12 din moștenire
C. fiecare dintre cei doi nepoți de soră predecedată culege 1/12 din moștenire",BC
40.  În ceea ce privește obligația de garanție contra viciilor ascunse ale lucrului vândut:,"A. cumpărătorul este decăzut din dreptul la garanție dacă nu denunță viciul într-un termen de două zile
B. pierderea sau deteriorarea bunului, chiar prin forţă majoră, nu înlătură dreptul la garanție al cumpărătorului
C. dacă părțile nu au convenit altfel, vânzătorul este obligat să garanteze contra viciilor ascunse, chiar şi",BC
41.  În procedura necontencioasă judiciară de drept comun:,"A. instanța încuviințează cererea prin încheiere executorie împotriva căreia se poate exercita numai apel, cu excepția celei pronunţate de un complet al Înaltei Curți de Casație și Justiție, care este definitivă
B. dacă cererea dedusă judecății, prin însuşi cuprinsul ei ori prin obiecțiile ridicate de persoanele citate sau
C. încheierea prin care instanța soluționează cererea are autoritate de lucru judecat",A
42.  În procedura ordonanței președințiale:,"A. părțile nu sunt citate, în nicio situație, datorită caracterului urgent al procedurii
B. ordonanţa preşedinţială are autoritate de lucru judecat faţă de o altă cerere de ordonanţă preşedinţială, chiar dacă s-au modificat împrejurările de fapt care au justificat-o
C. hotărârea dată asupra fondului dreptului are autoritate de lucru judecat asupra unei cereri ulterioare de ordonanță președințială",C
43.  Declarația de abținere sau cererea de recuzare:,"A. se judecă de instanţa ierarhic superioară, când, din pricina abținerii sau recuzării, nu se poate alcătui
B. se judecă, în toate cazurile, de instanța ierarhic superioară
C. se soluționează, de îndată, în camera de consiliu, fără prezența părților, ascultând judecătorul recuzat",AC
44.  Cererea de intervenție voluntară principală:,"A. poate fi formulată în orice fază a procesului civil, inclusiv în recurs, până la închiderea dezbaterilor
B. în situația în care este admisă în principiu, intervenientul va prelua procedura în starea în care se află în momentul admiterii intervenției, dar va putea solicita administrarea de probe prin cererea de intervenție sau cel mai târziu până la primul termen de judecată ulterior admiterii cererii de intervenție
C. în situația în care este admisă în principiu, se va judeca odată cu cererea principală, iar în cazul în care judecarea cererii principale ar fi întârziată prin cererea de intervenție, instanța poate dispune disjungerea ei, în afara cazului în care intervenientul pretinde pentru sine, în tot sau în parte, însuşi dreptul dedus judecăţii",BC
"45.  Cererea de chemare în judecată prin care se solicită pronunțarea unei hotărâri judecătorești care să țină loc de contract de vânzare, cu privire la un imobil-construcție, atunci când părțile au prevăzut în antecontract locul executării obligației, poate să îi revină spre competentă soluționare:","A. instanței în a cărei rază teritorială își are domiciliul pârâtul
B. instanței locului prevăzut în contract pentru executarea obligației
C. instanței în a cărei circumscripție își are domiciliul reclamantul",AB
46.  Pronunțarea hotărârii judecătorești mai înainte de împlinirea termenului pentru care pronunțarea a fost amânată:,"A. determină nulitatea hotărârii judecătoreşti, nulitate condiționată de existența unei vătămări
B. determină nulitatea hotărârii judecătoreşti, nulitate necondiționată de existența vreunei vătămări
C. nu are niciun fel de consecințe juridice din punctul de vedere al valabilității respectivei hotărâri judecătoreşti",B
47.  Apelul provocat:,"A. poate fi formulat de intimat împotriva apelantului principal
B. se formulează după împlinirea termenului prevăzut pentru apelul principal
C. rămâne fără efect dacă apelul principal este anulat ca insuficient timbrat",BC
"48.  Prin ordonanță președințială, dată cu citarea părților, Judecătoria B a admis cererea reclamantei RR în contradictoriu cu pârâtul PP, stabilind ca, până la rămânerea definitivă a hotărârii ce se va pronunţa asupra divorțului părților, RR în calitate de mamă, să aibă legături personale cu fiul său minor MM prin contact telefonic sau prin alte mijloace de comunicare, fără intervenţia pârâtului sau a altor persoane, zilnic între orele 12,00-13,00. Prima instanță a omis să se pronunțe asupra  cheltuielilor de judecată solicitate de reclamantă, precum și asupra cererii reconvenționale prin care pârâtul-reclamant PP a solicitat stabilirea domiciliului minorului la tată şi obligarea mamei la plata pensiei de întreținere. În aceste condiții:","A. pârâtul este îndreptățit să formuleze apel împotriva sentinței judecătoriei pentru a obține soluționarea pe fond a cererii reconvenționale, având în vedere caracterul devolutiv al acestei căi de atac
B. este inadmisibil apelul pârâtului-reclamant PP prin care critică omisiunea instanţei de a se pronunţa cu
C. cu privire la omisiunea instanței de a se pronunța asupra cheltuielilor de judecată, reclamanta RR poate formula cerere de completare a hotărârii în termen de 5 zile de la pronunțarea sentinței, cerere care va fi judecată de Judecătoria B",BC
49.  Executarea provizorie judecătorească:,"A. se va putea încuviința cu privire la orice hotărâre judecătorească privitoare la bunuri sau persoane, dacă o asemenea măsură este necesară în raport cu temeinicia vădită a dreptului
B. nu se poate încuviința în materie de desființare de construcții, plantații sau a oricăror lucrări având o
C. se poate dispune de către instanță și din oficiu",B
50.  Nu este supusă niciunei căi de atac:,"A. încheierea de respingere a cererii de recuzare
B. încheierea asupra suspendării judecării procesului a cărui strămutare se solicită, dispusă de instanța care
C. încheierea de respingere a cererii de asigurare a probelor",B
51.  Conflictul de competență:,"A. se soluţionează în camera de consiliu, cu citarea părților, printr-o hotărâre definitivă
B. ivit între o instanță judecătorească și un alt organ cu activitate jurisdicțională se rezolvă de instanța
C. ivit între două instanţe judecătoreşti se soluţionează, în toate cazurile, de Înalta Curte de Casaţie şi Justiţie care va pronunţa o hotărâre obligatorie pentru instanţa de trimitere",B
52.  Contestația la executare:,"A. se poate face și în cazul în care executorul judecătoresc refuză să efectueze o executare silită sau să îndeplinească un act de executare silită, în condițiile legii
B. se poate face în cazul în care sunt necesare lămuriri cu privire la înțelesul, întinderea sau aplicarea titlului executoriu reprezentat de o hotărâre judecătorească, chiar dacă s-a utilizat procedura de lămurire a hotărârii judecătoreşti puse în executare silită
C. nu poate avea ca obiect împărțirea bunurilor proprietate comună pe cote-părți sau în devălmășie",A
"53.  Reclamantul AA introduce pe rolul Judecătoriei X o cerere de chemare în judecată în contradictoriu cu pârâtul BB, având ca obiect revendicare imobiliară. În apărare, pârâtul BB arată că este proprietarul imobilului în litigiu în temeiul titlului de proprietate nr. X/2020. În acest proces de revendicare imobiliară, AA formulează o cerere de suspendare a judecății, până la soluționarea definitivă a unei alte cereri aflată pe rolul unei alte instanțe judecătorești având ca obiect anularea titlului de proprietate nr. X/2020 emis pe numele lui BB, în temeiul legilor fondului funciar. În această situaţie:","A. încheierea prin care instanța ar dispune suspendarea judecății acțiunii în revendicare nu va putea fi atacată decât odată cu fondul
B. este incident un caz de suspendare facultativă a judecăţii
C. instanța, dacă suspendă judecata în procesul de revendicare imobiliară, poate reveni motivat asupra",BC
54.  Instanța de executare:,"A. va invoca din oficiu prescripția dreptului de a obține executarea silită, în cazul în care este învestită cu o
B. este competentă întotdeauna să soluționeze contestația prin care se solicită lămuriri cu privire la înțelesul, întinderea sau aplicarea titlului executoriu, indiferent dacă acesta este reprezentat de o hotărâre judecătorească sau de un alt înscris căruia legea îi conferă caracter executoriu
C. soluționează cererea de încuviințare a executării silite pe care executorul judecătoresc are obligația să i-o înainteze în termen de maximum 3 zile de la înregistrarea cererii de executare",C
"55.  Se soluționează fără citarea părților, în toate cazurile:","A. atât cererea de încuviințare a executării silite, cât și contestația la executare
B. atât cererea de recuzare a judecătorului, cât și cererea de recuzare a expertului
C. atât cererea de instituire a sechestrului asigurător, cât și cererea de instituire a popririi asigurătorii",C
56.  Sunt scutite de a depune mărturie următoarele persoane:,"A. avocații, cu privire la faptele de care au luat la cunoștință în exercitarea profesiei, chiar și după încetarea exercitării acesteia, cu excepția cazului în care primesc încuviințarea de a depune mărturie din partea organizației profesionale în care funcționează ori au funcționat
B. persoanele lipsite de discernământ la momentul audierii
C. slujitorii cultelor, cu privire la faptele de care au luat cunoștință în exercitarea profesiei lor, chiar și după",C
"57.  Se soluționează, potrivit legii, în camera de consiliu:","A. cererea de asigurare a probelor formulată pe cale principală
B. contestația la executare, inclusiv cererea de suspendare a executării până la soluționarea contestației la executare
C. cererea de evacuare formulată în procedura specială de evacuare din imobilele folosite sau ocupate fără",AC
"58.  Prin cererea de chemare în judecată reclamantul AA a solicitat obligarea pârâtului BB la efectuarea lucrărilor asumate în temeiul contractului de antrepriză încheiat între aceștia. În timpul susținerii concluziilor pe fondul cauzei, avocatul reclamantului AA depune dovada cheltuielilor de judecată a căror acordare a solicitat-o și prin cererea introductivă. În acest caz:","A. instanța nu va putea reduce, din oficiu, cheltuielile de judecată reprezentând onorariul avocațial, decât
B. potrivit legii, instanța va putea reduce motivat partea din cheltuielile de judecată reprezentând onorariul avocațial achitat de către reclamantul AA, chiar și din oficiu, atunci când acesta este vădit disproporţionat în raport cu valoarea sau complexitatea cauzei ori cu activitatea desfăşurată de avocat, ţinând seama şi de circumstanţele cauzei
C. dovada cheltuielilor de judecată a fost făcută în termen legal",BC
"59.  Se va putea încuviința sechestrul judiciar, chiar fără a exista proces:","A. asupra unui bun pe care debitorul îl oferă pentru liberarea sa
B. asupra unui bun cu privire la care cel interesat are motive temeinice să se teamă că va fi sustras de
C. asupra unor bunuri imobile care alcătuiesc garanţia debitorului, când acesta învederează insolvabilitatea",AB
60.  Sesizarea Înaltei Curți de Casație și Justiție în vederea pronunţării unei hotărâri prealabile pentru dezlegarea unor chestiuni de drept:,"A. poate fi formulată de către un complet al judecătoriei învestit cu soluționarea cauzei, după dezbateri
B. va fi soluționată prin decizie care se motivează în termen de cel mult 30 de zile de la pronunţare şi se
C. va fi soluționată fără citarea părților, în cel mult 3 luni de la data învestirii",BC
"61.  Este instigator persoana care, de exemplu:","A. săvârșește împreună cu o altă persoană acte de executare directă la o faptă prevăzută de legea penală
B. determină o persoană, care luase în prealabil hotărârea infracțională, să comită un omor
C. determină o altă persoană să convingă o alta să comită un omor, iar omorul are loc",C
62.  În cazul cauzei de neimputabilitate a constrângerii morale:,"A. este necesar ca pericolul grav cu care se amenință să nu fi putut fi înlăturat în alt mod
B. efectele se extind asupra participanților
C. pericolul grav cu care se amenință poate viza și altă persoană decât făptuitorul",AC
"63.  X, în înțelegere cu Y, a oprit-o pe persoana vătămată V, la ora 23.30, pe o stradă din apropierea locuinței acesteia și a împins-o în scara unui bloc. Acolo X a imobilizat-o punând-o la pământ, iar Y a întreținut prin constrângere un raport sexual. Apoi Y a imobilizat victima pe burtă, iar X a obligat-o să întrețină cu el un act sexual anal. Raportat la starea de fapt descrisă, alegeți varianta/variantele adevărate:","A. X și Y sunt coautori ai unei infracțiuni de viol în varianta tip
B. X nu este autor al unei infracțiuni de agresiune sexuală în varianta agravată, comisă de două sau mai multe persoane împreună
C. Y va răspunde pentru o infracțiune de viol în varianta agravată (fapta comisă de două sau mai multe",BC
64.  În materia măsurilor de siguranță:,"A. ca regulă, instanța poate aplica o măsură de siguranță doar condiționat de aplicarea unei pedepse privative de libertate
B. nu pot fi niciodată luate măsuri de siguranță față de infractorul minor
C. instanța nu poate aplica o măsură de siguranță dacă s-a comis o faptă în legitimă apărare",C
65.  În cazul răspunderii penale a persoanei juridice:,"A. infracțiunea trebuie să fie săvârșită exclusiv în realizarea obiectului de activitate al acesteia
B. persoana juridică poate răspunde în calitate de instigator
C. o întreprindere individuală, entitate fără personalitate juridică, poate avea calitatea de autor",B
"66.  Va răspunde penal pentru infracțiunea de distrugere o persoană care, cu intenție:","A. a degradat un bun mobil aparținând altuia
B. a împiedicat luarea măsurilor de conservare a unui bun imobil
C. a văzut, fără să intervină, dar apelând serviciul 112, cum autoturismul vecinului său este cuprins de",AB
67.  Există concurs de infracțiuni atunci când:,"A. fiind surprins de un jandarm în timp ce sustrăgea telefonul mobil din buzunarul victimei care călătorea cu autobuzul, autorul îl înjunghie, cu consecința decesului jandarmului
B. o persoană sustrage, în baza aceleiași rezoluții infracționale, mai multe materiale de construcții din curtea vecinului său, pe parcursul a trei săptămâni, la intervale de 2-3 zile
C. tatăl întreține un raport sexual prin constrângere cu fiica sa",A
"68.  X a publicat un anunț fictiv online, pe un site de vânzări-cumpărări, prin care pretindea că are de vânzare o mașină de tuns iarba. Y, persoană interesată, a dat curs acestui anunț și, în urma discuției telefonice cu X, i-a transferat acestuia în cont suma de 1000 lei, urmând ca X să îi trimită mașina de tuns iarba. Observând că nu i-a fost livrat obiectul, iar X nu i-a mai răspuns ulterior la telefon, Y a făcut plângere la poliție. Fapta comisă de X:","A. nu constituie infracțiunea de abuz de încredere
B. constituie infracțiunea de înșelăciune
C. nu constituie infracțiune, urmând ca situația să fie soluționată de instanța civilă",AB
69.  Se va reține infracțiunea de vătămare corporală din culpă în cazul conducătorului unui autovehicul:,"A. care, prin nerespectarea prevederilor legale privind acordarea priorității de trecere pietonilor, produce un accident de circulație în urma căruia o persoană suferă leziuni traumatice care necesită pentru vindecare 60 zile de îngrijiri medicale
B. care, aflat sub influența băuturilor alcoolice și prin nerespectarea prevederilor legale privind acordarea
C. care, pentru a opri un motociclist care anterior îl șicanase în trafic, la următorul semafor îl acroșează din spate împingându-l astfel spre trotuar, iar în urma acestei manevre motociclistul cade și suferă leziuni traumatice care necesită pentru vindecare 3-4 zile de îngrijiri medicale",B
70.  Printre principiile aplicării legii penale în spațiu prevăzute de Codul penal se numără:,"A. principiul realității legii penale
B. principiul aplicării legii penale mai favorabile
C. principiul personalității răspunderii penale",A
71.  Infracțiunea de violare de domiciliu va fi reținută în varianta agravată dacă este comisă:,"A. în timpul nopții
B. prin efracție
C. prin folosire de calități mincinoase",AC
72.  Există recidivă postcondamnatorie când:,"A. fapta pentru care a fost condamnat anterior inculpatul nu mai este prevăzută de legea penală
B. noua infracțiune este comisă din culpă, dar pedeapsa este închisoarea mai mare de un an
C. când, după rămânerea definitivă a unei hotărâri de condamnare la pedeapsa închisorii de 3 ani pentru o infracțiune de tâlhărie și până la reabilitare sau împlinirea termenului de reabilitare, condamnatul",C
73.  Infracțiunea de înlesnire a evadării este mai gravă dacă:,"A. fapta este comisă prin inducerea în eroare a unei persoane care avea îndatorirea de a-l păzi pe cel reţinut sau deţinut
B. este înlesnită evadarea unei persoane reținute sau arestate pentru o infracțiune sancţionată de lege cu
C. dacă a fost înlesnită evadarea a două sau mai multor persoane în aceeași împrejurare",BC
74.  Retragerea plângerii prealabile:,"A. poate interveni oricând până la pronunțarea unei hotărâri definitive în cauză
B. realizată de persoana vătămată cu privire la persoana juridică ce a săvârșit infracțiunea, produce efecte și față de persoanele fizice care au participat la comiterea aceleiași fapte
C. se face doar de reprezentantul legal, în cazul persoanelor lipsite de capacitate de exercițiu",AC
75.  Infracțiunea de lipsire de libertate în mod ilegal poate fi comisă:,"A. în coautorat
B. prin omisiune
C. din culpă",AB
76.  Executarea unei măsuri educative privative de libertate într-un penitenciar:,"A. se dispune în mod automat atunci când minorul, aflat în executarea măsurii educative privative de libertate, împlinește 18 ani pe parcursul executării
B. poate fi dispusă când, la data pronunțării hotărârii prin care s-a luat respectiva măsură educativă privativă de libertate, infractorul a împlinit vârsta de 18 ani iar instanța, ținând seama de posibilitățile sale de îndreptare, de vârsta acestuia, precum și de criteriile generale de individualizare, apreciază că executarea în penitenciar este mai potrivită
C. întotdeauna când minorul comite o infracțiune pe durata executării măsurii educative privative de libertate",B
77.  Infracțiunea de tulburare de posesie:,"A. presupune ca element constitutiv comiterea faptei prin inducerea în eroare a proprietarului bunului
B. nu poate avea ca obiect material un bun mobil
C. nu permite înlăturarea răspunderii penale prin împăcare",BC
"78.  Y a furat un telefon mobil dintr-un magazin care comercializa telefoane și accesorii. A doua zi, Y ia spus fratelui său, X, despre furt, iar acesta i-a spus că are nevoie de telefon și că îi va da 500 de lei cu titlu de preț. Dacă Y a fost de acord, X primind telefonul, iar Y prețul:","A. infracțiunea astfel comisă de X nu se pedepsește
B. fapta lui X nu constituie infracțiune
C. X nu răspunde pentru complicitate la infracțiunea de furt",AC
79.  Constituie circumstanță atenuantă judiciară:,"A. excesul neimputabil de stare de necesitate
B. eforturile depuse de infractor pentru înlăturarea sau diminuarea consecințelor infracțiunii
C. depășirea limitelor legitimei apărări",B
80.  Infracțiunea de fals intelectual se consumă în momentul:,"A. falsificării înscrisului oficial cu ocazia întocmirii sale de către funcționarul public aflat în exercitarea atribuțiilor de serviciu
B. folosirii înscrisului falsificat
C. în care funcționarul transmite înscrisul unei persoane pentru a-l folosi în scopul în care a fost întocmit",A
"81.  Instanța penală lasă nesoluționată acțiunea civilă în procesul penal atunci când, în latura penală, dispune:","A. achitarea inculpatului pe temeiul cauzei de neimputabilitate a minorității
B. renunțarea la aplicarea pedepsei
C. încetarea procesului penal pe temeiul retragerii plângerii prealabile",C
82.  Instanța penală este obligată să dispună reunirea cauzelor atunci când:,"A. trei acte materiale alcătuiesc o infracțiune continuată
B. trei fapte se află în concurs formal de infracțiuni
C. trei fapte au fost săvârșite în același timp și în același loc",AB
"83.  În cazul unei infracțiuni săvârșite de un avocat, urmărirea penală:","A. se efectuează de procuror
B. se poate efectua de organul de cercetare penală, sub supravegherea procurorului
C. este întotdeauna de competența unui procuror din cadrul Direcției Naționale Anticorupție",A
"84.  În cazul unei infracțiuni pentru care legea prevede pedeapsa închisorii de la 2 ani la 7 ani, asistența juridică a inculpatului este obligatorie:","A. în cursul urmăririi penale
B. în cursul camerei preliminare
C. în cursul judecății",BC
"85.  În calitate de avocat, asigurați asistența juridică pentru inculpatul X, pe parcursul judecății de primă instanță, într-un dosar de lovire sau alte violențe în care X a fost trimis în judecată prin rechizitoriu. Studiind dosarul pentru a pregăti dezbaterile, observați că pe parcursul urmăririi penale a fost audiat și martorul M, care a precizat, la începutul declarației sale, că se află în relații de dușmănie cu inculpatul. Cunoașteți că martorul M nu a mai fost ulterior reaudiat pe parcursul judecății, întrucât nu s-a prezentat la termenele succesive la care a fost citat, instanța dispunând ca această probă să nu mai fie administrată. În concluziile pe care le puneți în cursul dezbaterilor, vă veți referi la:","A. dispozițiile legale privitoare la persoanele care au dreptul să refuze să dea declarații în calitate de martor
B. dispozițiile legale privitoare la libera apreciere a probelor
C. dispozițiile legale privitoare la obiectul și limitele declarației martorului",BC
86.  Suspectul:,"A. poate cere continuarea procesului penal în cazul renunțării la urmărirea penală
B. poate fi reținut doar de către procuror
C. este parte în procesul penal",A
87.  Inculpatul formulează contestație împotriva încheierii prin care judecătorul de drepturi și libertăți a dispus arestarea sa preventivă. Indicați varianta sau variantele adevărate:,"A. până la soluționarea contestației, inculpatul se află în stare de libertate
B. în ipoteza admiterii contestației, se poate dispune arestul la domiciliu față de inculpat
C. în ipoteza admiterii contestației, nu se mai poate lua nicio măsură preventivă față de inculpat",B
"88.  În cazul în care, pe parcursul urmăririi penale, se dispune, prin încheiere definitivă, arestarea preventivă a unui inculpat care se sustrage urmăririi penale, durata maximă a măsurii preventive se calculează:","A. de la data pronunțării încheierii prin care s-a dispus arestarea preventivă
B. de la data rămânerii definitive a încheierii prin care s-a dispus arestarea preventivă
C. de la data punerii în executare a arestării preventive",C
"89.  În cursul urmăririi penale, măsura preventivă a controlului judiciar poate fi dispusă de:","A. organul de cercetare penală
B. procuror
C. judecătorul de drepturi și libertăți",BC
90.  Mandatul de aducere:,"A. nu se poate emite, în nicio situație, dacă persoana vizată de mandat nu a fost citată anterior la sediul
B. poate fi emis, în cursul urmăririi penale, doar de către procuror
C. privind pe militari, se execută prin comandantul unității militare sau prin poliția militară",C
91.  Prin ordonanţa de clasare:,"A. se pot ridica sau menţine măsurile asigurătorii
B. se va dispune restituirea bunurilor ridicate sau a cauțiunii
C. se va dispune sesizarea judecătorului de cameră preliminară în vederea revocării măsurii arestării",AB
92.  Judecătorul de cameră preliminară învestit cu soluţionarea unei plângeri împotriva soluției de clasare:,"A. poate exclude probele nelegal administrate, chiar dacă va respinge plângerea ca nefondată
B. va respinge ca inadmisibilă plângerea formulată de către o persoană care a avut în cauză calitatea de
C. poate admite plângerea şi dispune completarea urmăririi penale doar dacă în cauză urmărirea penală a",AB
93.  Judecătorul de drepturi și libertăți:,"A. poate dispune luarea măsurii asigurătorii în cursul urmăririi penale
B. este competent să soluționeze plângerea împotriva ordonanței de reținere emise de către procuror
C. este competent să soluționeze sesizarea procurorului privind declanșarea procedurii audierii anticipate",C
94.  În ceea ce privește sesizarea organelor de urmărire penală:,"A. denunțul este încunoștințarea făcută de o persoană fizică sau juridică despre săvârșirea unei infracțiuni
B. plângerea prealabilă greșit îndreptată se consideră valabilă, dacă a fost introdusă în termen la un organ
C. plângerea se poate face de către unul dintre părinți pentru copilul său major",AB
"95.  Pe parcursul judecății în primă instanță, administrarea probelor privind fondul cauzei se realizează:","A. în timpul cercetării judecătorești
B. în timpul dezbaterilor
C. în timpul deliberării",A
96.  Atunci când judecata în primă instanță se desfășoară conform procedurii simplificate a recunoașterii învinuirii:,"A. față de inculpat nu se poate dispune achitarea
B. dacă inculpatul este minor, a fost condamnat și i-a fost aplicată o măsură educativă neprivativă de
C. este posibilă schimbarea încadrării juridice date faptei",C
97.  Apelul:,"A. este de competența unui tribunal, dacă a fost declarat împotriva sentinței de condamnare pronunțată de o
B. poate fi formulat de partea civilă și cu privire la soluția din latura penală a cauzei
C. suspendă executarea dispozițiilor din latura penală a cauzei, dacă este declarat în termen",BC
"98.  În procesul penal, contestația:","A. este o cale de atac ce se exercită numai atunci când legea o prevede expres
B. poate fi exercitată și împotriva unei ordonanțe a procurorului
C. este o cale de atac ce se soluționează întotdeauna în ședință publică",AB
99.  Este supusă căii de atac a contestației:,"A. sentința prin care instanța soluționează cererea de reabilitare
B. încheierea prin care judecătorul de drepturi și libertăți respinge plângerea inculpatului împotriva
C. încheierea prin care, în cursul apelului, instanța de apel a respins toate cererile privind administrarea probelor",A
"100.  În calitate de avocat, sunteți contactat de numitul X, care vă relatează că este cercetat de Parchetul de pe lângă Judecătoria T, sub aspectul comiterii unei tentative la o infracțiune. X vă solicită un punct de vedere asupra posibilității de a încheia un acord de recunoaștere a vinovăției. Pentru a formula o opinie în acest sens, va trebui:","A. să verificați care sunt limitele de pedeapsă pe care legea le prevede pentru infracțiunea consumată, chiar
B. să verificați dacă numitul X a încheiat un acord de recunoaștere a vinovăției într-o cauză distinctă
C. să verificați ce calitate procesuală are X în respectiva cauză",AC
