1.  Profesia de avocat se exercită:,"A. printre altele, potrivit principiului independenţei, sub rezerva respectării legislaţiei incidente în activitatea desfăşurată
B. de către acea persoană căreia i s-a confirmat apartenenţa la un barou din cadrul Uniunii Naţionale a Barourilor din România, chiar dacă nu a fost operată înscrierea respectivei persoane pe tabloul unui astfel de barou
C. numai de avocaţii înscrişi într-un tablou al avocaţilor, întocmit de orice barou parte a U.N.B.R.",AC
2.  Independenţa:,"A. este un principiu care vizează funcţionarea organelor profesiei de avocat
B. este un principiu care vizează exerciţiul profesiei de avocat
C. este un principiu care implică posibilitatea avocatului de a acţiona chiar şi cu depăşirea limitelor unui mandat anterior încredinţat, dacă apreciază că este în interesul clientului său",B
"3.  Principiul libertăţii ce guvernează, printre altele, exerciţiul profesiei de avocat:","A. conferă avocatului, printre altele, libertatea de a-şi alege forma de exercitare a profesiei, în condiţiile prevăzute de Legea cu nr. 51/1995 şi de Statutul profesiei de avocat
B. conferă oricărei persoane dreptul de a-şi alege, în mod liber, avocatul
C. conferă avocatului o deplină libertate în gestiunea intereselor clientului său, chiar şi cu depăşirea limitelor mandatului încredinţat, în acele situaţii în care avocatul apreciază că această depăşire este benefică celui reprezentat",A
"4.  Pot accede în profesia de avocat, fără susţinerea unui prealabil examen de verificare a cunoştinţelor, printre alţii:","A. foştii procurori ai Parchetului de pe lângă Înalta Curte de Casaţie şi Justiţie, după încetarea, din motive neimputabile, a calităţii lor de magistraţi
B. foştii judecători ai Curţii de Justiţie a Uniunii Europene, cărora le-a încetat această calitate, din motive neimputabile lor
C. foştii judecători ai curţilor de apel, după încetarea, din motive neimputabile, a calităţii lor de magistraţi",B
"5.  Este incompatibilă cu exerciţiul profesiei de avocat, dacă legi speciale nu prevăd altfel, printre altele:","A. calitatea de primar
B. calitatea de asociat într-o societate cu răspundere limitată
C. calitatea de asociat într-o societate pe acţiuni",A
6.  Examenul de primire în profesia de avocat:,"A. trebuie organizat, în condiţiile legii, de cel puţin două ori pe an
B. se organizează la nivel regional, de către barourile anume desemnate prin hotărâre a Consiliului U.N.B.R.
C. se organizează, la nivel naţional, de U.N.B.R.",C
7.  Decizia de primire în profesia de avocat:,"A. se emite de consiliul baroului căruia i-a fost adresată cererea de primire în profesie
B. se emite de către Consiliul U.N.B.R., după validarea rezultatelor examenului de primire în profesie
C. se emite de consiliul baroului şi se comunică U.N.B.R., în situaţia în care o astfel de decizie a fost dată în soluţionarea unei cereri de primire în profesia de avocat, cu scutire de examen",BC
"8.  Printre altele, este interzis avocatului, membru al unui barou din cadrul U.N.B.R. şi care se bucură de exerciţiul profesiei:","A. să exercite calitatea de director general, încadrat în baza unui contract individual de muncă, în structura de personal al unei regii autonome de interes local
B. să colaboreze, în orice mod, cu persoanele care îndeplinesc acte ori desfăşoară fără drept activităţi specifice profesiei de avocat
C. să desfăşoare activitate literar-publicistică",AB
"9.  În condiţiile prevăzute de Statutul profesiei de avocat, exerciţiul profesiei se suspendă, printre altele:","A. în temeiul unei hotărâri a comisiei de cenzori a baroului, prin care se constată faptul că avocatul despre a cărui situaţie este vorba a înregistrat restanțe la plata contribuţiilor profesionale, pe o durată mai mare de 3 luni
B. de către decanul baroului, la adresa avocatului dovedit culpabil, cu prilejul soluţionării, prin mediere, a unei stări de conflict profesional, angajat de către cel vinovat cu un alt membru al aceluiaşi barou
C. în ipoteza în care, la adresa avocatului, a fost pronunţată o hotărâre definitivă, cu caracter disciplinar, prin care respectivului avocat i s-a interzis temporar exerciţiul profesiei",C
10.  Tabloul avocaţilor:,"A. cuprinde, printre altele, menţiuni privind încetarea calităţii de avocat
B. se supune, de către decan, aprobării consiliului baroului, până cel mai târziu la 1 ianuarie a fiecărui an, pentru anul respectiv
C. se întocmeşte şi, respectiv, se ţine, spre a fi comunicat U.N.B.R., şi în format electronic",AC
11.  Decizia de transfer a unui avocat dintr-un barou într-un alt barou:,"A. se dă de decanul baroului la care se face transferul
B. se dă de consiliul baroului de la care se face transferul, în baza unui aviz favorabil al consiliului baroului la care se face transferul, aviz încorporat într-un certificat anume eliberat în acest sens
C. se dă de consiliul baroului la care se face transferul, în baza unui aviz favorabil al consiliului baroului de la care se face transferul, aviz încorporat într-un certificat anume eliberat în acest sens",C
12.  Pierderea calităţii de avocat:,"A. operează numai ca urmare a pensionării
B. are loc, printre altele, printr-o declaraţie de renunţare a avocatului la exerciţiul profesiei, declaraţie dată în faţa decanului baroului din care avocatul renunțător face parte
C. nu operează ca urmare a pensionării, dacă avocatul îşi manifestă intenţia de a-şi continua activitatea profesională",C
13.  Un act juridic:,"A. poate fi semnat de părţi înaintea unui avocat, ocazie cu care acesta are posibilitatea de a atesta identitatea părţilor care înţeleg să-şi asume, prin semnare, conţinutul respectivului act
B. poate fi autentificat de către avocat, în condiţiile în care a fost semnat de către părţi în faţa acestuia
C. poate fi supus autentificării notariale, în ipoteza descrisă la lit. a), în prezenţa părţilor",AC
"14.  Exercitând activităţi fiduciare, avocatul:","A. este ţinut faţă de client în condiţiile stabilite de contractul de asistenţă juridică, special încheiat în acest scop
B. are faţă de client, în exclusivitate, obligaţii de diligenţă
C. nu este ţinut să acţioneze cu diligenţa unui bun proprietar, pentru că nici într-o atare particulară ipoteză, obligaţiile profesionale ale avocatului faţă de clientul său, nu sunt obligaţii de rezultat",A
"15.  În baza unui contract de asistenţă juridică, avocatul poate desfăşura următoarele activităţi conexe:","A. activităţi de consultanţă
B. completarea, în numele, în reprezentarea şi în interesul clientului, a unor declaraţii fiscale
C. încasarea unor chirii, în numele, în reprezentarea şi în interesul clientului",BC
16.  Sunt organe ale baroului:,"A. comisia centrală de cenzori
B. comisia permanentă
C. comisia de disciplină",C
"17.  În situaţia în care, cu prilejul primei convocări, adunarea generală a avocaţilor unui barou (pe a cărei ordine de zi nu figurează alegerea organelor de conducere ale profesiei) nu întruneşte condiţia necesară de prezenţă:","A. prezidiul adunării va consemna această împrejurare într-un proces-verbal, pe care îl va înainta consiliului baroului
B. data noii convocări nu va putea fi stabilită mai târziu de 25 de zile de la cea dintâi convocare
C. la cea de-a doua convocare, adunarea generală este legal constituită cu participarea a cel puţin o treime din numărul total al membrilor săi",AC
"18.  Baroul înfiinţat potrivit Legii cu nr. 51/1995, republicată:","A. este membru de drept a U.N.B.R.
B. este persoană juridică de drept privat, de interes public
C. este persoană juridică de drept public, de interes privat",AB
19.  Hotărârile consiliului unui barou:,"A. sunt acte administrative
B. sunt acte juridice civile stricto sensu
C. se aduc la cunoştinţă întregului public",A
20.  Avocatul:,"A. salarizat - are dreptul la clientelă proprie
B. colaborator - în nicio situaţie, nu are dreptul la clientelă proprie
C. titular al unui cabinet individual - nu poate avea calitatea de avocat colaborator sau de avocat salarizat în cadrul profesiei",C
"21.  X încheie un contract cu Y, prin care transmite acestuia din urmă dreptul de proprietate asupra a două automobile de lux, Y obligându-se să efectueze, în folosul lui X, prestaţiile necesare întreţinerii şi îngrijirii acestuia pentru o durată de şase ani. Prin raportare la această situaţie de fapt:","A. contractul va fi lovit de nulitate absolută, dacă nu a fost încheiat în formă autentică
B. contractul încetează prin declaraţia unilaterală de rezoluțiune a lui Y, în ipoteza în care comportamentul lui X face imposibilă executarea contractului în condiţii conforme bunelor moravuri, iar părţile au prevăzut expres în contract posibilitatea rezoluțiunii unilaterale
C. dacă X a cerut rezoluțiunea contractului pentru neexecutarea fără justificare de către Y a obligaţiilor asumate prin contract, oferta de întreţinere făcută de Y după introducerea acţiunii nu poate împiedica rezoluțiunea",AC
22.  Rezilierea poate interveni:,"A. prin declaraţie unilaterală a celeilalte părţi, atunci când debitorul nu a executat obligaţia în termenul fixat prin punerea în întârziere
B. atunci când neexecutarea are caracter repetat, cu excepţia situaţiei în care părţile au convenit contrariul
C. fără a mai fi necesară punerea în întârziere a debitorului, când acesta din urmă a încălcat o obligaţie de a nu face",AC
23.  Subrogaţia:,"A. se produce de drept în folosul dobânditorului unui bun care îl plăteşte pe titularul creanţei însoţite de o ipotecă asupra bunului respectiv
B. ca regulă, dacă este parţială, permite creditorului iniţial, titular al unei garanţii, să îşi exercite drepturile sale pentru partea neplătită din creanţă cu preferinţă faţă de noul creditor
C. convenţională presupune, în toate cazurile, acordul creditorului iniţial",AB
24.  Lipsa discernământului:,"A. provocată de autorul prejudiciului prin consumul de alcool, îl exonerează pe acesta de răspundere
B. trebuie dovedită, pentru a obţine anularea unui contract încheiat de o persoană pusă ulterior sub interdicţie, inclusiv în situaţia în care, la momentul încheierii actului, cauzele punerii sub interdicţie existau şi erau îndeobşte cunoscute
C. nu îl scuteşte pe autorul prejudiciului de plata unei indemnizaţii către victimă, dacă nu poate fi angajată răspunderea persoanei care avea îndatorirea de a-l supraveghea",C
"25.  Contractul prin care X transmite către Y proprietatea asupra unei colecţii de bijuterii în valoare de 500.000 euro, cu obligaţia acestuia din urmă de a plăti lui Z anual suma de 10.000 lei, timp de patru ani:","A. trebuie încheiat în formă autentică sub sancţiunea nulităţii
B. dă dreptul lui Z la desfiinţarea contractului, în ipoteza în care Y nu îşi execută obligaţia asumată
C. ar fi lovit de nulitate absolută, dacă ar permite lui X să dispună în viitor de colecţia de bijuterii, în cazul în care Y ar muri fără să fi dispus de aceasta",AC
26.  Locațiunea încheiată pentru o durată de 50 ani:,"A. este lovită de nulitate relativă
B. nu poate fi încheiată valabil decât cu respectarea condiţiilor cerute de lege pentru actele de dispoziţie
C. va produce efecte prin aplicarea unei reguli derogatorii de la principiul forţei obligatorii a actului juridic",BC
27.  Renunţarea la prescripţia extinctivă:,"A. poate fi expresă sau tacită
B. produce efecte numai în privinţa celui care a făcut-o
C. nu poate fi făcută cât timp prescripţia nu s-a împlinit",AB
28.  Reducţiunea liberalităţilor excesive:,"A. poate fi invocată oricând pe cale de excepţie
B. nu poate fi cerută de creditorii chirografari ai moştenitorilor rezervatari
C. operează numai în limita cotei de rezervă cuvenite celui care a cerut-o şi profită numai acestuia",AC
29.  Eroarea asupra motivului care a determinat o parte să încheie un act juridic:,"A. atrage sancţiunea nulităţii absolute
B. nu influenţează valabilitatea actului juridic, decât dacă eroarea este comună ambelor părţi ori cealaltă parte a cunoscut-o sau, după împrejurări, trebuia să o cunoască
C. atrage sancţiunea nulităţii, dacă sunt îndeplinite condiţiile privitoare la eroarea esenţială",C
30.  În cazul condiţiei suspensive a cărei realizare depinde de voinţa creditorului:,"A. dacă debitorul plăteşte înainte de împlinirea condiţiei, nu va putea cere restituirea plăţii
B. obligaţia asumată este valabilă, chiar dacă realizarea condiţiei nu depinde şi de un element exterior voinţei creditorului
C. prescripţia extinctivă va începe să curgă de la momentul încheierii actului juridic",B
"31.  În anul 2014, F a introdus o acţiune în revendicare mobiliară împotriva lui B, având ca obiect un utilaj agricol, acţiune care, în anul 2015, a fost admisă de instanţa de judecată prin hotărâre definitivă. Potrivit hotărârii judecătoreşti, B a fost obligat să restituie bunul lui F. Profitând de faptul că F nu a pus de îndată în executare hotărârea judecătorească, în anul 2016, B a înstrăinat lui C bunul care a făcut obiectul litigiului. C a intrat în posesia bunului, având cunoştinţă de existenţa hotărârii judecătoreşti. Alegeţi varianta optimă care asigură protecţia eficientă şi rapidă a dreptul de proprietate privată a lui F:","A. să formuleze o nouă acţiune în revendicare împotriva lui C
B. să formuleze o acţiune în nulitate absolută a contractului de vânzare, încheiat între B şi C, invocând cauza ilicită
C. să pună în executare împotriva lui C hotărârea judecătorească prin care s-a admis acţiunea sa în revendicare formulată împotriva lui B",C
"32.  La data de 15.03.2014 P decedează, neavând nici descendenţi, nici soţie supravieţuitoare. Moştenirea după acesta este acceptată de B, care este văr primar, respectiv fiul unchiului C (fratele tatălui lui P) predecedat şi de D, care este mătuşa lui P (sora tatălui lui P). Conform devoluţiunii legale a moştenirii, aceasta urmează a fi culeasă de:","A. B în întregime
B. D în întregime
C. B, împreună cu D, în cote egale",B
33.  Minorul:,"A. păstrează capacitatea deplină de exerciţiu dobândită prin căsătorie, în toate cazurile în care căsătoria este anulată
B. poate invoca singur, în apărare, anulabilitatea actului pentru incapacitatea sa rezultată din minoritate
C. care nu a împlinit vârstă de 14 ani nu răspunde pentru prejudiciul produs prin fapta sa ilicită delictuală, chiar dacă se dovedeşte că avea discernământ la data faptei",B
34.  Atunci când novaţia are loc prin schimbarea debitorului:,"A. noul debitor nu poate opune creditorului mijloacele de apărare pe care le avea împotriva debitorului iniţial
B. debitorul iniţial rămâne obligat în calitate de fideiusor, dacă noul debitor era insolvabil la data novaţiei
C. noul debitor poate opune creditorului mijloacele de apărare pe care le avea faţă de acesta din urmă debitorul iniţial",A
"35.  L, B şi C sunt coproprietari asupra unei case din Bucureşti pe care nu o locuiesc. L, căruia îi revine 75% din imobil, doreşte să permită nepoatei sale, care a fost admisă la o facultate din acelaşi oraş, să locuiască timp de 2 ani şi 9 luni (cât durează studiile) în respectiva casă, însă coproprietarii săi nu sunt de acord. L poate să:","A. încheie singur un contract de închiriere cu nepoata pe toată durata studiilor acesteia
B. încheie singur un contract de comodat cu nepoata, având ca obiect imobilul, pe toată durata studiilor acesteia
C. solicite instanţei partajul de folosinţă asupra imobilului",AC
"36.  Preluarea datoriei prin convenţie încheiată între creditor şi noul debitor, respectiv, novaţia prin schimbare de debitor se aseamănă prin faptul că:","A. produc efect extinctiv asupra garanţiilor strâns legate de debitorul iniţial
B. nu este necesar acordul debitorului iniţial
C. presupun naşterea unui raport obligațional nou",AB
37.  Răspunderea civilă:,"A. contractuală este înlăturată întotdeauna atunci când prejudiciul este cauzat de un eveniment de forţă majoră sau caz fortuit, orice clauză contrară fiind considerată nescrisă
B. delictuală pentru fapta animalului nu este înlăturată de cazul fortuit
C. este înlăturată prin declaraţia victimei de acceptare a riscului producerii unui prejudiciu",B
"38.  La data de 12.09.2011 X îi acordă lui Y un împrumut fără dobândă, în suma de 100.000 lei, stabilindu- se că acesta va restitui întreaga sumă la data de 12.09.2012. La data de 03.08.2012 părţile încheie un act adiţional la contractul de împrumut prin care convin plata unei dobânzi şi, totodată, stabilesc că termenul de prescripţie aplicabil va fi de 6 luni. Faţă de cererea de chemare în judecată introdusă de către X, la data de 12.09.2015, Y se apară invocând prescripţia extinctivă. Pronunţându-se asupra excepţiei prescripţiei, instanţa:","A. o va admite, considerând că s-a împlinit prescripţia conform convenţiei părţilor
B. o va respinge, considerând că este aplicabilă reglementarea în vigoare la momentul încheierii contractului de împrumut, potrivit căreia termenul de prescripţie nu putea fi modificat de părţi
C. o va respinge, invocând din oficiu nulitatea clauzei actului adiţional prin care părţile stabileau termenul de prescripţie",C
"39.  X, bijutier, încheie o convenţie cu un colecţionar, Y, prin care îi acordă acestuia un drept de preempţiune cu privire la un diamant. Ulterior, X încorporează diamantul respectiv într-o diademă, alături de alte pietre preţioase, şi vinde diadema unui terţ. Prin raportare la această situaţie de fapt:","A. Y va putea exercita dreptul de preempţiune, consemnând o parte proporţională din preţul stabilit pentru diademă, prin raportare la valoarea diamantului
B. dreptul de preempţiune va putea fi exercitat în termen de 30 de zile de la notificarea lui Y cu privire la cuprinsul contractului de vânzare încheiat cu terţul
C. Y nu se va putea prevala de termenele de plată a preţului stabilite în contractul de vânzare încheiat cu terţul",C
"40.  X şi Y împrumută de la Z suma de 800 lei, fără dobândă şi cu termen de restituire la data de 17.11.2014, fiecare dintre cei doi primind câte 400 lei. X achită suma de 800 lei către Z, la data de 25.11.2014, în urma notificării prin care creditorul îi solicită plata întregii sume. Prin raportare la această situaţie de fapt:","A. Z este îndreptăţit să solicite suma de 400 de lei de la Y
B. X este îndreptăţit să solicite de la Z restituirea sumei de 400 lei
C. Z este îndreptăţit să refuze restituirea către X a sumei de 400 lei, motivat de faptul că plata nu a fost obţinută prin dol sau violenţă",AB
41.  Dreptul la apărare nu este încălcat:,"A. dacă partea chemată la interogatoriu refuză să răspundă, fără motive temeinice, iar instanţa socoteşte această împrejurare ca o mărturisire în favoarea celui care a propus interogatoriul
B. dacă partea, nelegal citată, se prezintă la termenul de judecată şi solicită amânarea cauzei, iar instanţa refuză acordarea unui termen în acest scop
C. dacă judecătorul dispune înfăţişarea în persoană a părţilor, chiar dacă acestea sunt reprezentate",AC
42.  Cererile în justiţie privind obligaţiile de a face:,"A. sunt de competenţa tribunalului, dacă sunt neevaluabile în bani
B. sunt de competenţa judecătoriei, dacă sunt neevaluabile în bani, indiferent de izvorul lor contractual sau extracontractual
C. sunt de competenţa tribunalului, dacă au valoare de peste 200.000 de lei",C
43.  Instanţa este învestită cu o cerere de predare a unui imobil ca urmare a expirării termenului de locaţiune. În acest caz:,"A. competenţa teritorială aparţine numai instanţei în circumscripţia căreia se află situat imobilul
B. dacă pârâtul este un judecător care îşi desfăşoară activitatea la instanţa competentă să judece cauza, reclamantul poate alege o altă instanţă de acelaşi grad aflată în circumscripţia oricărei curţi de apel învecinate curţii de apel în circumscripţia căreia se află instanţa care ar fi fost competentă
C. reclamantul poate alege între instanţa de la domiciliul pârâtului şi cea de la locul situării bunului",BC
"44.  Spre deosebire de litispendenţă, în caz de conexitate :","A. procesele reunite pot fi disjunse şi judecate separat, dacă numai unul dintre ele este în stare de judecată
B. excepţia de conexitate poate fi invocată de părţi sau de instanţa din oficiu, cel mai târziu la primul termen de judecată şi numai înaintea instanţei ulterior sesizate
C. încheierea prin care s-a soluţionat excepţia poate fi atacată numai odată cu fondul",AB
45.  În cazul în care se invocă excepţia lipsei dovezii calităţii de reprezentant al celui care a acţionat în numele reclamantului:,"A. instanţa va acorda un termen scurt pentru prezentarea dovezii de reprezentare
B. fiind o excepţie absolută, ea poate fi invocată pentru prima dată în calea de atac, chiar dacă nu a fost invocată în faţa primei instanţe
C. instanţa va respinge cererea de chemare în judecată ca inadmisibilă dacă nu se face dovada calităţii de reprezentant, în condiţiile legii",A
"46.  În cazul intervenţiei principale, spre deosebire de cea accesorie:","A. cererea de intervenţie principală poate fi făcută chiar şi în căile extraordinare de atac
B. cererea de intervenţie principală nu poate fi disjunsă de judecarea cererii principale, instanţa fiind obligată să se pronunţe asupra acesteia prin aceeaşi hotărâre, odată cu fondul
C. cererea de intervenţie principală poate fi făcută numai în faţa primei instanţe, înainte de închiderea dezbaterilor în fond, precum şi în instanţa de apel, însă numai cu acordul expres al părţilor",C
47.  Există următoarele asemănări între renunţarea la judecată şi renunţarea la dreptul pretins:,"A. ambele renunţări se fac numai prin înscris autentic
B. dacă renunţarea intervine în instanţa de apel sau în căile extraordinare de atac, instanţa va lua act de renunţare şi va dispune şi anularea, în tot sau în parte, a hotărârii sau, după caz, a hotărârilor pronunţate în cauză
C. hotărârea prin care instanţa ia act de renunţare este supusă numai apelului",B
48.  Decăderea intervine:,"A. numai dacă legea o prevede expres
B. în cazul nerespectării termenelor legale imperative, în afară de cazul în care legea dispune altfel
C. în cazul nerespectării oricăror termene procedurale",B
49.  În cazul cererii reconvenționale :,"A. dacă pretenţiile formulate de către pârât privesc şi alte persoane decât reclamantul, acestea nu vor putea fi chemate în judecată în calitate de pârâţi
B. reclamantul nu poate formula cerere reconvențională la cererea reconvențională a pârâtului iniţial
C. aceasta se timbrează după regulile aplicabile cererii de chemare în judecată",BC
"50.  Nu este obligatorie întâmpinarea, potrivit legii, în cazul:","A. ordonanţei preşedinţiale
B. contestaţiei la executare şi revizuirii
C. ordonanţei de plată",A
51.  În cazul excepţiei procesuale:,"A. încheierea de respingere a excepţiei poate fi atacată numai odată cu fondul, dacă legea nu dispune altfel
B. aceasta este analizată înaintea apărărilor de fond, chiar dacă excepţia procesuală a fost unită cu administrarea probelor, respectiv cu fondul cauzei
C. aceasta este analizată înaintea apărărilor de fond, numai dacă excepţia procesuală a fost unită cu administrarea probelor, respectiv cu fondul cauzei",AB
52.  Înscrisul autentic este :,"A. doar înscrisul întocmit de către notarul public
B. înscrisul sub semnătură privată care a fost prezentat notarului public spre a primi dată certă
C. orice înscris emis de către autoritatea publică şi căruia legea îi conferă acest caracter",C
53.  Încheierea de admitere a cererii de asigurare de probe:,"A. este supusă numai apelului
B. poate fi atacată cu recurs în termen de 5 zile de la pronunţare, dacă s-a dat cu citarea părţilor şi de la comunicare, dacă s-a dat fără citarea părţilor
C. este executorie şi nu este supusă niciunei căi de atac",C
54.  Suspendarea de drept a judecării cauzei nu intervine în cazul:,"A. conflictului negativ de competenţă
B. formulării unei cereri de strămutare
C. când dezlegarea cauzei depinde, în tot sau în parte, de existenţa ori inexistența unui drept care face obiectul unei alte judecăţi",BC
55.  Cheltuielile de judecată:,"A. pot fi probate până la închiderea dezbaterilor asupra fondului
B. privind onorariul avocaţial pot fi reduse de instanţă numai la cererea părţii interesate
C. asupra cărora prima instanţă a omis să se pronunţe pot fi solicitate prin procedura completării hotărârii",AC
"56.  Dacă există hotărâri definitive potrivnice, date de instanţe de acelaşi grad sau de grade diferite, cu încălcarea autorităţii de lucru judecat:","A. se poate cere revizuirea celei de a doua hotărâri, chiar dacă aceasta nu evocă fondul
B. termenul de revizuire este de 30 de zile şi curge de la data rămânerii definitive a ultimei hotărâri
C. cererea de revizuire este de competenţa instanţei mai mare în grad faţă de instanţa care a dat prima hotărâre, cu excepţia situaţiei în care una dintre instanţele de recurs este Înalta Curte de Casaţie şi Justiţie, caz în care cererea de revizuire se va judeca de această instanţă",AC
57.  În procedura ordonanţei preşedinţiale:,"A. ordonanţa preşedinţială are autoritate de lucru judecat asupra cererii privind fondul dreptului
B. reclamantul poate transforma cererea de ordonanţă preşedinţială într-o cerere de drept comun până la închiderea dezbaterilor în primă instanţă
C. apelul împotriva hotărârii judecătoreşti se declară în termen de 5 zile de la pronunţare, indiferent dacă judecata s-a făcut cu sau fără citarea părţilor",B
58.  Hotărârea judecătorească de primă instanţă în procedura ordonanţei de plată:,"A. devine definitivă ca urmare a neintroducerii sau respingerii cererii în anulare
B. poate fi pusă în executare silită, iar împotriva executării nu se poate face contestaţie la executare
C. nu este executorie, dacă este atacată cu cerere în anulare",A
59.  În cazul procesului de divorţ:,"A. dacă niciunul dintre soţi nu locuieşte în ţară, cererea de divorţ este, în toate cazurile, de competenţa Judecătoriei Sectorului 5 al Municipiului Bucureşti
B. cererea de divorţ întemeiată pe separarea în fapt a soţilor pe o perioada mai mare de 2 ani, prin care reclamantul îşi asumă eşecul căsătoriei, dacă este acceptată de pârât, nu determină desfacerea căsătoriei pe baza acordului soţilor
C. dacă reclamantul decedează în cursul procesului şi cererea se întemeiază pe culpa pârâtului, moştenitorii reclamantului pot continua procesul",C
60.  Nu poate fi făcută contestaţie la executare:,"A. de o terţă persoană care pretinde un drept de proprietate sau un alt drept real cu privire la bunul supus procedurii urmăririi silite
B. de către aceeaşi parte pentru motive care au existat la data primei contestaţii la executare
C. în cazul în care executorul judecătoresc refuză să efectueze o executare silită sau să îndeplinească un act de executare silită, în condiţiile legii",B
61.  Pot retroactiva:,"A. legile penale de dezincriminare
B. legile penale noi mai favorabile
C. legile extrapenale cu dispoziţii penale",AB
62.  Tentativa constă în:,"A. punerea în executare a hotărârii infracţionale
B. punerea în executare a intenţiei de a săvârşi infracţiunea, executare care nu şi-a produs efectul sau a fost întreruptă
C. efectuarea de acte de pregătire în vederea comiterii infracţiunii",B
"63.  Potrivit noului Cod penal, constituie al doilea termen al recidivei:","A. o infracţiune comisă cu intenţie pentru care legea prevede pedeapsa închisorii mai mare de un an
B. o infracţiune săvârşită cu intenţie sau cu intenţie depăşită, pentru care legea prevede pedeapsa închisorii mai mare de 6 luni
C. o infracţiune săvârşită cu praeterintenție pentru care legea prevede pedeapsa închisorii mai mare de un an",AC
64.  Interzicerea exercitării dreptului de a se afla în anumite localităţi stabilite de instanţă constituie:,"A. o măsură educativă
B. o pedeapsă complementară
C. o măsură de siguranţă",B
65.  Autorul infracţiunii de mărturie mincinoasă nu se pedepseşte dacă îşi retrage mărturia:,"A. în cauzele penale înainte de citirea actului de sesizare a instanţei
B. în cauzele civile înainte de se fi pronunţat o hotărâre sau de a se fi dat o altă soluţie, ca urmare a mărturiei mincinoase
C. în cauzele penale, înainte de reţinere, arestare sau de punerea în mişcare a acţiunii penale, ca urmare a mărturiei mincinoase",BC
66.  Coautoratul nu este posibil în cazul:[GRILĂ ANULATĂ],"A. tentativei
B. infracţiunilor săvârşite din culpă
C. infracţiunilor complexe",B
67.  Asistarea zilnică:,"A. este o măsură educativă privativă de libertate şi constă în obligaţia minorului de a respecta un program stabilit de serviciul de probaţiune
B. constituie o măsură preventivă ce se poate dispune faţă de inculpatul minor
C. poate fi înlocuită cu o măsură educativă privativă de libertate, dacă minorul săvârșeste o nouă infracţiune",C
68.  Prescripţia răspunderii penale:,"A. este o cauză care înlătură răspunderea penală, pentru toate infracţiunile, indiferent de forma de vinovăţie
B. începe să curgă de la data săvârşirii infracţiunii, iar în cazul infracţiunii continuate de la data săvârşirii ultimei acţiuni sau inacţiuni
C. înlătură răspunderea penală, oricâte întreruperi ar interveni, dacă termenul de prescripţie este depăşit cu încă o dată",BC
69.  Persoana juridică răspunde penal pentru infracţiunile săvârşite:,"A. indiferent de activitatea desfăşurată
B. în realizarea obiectului de activitate
C. în interesul ori în numele persoanei juridice",BC
"70.  Prin sentinţa penală nr. 441/2014 a Judecătoriei B., rămasă definitivă prin neapelare în data de 25.04.2014 inculpatul C.D. a fost condamnat la pedeapsa 1 an închisoare pentru săvârşirea infracţiunii de lovire sau alte violențe, instanţa dispunând suspendarea executării sub supraveghere. Pe parcursul termenului de supraveghere s-a descoperit că persoana condamnată mai săvârşise anterior condamnării o infracţiune de ameninţare pentru care i s-a aplicat, după împlinirea termenului de supraveghere, pedeapsa de 6 luni închisoare. Sesizându-se din oficiu, instanţa care a judecat cea de a doua infracţiune va dispune:","A. menţinerea suspendării executării pedepsei închisorii sub supraveghere
B. anularea pedepsei suspendării executării pedepsei închisorii sub supraveghere
C. revocarea suspendării pedepsei închisorii sub supraveghere",B
71.  Constituie circumstanţe atenuante legale următoarele împrejurări:,"A. dolul repentin (provocarea)
B. depăşirea limitelor legitimei apărări
C. excesul neimputabil",AB
72.  Infracţiunea de neglijenţă în serviciu:,"A. poate fi săvârşită numai din culpă cu prevedere sau fără prevedere
B. poate fi săvârşită în formă continuată
C. actele de pregătire şi tentativa nu sunt posibile",AC
73.  În cazul infracţiunii de înşelăciune:,"A. nu este necesar ca prin fapta săvârşită să se producă un prejudiciu material
B. retragerea plângerii prealabile înlătură răspunderea penală
C. împăcarea înlătură răspunderea penală",C
74.  Infracţiunea de cumpărare de influenţă se săvârșeste atunci când:,"A. o persoană oferă ori dă bani unui funcţionar public, pentru a-l determina pe acesta să îndeplinească ori să nu îndeplinească un act ce intră în îndatoririle sale de serviciu
B. o persoană pretinde bani ori foloase, lăsând să se creadă că are influenţă asupra unui funcţionar public
C. o persoană oferă bani ori alte foloase, direct ori indirect, unei persoane care lasă să se creadă că are influenţă asupra unui funcţionar public pentru a-l determina pe acesta să îndeplinească ori să nu îndeplinească un act ce intră în îndatoririle sale de serviciu",C
75.  Înlocuirea pedepsei amenzii cu pedeapsa închisorii are loc în cazul:,"A. neexecutării pedepsei amenzii, în întregime
B. neexecutării pedepsei amenzii, în tot sau doar în parte
C. neexecutării pedepsei amenzii, în tot sau în parte, cu rea-credinţă",C
"76.  Inculpatul F.G. a hotărât împreună cu inculpatul A.D. să sustragă o motocicletă, după care a păzit intrarea în garaj pentru ca inculpatul A.D. să nu fie surprins în timpul săvârşirii faptei, iar ulterior a transformat motocicleta sustrasă prin revopsirea ei şi schimbarea unor piese. Fapta lui F.G. constituie:","A. infracţiunea de tăinuire
B. complicitate la infracţiunea de furt
C. infracţiunea de furt în concurs cu infracţiunea de tăinuire",B
77.  Inculpatul Z.M. şi-a asmuţit câinele asupra victimei M.R. şi ca urmare a multiplelor plăgi muşcate aceasta a decedat.,"A. fapta reprezintă infracţiunea de ucidere din culpă, întrucât inculpatul nu a prevăzut rezultatul acţiunii sale
B. fapta constituie infracţiunea de omor, fiind comisă cu intenţie indirectă
C. fapta reprezintă infracţiunea de loviri sau vătămări cauzatoare de moarte, fiind săvârşită cu intenţie depăşită",B
78.  Retragerea plângerii prealabile înlătură răspunderea penală:,"A. numai cu privire la persoana la care a fost retrasă
B. numai dacă retragerea a intervenit până la pronunţarea unei hotărâri definitive
C. a tuturor participanţilor",AB
79.  Suspendarea executării pedepsei sub supraveghere:,"A. nu produce efecte asupra măsurilor de siguranţă şi a obligaţiilor civile prevăzute în hotărârea judecătorească
B. are loc pe durata unui termen de supraveghere cuprins între 2 şi 4 ani, care se calculează de la data când hotărârea prin care s-a pronunţat suspendarea executării pedepsei sub supraveghere a rămas definitivă
C. se poate dispune indiferent de durata pedepsei stabilite, dacă infractorul nu a mai fost condamnat anterior la pedeapsa închisorii",AB
"80.  Când în cazul aceleiaşi infracţiuni sunt incidente două sau mai multe dispoziţii care au ca efect reducerea pedepsei, limitele speciale ale pedepsei prevăzute de lege pentru infracţiunea săvârşită se reduc prin aplicarea succesivă a dispoziţiilor legale în următoarea ordine:","A. circumstanţe atenuante, tentativă şi cazuri speciale de reducere a pedepsei
B. cazuri speciale de reducere a pedepsei, circumstanţe atenuante şi tentativă
C. tentativă, circumstanţe atenuante şi cazuri speciale de reducere a pedepsei",C
81.  Acţiunea penală poate fi pusă în mişcare:,"A. de către instanţa de judecată prin încheiere, în cazul săvârşirii infracţiunilor de audienţă
B. de către procuror, prin declaraţie orală, în cazul săvârşirii infracţiunilor de audienţă
C. de către organul de cercetare penală, prin declaraţie orală, în timpul urmăririi penale",B
82.  Hotărârea prin care prima instanţă de judecată îşi declină competenţa:,"A. poate fi atacată separat cu apel de către procuror, părţi şi persoana vătămată
B. nu este supusă căilor de atac
C. poate fi atacată cu contestaţie de către procuror, părţi şi persoana vătămată",B
83.  Reunirea cauzelor este obligatorie:,"A. în cazul infracţiunii continuate
B. în toate cazurile când între două sau mai multe infracţiuni există legătură şi reunirea cauzelor se impune pentru buna înfăptuire a justiţiei
C. în cazul concursului real de infracţiuni",A
84.  Curtea de Apel:,"A. judecă în primă instanţă infracţiunile săvârşite de magistraţii-asistenţi de la Înalta Curte de Casaţie şi Justiţie
B. judecă în primă instanţă infracţiunile săvârşite de judecătorii de la curţile de apel şi Curtea Militară de Apel, precum şi de procurorii de la parchetele de pe lângă aceste instanţe
C. judecă în primă instanţă infracţiunile săvârşite de judecătorii Înaltei Curţi de Casaţie şi Justiţie",AB
85.  Are dreptul de a solicita consultarea dosarului pe parcursul procesului penal:,"A. numai avocatul suspectului sau al inculpatului
B. numai avocatul părţilor în procesul penal
C. avocatul părţilor şi al subiecţilor procesuali principali",C
"86.  Instanţa, judecând apelul, desfiinţează sentinţa primei instanţe şi dispune rejudecarea de către instanţa a cărei hotărâre a fost desfiinţată:","A. pentru motivul că judecarea cauzei la acea instanţă a avut loc în prezenţa unei părţi nelegal citate, invocată de acea parte
B. pentru motivul că judecarea cauzei la acea instanţă a avut loc în lipsa unei părţi legal citate, dar care a fost în imposibilitate de a se prezenta şi de a înştiinţa instanţa despre această imposibilitate, invocată de acea parte
C. atunci când există oricare dintre cazurile de nulitate absolută",B
87.  Împotriva hotărârilor penale definitive se poate face contestaţie în anulare în următoarele cazuri:,"A. când judecata în apel a avut loc în prezenţa unei părţi nelegal citate
B. când inculpatul a fost condamnat, deşi existau probe cu privire la o cauză de încetare a procesului penal
C. când împotriva unei persoane s-au pronunţat două hotărâri pentru aceeaşi faptă, dintre care cel puţin una definitivă",B
88.  Partea responsabilă civilmente:,"A. nu poate fi introdusă în procesul penal la cererea procurorului
B. poate interveni în procesul penal la termenul la care a fost audiat inculpatul de către instanţa de apel
C. poate fi obligată singură sau în solidar la repararea prejudiciului în cazul în care acţiunea civilă este admisă",C
89.  Renunţarea la pretenţiile civile în procesul penal:,"A. împiedică exercitarea acţiunii civile în faţa instanţei civile pentru aceleaşi pretenţii
B. poate fi făcută la prima instanţă de judecată şi după terminarea cercetării judecătoreşti
C. poate fi făcută şi de către procurorul care exercită acţiunea civilă în numele persoanei vătămate lipsite de capacitate de exerciţiu",AB
90.  Acordul de recunoaştere a vinovăţiei:,"A. trebuie semnat şi de către persoana vătămată
B. poate fi încheiat şi în formă orală
C. nu poate fi încheiat înainte de punerea în mişcare a acţiunii penale",C
91.  Persoana vătămată:,"A. poate fi audiată anticipat în cursul urmăririi penale de către judecătorul de drepturi şi libertăţi
B. poate face apel pe latura civilă a cauzei
C. poate formula cerere de administrare de probe în cursul urmăririi penale",AC
92.  În apel:,"A. instanţa de apel poate dispune trimiterea cauzei la organul de urmărire penală
B. instanţa de apel poate administra doar probe noi
C. instanţa de apel poate examina cauza şi cu privire la alte aspecte decât cele pentru care s-a formulat apel",C
93.  În procedura de cameră preliminară:,"A. cererile formulate şi excepţiile invocate se discută în contradictoriu în şedinţă publică
B. dacă inculpatul a fost trimis în judecată în stare de arest la domiciliu, asistenţa sa juridică nu este obligatorie
C. judecătorul de cameră preliminară poate invoca din oficiu excepţii",C
94.  Contestaţia în anulare:,"A. poate fi formulată şi de persoana vătămată
B. trebuie formulată în toate cazurile în termen de 30 de zile de la data comunicării deciziei instanţei de apel
C. nu poate fi formulată pe motivul că inculpatul nu a fost legal citat la judecata în primă instanţă",AC
95.  Inculpatul X nu se mai bucură de prezumţia de nevinovăţie:,"A. la pronunţarea în primă instanţă a unei hotărâri de amânare a aplicării pedepsei
B. dacă faţă de acesta s-a dispus prin hotărâre rămasă definitivă renunţarea la aplicarea pedepsei
C. din momentul în care acesta a semnat cu procurorul un acord de recunoaştere a vinovăţiei",B
96.  Desemnarea unei alte instanţe pentru judecarea cauzei:,"A. se poate dispune doar la cererea procurorului care efectuează sau supraveghează urmărirea penală
B. este dată exclusiv în competenţa Înaltei Curţi de Casaţie şi Justiţie
C. se dispune de către instanţa competentă prin încheiere",AC
97.  Nu are dreptul de a refuza să dea declaraţii în calitate de martor:,"A. sora persoanei vătămate
B. sora fostei soţii a suspectului, cu excepţia cazului în care divorţul s-a pronunţat prin acordul părţilor
C. bunica maternă a inculpatului",AB
"98.  Atunci când cauza se află în procedura de cameră preliminară, dar în etapa soluţionării contestaţiei împotriva încheierii prin care s-a dispus începerea judecăţii:","A. verificarea măsurii preventive a inculpatului aflat în stare de arest preventiv se face numai la cererea procurorului de pe lângă Parchetul corespunzător instanţei în faţa căreia se află cauza
B. nu poate fi dispusă prelungirea măsurii arestului la domiciliu la cererea formulată în acest sens de procuror
C. citarea inculpatului este obligatorie",BC
"99.  Este supusă confirmării judecătorului de cameră preliminară, în termen de cel mult 3 zile, sub sancţiunea nulităţii:","A. ordonanţa de reluare a urmării penale după încetarea cauzei de suspendare
B. ordonanţa prin care procurorul ierarhic superior infirmă soluţia de netrimitere în judecată şi dispune redeschiderea urmăririi penale, dar doar atunci când procurorul ierarhic superior a dispus această soluţie anterior comunicării ordonanţei care cuprinde această soluţie de netrimitere
C. ordonanţa prin care procurorul de caz îşi revocă ordonanţa prin care a dispus renunţarea la urmărire penală şi dispune redeschiderea urmăririi penale, constatând că inculpatul nu şi-a îndeplinit cu rea-credinţă obligaţiile ce i-au fost stabilite",C
100.  Hotărârea prin care se soluţionează cauza de către prima instanţă de judecată:,"A. este întotdeauna o sentinţă
B. se redactează de grefierul de şedinţă în maxim 30 de zile de la pronunţare
C. trebuie să cuprindă, în conţinutul expunerii, şi arătarea temeiurilor de drept care justifică soluţiile date în cauză",AC
