1.  ,"A. avocatul AA poate refuza această desemnare în caz de conflict de interese sau pentru alte motive
B. avocatul AA are dreptul la un onorariu stabilit de comun acord cu inculpatul BB;
C. avocatul AA își poate încasa onorariul pentru asistența acordată doar după confirmarea, de către organul",AC
2.  ,"A. în cazul săvârșirii unei abateri disciplinare care a fost sancționată cu excluderea din profesie;
B. în cazul în care este respins de 3 ori la examenul de definitivare în profesia de avocat;
C. în caz de încetare a îndrumării profesionale fără culpa sa.",C
3.  ,"A. pe perioada interdicției de a profesa avocatura, dispusă prin hotărâre judecătorească sau disciplinară;
B. în cazul în care împotriva avocatului s-a luat măsura excluderii din profesie ca sancțiune disciplinară;
C. în caz de incompatibilitate, pe durata existenţei acestei stări.",B
4.  ,"A. de a alege organele de conducere ale profesiei, dacă nu are datorii scadente la taxele şi contribuțiile
B. la publicitate profesională, cu condiţia ca aceasta să respecte reglementările profesionale şi cele
C. la onorariu și la acoperirea tuturor cheltuielilor făcute în interesul procesual al clientului său",BC
5.  ,"A. se efectuează în baza deciziei Preşedintelui U.N.B.R.;
B. se face, din oficiu, la înscrierea avocatului în Barou;
C. poate fi refuzată motivat dacă avocatului solicitant i s-a aplicat o sancțiune disciplinară.",C
6.  ,"A. cel căruia i s-a aplicat pedeapsa interdicției de a exercita profesia, pe durata stabilită prin hotărâre
B. cel care exercită o activitate salarizată în interiorul unei alte profesii decât cea de avocat;
C. cel în sarcina căruia s-a reținut, în baza unei hotărâri judecătorești definitive sau prin acte ale organelor",AC
7.  ,"A. are personalitate juridică;
B. nu are personalitate juridică;
C. se poate constitui prin asocierea a cel puțin 4 avocați definitivi.",A
8.  ,"A. incompatibilitate;
B. îndatoriri ale avocatului;
C. răspundere disciplinară.",BC
9.  ,"A. în fața Decanului Baroului;
B. în fața Adunării Generale a Baroului;
C. în fața Consiliului Baroului.",C
10.  ,"A. ca instanţă de fond, în complet de 3 membri, abaterile disciplinare săvârşite de membrii Consiliului
B. ca instanţă de fond, în complet de 7 membri, abaterile disciplinare săvârşite de membrii Consiliului
C. în contestaţie, în complet de 5 membri, potrivit prevederilor statutului profesiei de avocat.",AC
11.  ,"A. nu pot fi înstrăinate, în nicio situaţie;
B. pot fi înstrăinate prin acte între vii numai între avocaţi definitivi şi aflaţi în exerciţiul profesiei;
C. nu au dreptul să organizeze activitate de pregătire profesională continuă.",B
12.  ,"A. Comisia Permanentă a U.N.B.R.;
B. Consiliul U.N.B.R. constituit ca instanţă disciplinară în plenul său, în afară de persoana implicată în cauză;
C. Înalta Curte de Casație şi Justiție.",B
13.  ,"A. trimestrial;
B. lunar;
C. anual.",
14.  ,"A. îndatoririlor avocaţilor;
B. răspunderii disciplinare;
C. cazurilor de nedemnitate.",AB
15.  ,"A. U.N.B.R.;
B. Baroul unde acesta urmează să-și exercite profesia;
C. Comisia Permanentă a U.N.B.R.",A
16.  ,"A. să înregistreze operaţiunea în Registrul electronic al actelor întocmite de avocaţi în termen de cel mult 30
B. să înregistreze operaţiunea în Registrul electronic al actelor întocmite de avocaţi conform procedurii
C. să înregistreze operaţiunea în Registrul electronic al actelor întocmite de avocaţi, sub sancţiunea",C
17.  ,"A. se susţine în cadrul Baroului unde candidatul a depus cererea de înscriere la examen;
B. se desfăşoară în baza unei tematici de examen care este unică la nivelul U.N.B.R.;
C. se organizează cel puţin anual şi la nivel naţional.",BC
18.  ,"A. Comisia de Disciplină a Baroului emite decizii de trecere pe tabloul avocaţilor incompatibili, la cerere sau
B. decizia de primire în profesie va produce efectele numai de la data încetării stării de incompatibilitate;
C. până la încetarea stării de incompatibilitate, cel primit în profesie va fi înscris în tabloul avocaţilor",BC
19.  ,"A. nu poate asista sau reprezenta părţi cu interese contrare în aceeaşi cauză sau în cauze conexe;
B. nu poate fi ascultat ca martor şi nu poate furniza relaţii niciunei autorităţi sau persoane, în nicio situaţie,
C. nu poate pleda împotriva părţii care l-a consultat mai înainte în legătură cu aspectele litigioase concrete",AC
20.  ,"A. mustrarea;
B. avertismentul;
C. închisoarea.",AB
21.  ,"A. prestația la care se angajează debitorul;
B. serviciul cuvenit creditorului;
C. operațiunea juridică convenită de părți.",C
22.  ,"A. toți debitorii sunt decăzuți din beneficiul termenului;
B. insolvența nu constituie un motiv de decădere a debitorului insolvent din beneficiul termenului;
C. decăderea din beneficiul termenului a unui debitor chiar obligat solidar nu este opozabilă celorlalți",C
23.  ,"A. nu pot fi introduse împotriva proprietarului;
B. pot fi introduse de către cel care exercită o posesie viciată, dacă tulburarea sau deposedarea este
C. pot fi introduse de către cel care exercită o posesie viciată dacă tulburarea sau deposedarea este",B
24.  ,"A. poate fi încheiat și în vederea săvârșirii unor acte juridice nepatrimoniale;
B. poate fi încheiat în formă verbală, dacă actul juridic pentru care s-a dat mandatul nu este supus, potrivit
C. poate fi încheiat în formă verbală numai în cazurile expres și limitativ prevăzute de lege",AB
25.  ,"A. a unei promisiuni unilaterale de vânzare;
B. a unui pact de opțiune privind contractul de vânzare;
C. a unui pact de opțiune afectat de un termen extinctiv.",BC
26.  ,"A. nu poate fi denunțat unilateral în nicio situație;
B. poate fi denunțat unilateral de către locatar cu respectarea unui termen de preaviz de cel puțin 60 de zile, chiar dacă dreptul de denunțare unilaterală nu este expres prevăzut în contract;
C. poate fi denunțat unilateral de către locator în vederea satisfacerii nevoilor locative proprii sau ale familiei",BC
27.  ,"A. cumpărătorul poate obține doar reducerea corespunzătoare a prețului sau rezoluțiunea vânzării;
B. atunci când vânzătorul nu a cunoscut și nici nu trebuia să cunoască existența viciilor la data încheierii
C. angajarea răspunderii intervine indiferent de momentul apariției viciului ascuns.",B
28.  ,"A. acţiunea confesorie de uzufruct;
B. acțiunea în constatarea existenței unui drept şi acţiunea în anularea unui act juridic patrimonial;
C. acţiunea confesorie de superficie şi acţiunea în anularea a unui act juridic nepatrimonial.",A
29.  ,"A. pentru încheierea unui act de folosință cu titlu gratuit, cu privire la bunul comun;
B. pentru încheierea unui contract de locaţiune a bunului comun mobil pe o durată de 2 ani;
C. pentru încheierea unui act de conservare cu privire la bunul comun.",A
30.  ,"A. contractului încheiat cu nerespectarea formei ad validitatem, chiar dacă părțile s-au aflat în imposibilitatea
B. actului de administrare cu privire la bunurile din moștenire, încheiat de un nedemn cu un terț, chiar dacă
C. contractului întemeiat pe cauză ilicită atunci când este comună tuturor părților contractului.",AC
31.  ,"A. între părțile cesiunii se consideră transferate creanțele viitoare numai din momentul notificării debitorului
B. dobânzile scadente aferente creanței care nu au fost încasate de cedent se cuvin cesionarului cu începere
C. debitorul cedat este obligat să plătească cesionarului, iar nu cedentului, din momentul în care află, pe",B
32.  ,"A. excepția de neexecutare este neîntemeiată;
B. capătul de cerere privind plata sumei de 30.000 lei este prescris extinctiv;
C. ambele capete ale cererii de chemare în judecată sunt prescrise extinctiv.",AB
33.  ,"A. A este îndreptățit să solicite debitorilor B și C executarea obligației de întreținere în aceeași formă și măsură cum au fost stabilite la încheierea contractului;
B. dacă părțile nu au prevăzut altfel, obligația de plată a întreținerii este indivizibilă în privința debitorilor;
C. obligația de întreținere este diminuată proporțional cu valoarea pagubei suferite.",AB
34.  ,"A. pentru a fi valabilă și a produce efecte, tranzacția trebuie încheiată doar în formă autentică;
B. este anulabilă tranzacția încheiată pe baza unor înscrisuri dovedite ulterior ca fiind false;
C. este nulă tranzacția încheiată pe baza unor înscrisuri dovedite ulterior ca fiind false",C
35.  ,"A. atrage nulitatea relativă a contractului;
B. atrage nulitatea absolută a contractului;
C. atrage aplicarea prețului obișnuit practicat de vânzător, când acesta vinde în mod obișnuit acel tip de",A
36.  ,"A. poate renunța unilateral la servitute;
B. poate strămuta servitutea de trecere fără acordul proprietarului fondului dominant doar dacă există un
C. poate renunța unilateral la dreptul de proprietate asupra fondului aservit în întregime.",C
37.  ,"A. este un efect al posesiei și operează în favoarea unui posesor de bună-credință, dar și în favoarea unuia
B. presupune un termen egal ca durată cu cel al uzucapiunii imobiliare extratabulare;
C. îi este recunoscută întotdeauna și unui detentor precar.",AB
38.  ,"A. nulitatea care ar rezulta de aici poate fi confirmată, partea afectată păstrând dreptul de a cere dauneinterese de la terț;
B. părțile contractului, fără acordul terțului, pot declara amiabil nulitatea contractului;
C. contractul este întotdeauna anulabil.",AB
39.  ,"A. X nu avea dreptul să cesioneze către Z contractul de închiriere decât cu acordul scris al locatorului Y;
B. X avea dreptul să cesioneze către Z contractul de închiriere fără acordul locatorului Y;
C. dacă locatorul Y își dă acordul scris pentru cesiunea contractului de închiriere, în lipsa unei stipulații",AC
40.  ,"A. debitorul care neglijează în mod repetat să îşi execute obligația cu executare succesivă;
B. orice debitor care nu și-a executat obligația de a plăti o sumă de bani;
C. cumpărătorul care la scadență nici nu a plătit prețul și nici nu a preluat bunul mobil.",AC
41.  ,"A. personale imobiliare;
B. reale imobiliare;
C. mixte.",A
42.  ,"A. se depune la instanța competentă să o soluționeze;
B. se formulează, în toate cazurile, indiferent de motivul invocat, numai de Procurorul General al Parchetului
C. se soluționează prin încheiere care se dă fără motivare și este definitivă.",AC
43.  ,"A. nu împiedică faptul că actul de procedură să producă alte efecte juridice decât cele care decurg din natura
B. trebuie să fie invocată, pentru neregularităţile săvârşite în cursul judecăţii, la termenul la care s-a săvârşit
C. are drept efect desființarea actului de procedură de la data constatării nulității de către instanța de",B
44.  ,"A. oricând în cursul judecății în fața instanței de fond;
B. odată cu întâmpinarea sau, dacă pârâtul nu este obligat la întâmpinare, cel mai târziu la primul termen de
C. când reclamantul şi-a modificat cererea de chemare în judecată, cel mai târziu până la închiderea",B
45.  ,"A. dreptul de reprezentare, în cazul mandatarului neavocat, nu poate fi dat și prin declarație verbală, făcută
B. mandatul încetează prin moartea celui care l-a dat;
C. mandatul poate fi restrâns, în mod expres, la anumite acte.",C
46.  ,"A. se poate schimba cauza cererii de chemare în judecată;
B. se pot explicita pretenţiile care au fost cuprinse implicit în cererile sau apărările adresate primei instanţe;
C. se pot solicita venituri ajunse la termen după darea hotărârii primei instanţe.",BC
47.  ,"A. nu implică identitate de părți, obiect şi cauză;
B. este posibilă și atunci când cererile se află pe rolul unor instanțe diferite;
C. nu exclude disjungerea și judecarea separată a proceselor conexate.",AC
48.  ,"A. apelul exercitat doar de AA nu poate profita, în nici o situaţie, reclamanţilor BB şi CC;
B. apelul exercitat de AA va profita și reclamanţilor BB şi CC, în cazul în care va fi admis;
C. consecințele respingerii căii de atac cu privire la acordarea cheltuielilor de judecată pentru faza apelului",BC
49.  ,"A. nerespectarea oricăror condiții intrinseci actului de procedură;
B. nerespectarea unui termen de procedură prohibitiv;
C. depunerea cererii de apel direct la instanţa de control judiciar.",BC
50.  ,"A. în cazul ivirii unui conflict de competență, până la soluționarea acestuia;
B. în cazul în care amândouă părțile procesului o cer;
C. când dezlegarea cauzei depinde, în tot sau în parte, de existenţa ori inexistenţa unui drept care face",C
51.  ,"A. prin care instanța își verifică competența, are caracter interlocutoriu;
B. prin care este admisă excepția de litispendență, se atacă separat cu recurs;
C. prin care este admisă în principiu chemarea în garanție, se atacă separat cu apel.",A
52.  ,"A. poate fi atacată numai cu apel, la instanța ierarhic superioară, în termen de 30 de zile de la comunicare;
B. este definitivă și executorie, în cazul în care este rezultatul înțelegerii la care ajung creditorul și debitorul în procedura ordonanței de plată;
C. este definitivă, în toate cazurile.",B
53.  ,"A. hotărârea de evacuare este executorie și poate fi atacată cu recurs, în termenul de 30 de zile;
B. pârâtul nu poate invoca lipsa titlului reclamantului;
C. întâmpinarea nu este obligatorie, iar formularea unei cereri reconvenționale este inadmisibilă.",C
54.  ,"A. se comunică părților, în copie, numai dacă este necesar pentru exercitarea căilor de atac ori pentru motivarea acestora;
B. definitivă prin care s-a dispus anularea, în tot sau în parte, a unui act notarial se comunică din oficiu de
C. se va comunica din oficiu părţilor, în copie, chiar dacă este definitivă.",BC
55.  ,"A. hotărârea de declinare a competenţei nu este supusă niciunei căi de atac;
B. hotărârea de declinare a competenţei poate fi atacată de reclamatul AA cu apel;
C. reclamatul AA poate invoca, în condiţiile legii, excepţia de necompetenţă teritorială în faţa Judecătoriei T.",AC
56.  ,"A. încheierea de admitere în principiu a cererii de arătare a titularului dreptului;
B. încheierea de admitere a cererii de asigurare de probe;
C. încheierea prin care s-a respins recuzarea ca neîntemeiată.",B
57.  ,"A. poate fi invocată şi pe cale de excepție, în camera de consiliu sau în şedinţă publică;
B. nu se poate constata din oficiu;
C. cererii de chemare în judecată poate fi ridicată pentru prima oară în instanţa de apel.",A
58.  ,"A. cererea de contestaţie la executare formulată de contestatorul AA nu este supusă procedurii de
B. AA şi BB vor fi citaţi în termen scurt, iar judecarea contestaţiei se face de urgenţă şi cu precădere;
C. hotărârea pronunţată cu privire la contestaţia la executare este definitivă.",AB
59.  ,"A. poate fi invocată în orice stare a procesului, chiar înaintea instanţei de recurs;
B. poate fi invocată şi din oficiu de către instanţă;
C. poate fi invocată în apel numai dacă a fost invocată în primă instanţă şi s-a respins.",AB
60.  ,"A. va putea fi dată chiar şi atunci când este în curs judecata asupra fondului;
B. este provizorie şi executorie;
C. se judecă întotdeauna cu citarea părţilor.",AB
61.  ,"A. nu constituie nicio formă de participație penală;
B. constituie participație improprie;
C. constituie participație proprie.",B
62.  ,"A. numai dacă, după săvârşirea furtului, îşi respectă promisiunea de tăinuire;
B. numai dacă primeşte bunurile furate de către autor;
C. chiar dacă, după săvârșirea furtului, promisiunea de tăinuire nu este îndeplinită.",C
63.  ,"A. a intervenit amnistia;
B. s-au aplicat pedepse ce au fost grațiate condiționat;
C. s-au aplicat pedepse a căror executare s-a prescris.",A
64.  ,"A. numitul X va răspunde pentru un concurs formal de infracțiuni;
B. numitul X va răspunde pentru o infracțiune unică de vătămare corporală din culpă în variantă agravată;
C. acțiunea penală se pune în mișcare la plângerea prealabilă a persoanei vătămate.",BC
65.  ,"A. se sancționează cu pedeapsa prevăzută de lege pentru infracțiunea consumată, ale cărei limite se reduc
B. se pedepsește în cazul infracțiunilor comise din culpă doar atunci când legea o prevede în mod expres;
C. nu există atunci când imposibilitatea de consumare a infracțiunii este consecința modului cum a fost",C
66.  ,"A. pedeapsa principală este dizolvarea;
B. răspunderea penală a persoanei juridice exclude răspunderea penală a persoanei fizice care a contribuit
C. autoritățile publice nu răspund penal.",C
67.  ,"A. de o persoană înarmată;
B. în timpul nopții;
C. prin violare de domiciliu sau de sediu profesional.",A
68.  ,"A. purtare abuzivă;
B. trafic de influență;
C. delapidare în varianta tip.",AB
69.  ,"A. dacă victima este un minor, acțiunea penală se pune în mișcare doar la plângerea prealabilă a
B. la varianta tip tentativa se pedepsește;
C. împăcarea nu înlătură răspunderea penală.",BC
70.  ,"A. prin simularea de calităţi oficiale;
B. în timpul nopţii;
C. de două sau mai multe persoane împreună.",AB
71.  ,"A. nu este niciodată posibil coautoratul;
B. pedeapsa prevăzută de lege poate fi sporită peste maximul special chiar dacă nu se rețin circumstanțe
C. termenul de prescripție a răspunderii penale curge de la data încetării acțiunii sau inacțiunii care constituie",C
72.  ,"A. excesul neimputabil de legitimă apărare;
B. starea de necesitate;
C. cazul fortuit.",B
73.  ,"A. are ca element material raportul sexual consimțit;
B. nu poate fi comisă între două surori;
C. este o infracțiune contra libertăţii şi integrităţii sexuale.",AB
74.  ,"A. personalitatea legii penale presupune și că legea penală română se aplică infracţiunilor săvârşite în afara
B. universalitatea legii penale presupune că legea penală română se aplică infracţiunilor săvârşite pe
C. realitatea legii penale presupune că legea penală română se aplică infracţiunilor săvârşite în afara",AC
75.  ,"A. furt;
B. însușirea bunului găsit sau ajuns din eroare la făptuitor;
C. abuz de încredere.",C
76.  ,"A. bunurile care au fost folosite, în orice mod, sau destinate a fi folosite la săvârşirea unei fapte prevăzute de
B. bunurile dobândite prin săvârşirea faptei prevăzute de legea penală, dacă nu sunt restituite persoanei
C. toate metalele și pietrele prețioase deținute de persoana care a comis o faptă prevăzută de legea penală.",AB
77.  ,"A. atât printr-o acțiune, cât și printr-o inacțiune;
B. doar printr-o inacțiune;
C. atât cu intenție, cât și din culpă.",A
78.  ,"A. are ca obiect material doar un înscris oficial;
B. presupune întotdeauna că autorul cunoaște caracterul fals al înscrisului folosit;
C. se reține doar dacă acțiunea de folosire se comite în vederea producerii unei consecințe juridice.",BC
79.  ,"A. X răspunde pentru infracțiunea de ultraj;
B. X răspunde pentru infracțiunea de ultraj judiciar;
C. X nu răspunde pentru tentativă la infracțiunea de omor",BC
80.  ,"A. numitul X răspunde pentru infracțiunea de distrugere în varianta tip;
B. numitul X răspunde pentru infracțiunea de distrugere calificată;
C. în sarcina numitului X se va reține o circumstanță agravantă.",AC
81.  ,"A. care a fost greșit îndreptată la organul de urmărire penală se trimite, pe cale administrativă, organului
B. se poate face întotdeauna și de către copilul major pentru părinți;
C. nu este obligatoriu să conțină și încadrarea juridică a faptei descrise în cuprinsul acesteia.",AC
82.  ,"A. hotărârea trebuie să fie redactată la momentul pronunțării;
B. hotărârea se semnează de toți membrii completului de judecată și de grefier;
C. este obligatorie întocmirea minutei care să consemneze rezultatul deliberării instanței de judecată.",AB
83.  ,"A. își poate însuși apelul declarat de procuror în favoarea sa și retras în condițiile legii de procurorul ierarhic
B. poate declara apel împotriva sentinței pronunțate de prima instanță de judecată, în ceea ce privește latura
C. poate reveni asupra renunțării la apelul care privește latura civilă a cauzei, înăuntrul termenului pentru",AB
84.  ,"A. subiecții procesuali principali nu au dreptul de a solicita consultarea dosarului;
B. are dreptul de a solicita consultarea dosarului numai avocatul părților în procesul penal;
C. avocatul părților și al subiecților procesuali principali are dreptul de a solicita consultarea dosarului.",C
85.  ,"A. acordul de recunoaştere a vinovăţiei se poate încheia cu privire la infracțiunile pentru care legea prevede
B. acordul de recunoaştere a vinovăţiei poate fi încheiat între suspect și procuror, cu avizul procurorului
C. acordul de recunoaștere a vinovăției poate fi încheiat între inculpat și organul de cercetare penală, cu",A
86.  ,"A. organul de cercetare penală nu poate dispune suspendarea urmăririi penale;
B. efectuarea în continuare a urmăririi penale față de suspect, dispusă de organul de cercetare penală, este
C. extinderea urmăririi penale, dispusă de organul de cercetare penală, este supusă, în toate cazurile,",AB
87.  ,"A. nu este competentă să soluționeze o cerere de repunere în termenul de apel;
B. în temeiul efectului extensiv al apelului, examinează cauza prin extindere și cu privire la părțile care au
C. nu mai poate readministra probele administrate de prima instanță de judecată.",B
88.  ,"A. instanța poate schimba ordinea cercetării judecătorești numai dacă inculpatul refuză să dea declarații în
B. înainte de terminarea cercetării judecătorești, este obligatorie acordarea ultimului cuvânt inculpatului
C. instanța de judecată poate dispune, în condițiile prevăzute de lege, audierea expertului care a efectuat",C
89.  ,"A. se poate stinge, în faza urmăririi penale, numai printr-o ordonanță de clasare;
B. este lipsită de obiect în cazul în care a intervenit decesul suspectului ori al inculpatului persoană fizică sau
C. nu mai poate fi pusă ulterior în mișcare, în nicio situatie, în cazul în care a intervenit un transfer de",B
90.  ,"A. confruntarea;
B. declaratia de inculpat;
C. declarația dată de persoana vătămată care a depus o plângere cu privire la săvârșirea unei infracțiuni,",BC
91.  ,"A. dacă strămutarea se dispune în cursul procedurii de cameră preliminară, judecarea cauzei în primă
B. dacă se dispune strămutarea judecării căii de atac a apelului, rejudecarea cauzei, în caz de desfiinţare a
C. strămutarea judecării căii de atac a apelului poate fi dispusă numai de către Înalta Curte de Casație și",AC
92.  ,"A. audierea suspectului sau a inculpatului se înregistrează cu mijloace tehnice audio sau audio-video numai
B. suspectul sau inculpatul nu își poate exercita dreptul la tăcere cu privire la faptele ori împrejurările despre
C. nu pot fi audiate în calitate de martor persoanele care, în aceeași cauză, au calitatea de parte în procesul",C
93.  ,"A. nu poate constata niciodată încetarea de drept a măsurii arestării preventive a inculpatului, dacă pronunță
B. constată încetarea de drept a măsurii arestării preventive a inculpatului și dispune punerea de îndată în
C. lasă nesoluționată acțiunea civilă în cazul în care pronunță încetarea procesului penal ca urmare a",BC
94.  ,"A. inculpatul;
B. expertul desemnat de organele judiciare să efectueze expertiza judiciară în cauză;
C. suspectul.",C
95.  ,"A. aducerea la cunoștință a calității de suspect;
B. consultarea dosarului de către avocatul părților și al subiecților procesuali principali;
C. publicitatea ședinței de judecată.",C
96.  ,"A. în cursul urmăririi penale procurorul poate dispune, prin ordonanță, impunerea unor noi obligații pentru
B. în cursul urmăririi penale procurorul poate dispune, prin ordonanță, înlocuirea sau încetarea obligațiilor
C. luarea măsurii controlului judiciar față de inculpat poate fi dispusă, în cursul urmăririi penale, și de organul",B
97.  ,"A. ordonanța organului de cercetare penală prin care s-a luat, în cursul urmăririi penale, măsura reținerii
B. ordonanța procurorului prin care s-a dispus redeschiderea urmăririi penale ca urmare a neîndeplinirii cu
C. ordonanța procurorului prin care s-a prelungit, în cursul urmăririi penale, măsura controlului judiciar luată",C
98.  ,"A. competența materială a organelor de urmărire penală;
B. instituția măsurilor preventive;
C. competența funcțională a instanțelor judecătorești.",AB
99.  ,"A. instanța de apel va admite apelul martorului denunțător AB în cazul în care constată că acesta este fondat
B. instanța de apel va respinge ca inadmisibil apelul martorului denunțător AB;
C. în apelul declarat de inculpatul BC, instanța de apel nu-i poate crea acestuia o situație mai grea.",BC
100.  ,"A. asistenţa juridică este obligatorie pentru inculpatul AB, având în vedere că acesta este arestat într-o altă
B. determină întotdeauna aplicarea nulității absolute încălcarea dispozițiilor privind asistarea de către avocat
C. asistenţa juridică nu este obligatorie pentru inculpatul AB, având în vedere că inculpatul nu este arestat în",AB
