"1.  Avocatul definitiv are dreptul să pună concluzii la toate instanțele, cu excepția Înaltei Curți de Casație și Justiție și Curții Constituționale, unde va putea pune concluzii dacă are o vechime profesională:","A. de cel puţin 5 ani de la data admiterii în profesie, cu condiția ca vechimea să fie neîntreruptă
B. de cel puţin 5 ani de la data definitivării, indiferent dacă vechimea este întreruptă sau neîntreruptă
C. de cel puţin 5 ani de la data definitivării, cu condiţia ca vechimea să fie neîntreruptă",C
"2.  După înscrierea în Baroul X, avocatul stagiar AA:","A. va depune jurământul profesional în fața îndrumătorului său, în cadrul formei de exercitare a profesiei cu care colaborează;
B. va avea obligația de a urma cursurile Institutului Național pentru Pregătirea și Perfecționarea Avocaților,
C. va fi exclus din profesie dacă este respins de trei ori la examenul de definitivare în profesie",BC
3.  Este compatibilă cu exercitarea profesiei de avocat:,"A. calitatea de responsabil cu protecția datelor cu caracter personal
B. calitatea de consilier fiscal
C. calitatea de salariat în învățământul primar",AB
4.  Avocatul este obligat:,"A. să se abțină de la asistarea și sfătuirea unui client în realizarea de către acesta de acte sau fapte ce ar putea constitui infracțiuni
B. să denunțe toate infracțiunile de care ia cunoștință în exercitarea profesiei, pentru a nu fi tras la răspundere penală
C. să restituie actele ce i s-au încredinţat persoanei de la care le-a primit",AC
"5.  În materia răspunderii disciplinare, sancțiunile disciplinare ce pot fi aplicate de instanțele disciplinare sunt, printre altele:","A. avertismentul
B. radierea din Registrul de asistență judiciară
C. interdicția de a exercita profesia pe o durată nedeterminată",A
"6.  În cazul în care un avocat a fost desemnat să asigure asistența în favoarea unui beneficiar, ca urmare a încuviințării cererii de ajutor public judiciar în materie civilă:","A. decanul baroului are obligaţia de a comunica şi beneficiarului ajutorului public judiciar numele avocatului desemnat
B. avocatul are dreptul să primească de la beneficiar o remunerație cu titlu de acoperire a cheltuielilor
C. renunțarea unilaterală și nejustificată a beneficiarului la asistența acordată de avocat duce la încetarea",AC
7.  Este considerată abatere disciplinară gravă prevăzută ca atare de lege:,"A. nerespectarea de către avocat a îndatoririi de a nu folosi, în timpul ședinței de judecată, expresii de
B. încălcarea dispozițiilor din lege și din Statutul profesiei de avocat care prevăd expres o astfel de calificare
C. omisiunea avocatului definitiv de a frecventa formele de pregătire profesională continuă organizate de",AB
"8.  În urma judecării abaterii disciplinare săvârșite de avocatul AA, acestuia i s-a aplicat sancțiunea disciplinară a interdicției de a exercita profesia pe o perioadă de 6 luni. În această perioadă:","A. avocatul AA se află în stare de nedemnitate
B. avocatul AA se află în stare de incompatibilitate
C. avocatul AA se află în stare de suspendare",AC
"9.  În ceea ce privește formele de exercitare a profesiei de avocat, este adevărat că:","A. la constituirea formelor de exercitare a profesiei şi ulterior, avocaţii au dreptul să stabilească patrimoniul
B. în cabinetul individual își poate exercita profesia un avocat definitiv singur sau împreună cu alți avocați
C. avocatul poate să-și exercite profesia concomitent în mai multe forme de exercitare a acesteia, cu înștiințarea baroului din care face parte",A
10.  Sunt instanțe disciplinare:,"A. comisia de disciplină a baroului, decanul și Consiliul U.N.B.R.;
B. comisia de disciplină a baroului, Comisia centrală de disciplină și Președintele U.N.B.R.;
C. comisia de disciplină a baroului, Comisia centrală de disciplină și Consiliul U.N.B.R.",C
11.  Reprezintă caz de nedemnitate:,"A. fapta de a sprijini, sub orice formă, exercitarea fără drept de către o persoană a profesiei de avocat, reținută prin acte ale organelor profesiei de avocat
B. exercitarea nemijlocită de fapte materiale de comerț
C. fapta unei persoane de a exercita fără drept profesia de avocat, reținută în baza unei hotărâri judecătorești definitive",AC
12.  Calitatea de avocat se suspendă:,"A. prin renunțarea scrisă la exercițiul profesiei
B. în caz de neplată totală sau parțială a taxelor și a contribuțiilor profesionale către barou, către U.N.B.R. și către sistemul propriu de asigurări sociale, timp de 3 luni de la scadența acestora și până la lichidarea
C. pe perioada interdicției de a profesa dispusă prin hotărâre disciplinară",BC
13.  Avocatul stagiar:,"A. nu are dreptul de a alege organele de conducere ale profesiei de avocat
B. care a exercitat cel puțin un mandat de consilier județean dobândește, la cerere, calitatea de avocat
C. va fi suspendat din profesie în caz de încetare a îndrumării profesionale fără culpa sa",C
14.  Cabinetele grupate:,"A. nu pot avea proprietate comună
B. nu își păstrează individualitatea în raporturile cu clienții
C. se constituie pentru a-și crea facilități tehnico-economice în vederea exercitării profesiei",C
15.  Pentru asistența judiciară acordată:,"A. avocatul desemnat are dreptul la un onorariu stabilit prin decizia decanului baroului
B. onorariul stabilit inițial nu poate fi majorat, deoarece la stabilirea sa s-au avut în vedere aspectele legate de particularitățile și complexitatea cauzei
C. onorariile se stabilesc prin protocolul încheiat între U.N.B.R, Ministerul Justiției și Ministerul Public",C
16.  Acțiunea disciplinară se exercită:,"A. de consiliul baroului, în cazul avocaţilor care nu sunt decani sau membri ai Consiliului U.N.B.R.
B. în termen de cel mult 6 luni de la data luării la cunoștință, de către consiliul baroului, despre săvârșirea abaterii
C. nu mai târziu de 5 ani de la data săvârşirii abaterii disciplinare",A
"17.  În perioada interdicției de a exercita profesia, avocatul:","A. nu poate presta sub nicio formă asistență juridică
B. poate participa la activitatea organelor profesiei
C. nu poate asista sau reprezenta părți în fața organelor judiciare, dar are posibilitatea de a acorda consultații juridice la sediul său profesional",A
18.  În cazul sancțiunii disciplinare a amenzii:,"A. aceasta trebuie achitată în termen de maxim 10 zile de la data rămânerii definitive a hotărârii disciplinare
B. neachitarea acesteia în termenul prevăzut de lege atrage excluderea din profesie
C. neachitarea acesteia în termenul prevăzut de lege atrage suspendarea de drept a exercițiului profesiei,",C
"19.  Avocatul AA desemnat să acorde ajutorul public judiciar, refuză în mod repetat această sarcină profesională, pe motivul nejustificat că onorariul este prea mic. În acest caz avocatul AA:","A. săvârşeşte o abatere disciplinară
B. încalcă o îndatorire a avocaților
C. consideră, în mod legal, că poate refuza această sarcină profesională, dreptul la onorariu fiind un drept al avocatului",AB
"20.  Avocatul AA săvârșește o abatere evidentă și gravă, încâlcând solemnitatea ședinței de judecată și aducând atingere demnității judecătorului. În acest caz, instanța disciplinară:","A. poate lua măsura suspendării avocatului din exercițiul profesiei până la judecarea definitivă a cauzei
B. poate dispune suspendarea avocatului din exercițiul profesiei, fără avizul Consiliului Baroului
C. poate dispune, de îndată, excluderea avocatului din profesie",AB
21.  Eroarea de drept este esențială și constituie viciu de consimțământ:,"A. în cazul dispozițiilor legale accesibile și previzibile
B. atunci când privește o normă juridică determinantă, potrivit voinței părților, pentru încheierea contractului
C. atunci când privește o normă juridică exclusiv imperativă și determinantă pentru încheierea contractului",B
22.  Prin acordul părților:,"A. nu pot fi suprimate cauze de nulitate
B. nu pot fi instituite cauze de nulitate
C. pot fi instituite, modificate și suprimate cauze de nulitate",AB
23.  Contractul de antrepriză neexecutat fără justificare de către antreprenor:,"A. este susceptibil numai de reziliere
B. este susceptibil numai de rezoluțiune
C. este susceptibil de reziliere sau, după caz, de rezoluțiune",C
24.  În cazul uzufructului cu titlu particular:,"A. uzufructuarul este obligat la plata datoriilor pentru care fondul este ipotecat
B. uzufructuarul nu este obligat să plătească datoriile pentru care fondul este ipotecat, iar dacă le plătește,
C. uzufructuarul care a plătit datoriile pentru care fondul este ipotecat, are dreptul la restituirea sumelor plătite numai în limita îmbogățirii nudului proprietar",B
25.  Declarația de rezoluțiune unilaterală:,"A. este irevocabilă de la data expirării termenului de executare a obligației fixat prin punerea în întârziere
B. este caducă în ipoteza neînscrierii acesteia în cartea funciară, ori, după caz, în alte registre publice
C. poate fi făcută oricând, chiar și după expirarea termenului de prescripție prevăzut de lege pentru acțiunea corespunzătoare rezoluțiunii",A
"26.  Detenția precară se poate interverti în posesie utilă, aptă pentru a uzucapa:","A. atunci când detentorul precar încheie cu bună-credință un act translativ de proprietate cu altă persoană
B. dacă detentorul precar înstrăinează bunul, printr-un act translativ de proprietate cu titlu particular, către un
C. dacă, înainte de împlinirea termenului prevăzut pentru restituirea bunului, detentorul precar refuză să dea",AB
27.  În materia izvoarelor dreptului civil:,"A. în cazurile neprevăzute de lege dispozițiile legale privitoare la situații asemănătoare se aplică prioritar în
B. principiile generale ale dreptului se aplică întotdeauna prioritar în raport cu uzanțele
C. uzanțele cuprind obiceiul și uzurile profesionale",C
28.  În cazul în care clădirea având mai mulți proprietari este distrusă:,"A. iar distrugerea s-a produs în întregime, orice coproprietar poate oricând cere vânzarea la licitație publică a terenului
B. iar distrugerea s-a produs într-o proporție mai mică decât jumătate din valoarea ei, coproprietarii vor
C. iar distrugerea s-a produs într-o proporție mai mică de jumătate din valoarea ei, în orice situație, orice",B
29.  Pot face obiectul dreptului de uzufruct:,"A. universalitățile de fapt
B. bunurile mobile incorporale
C. numai masele patrimoniale",AB
30.  Acţiunea în revendicare a unui bun proprietate comună pe cote-părţi:,"A. poate fi introdusă, în toate cazurile, doar de unul din coproprietari
B. poate fi introdusă de unul din coproprietari, însă numai dacă acesta a fost în imposibilitate de a obține
C. poate fi introdusă numai cu acordul coproprietarilor care dețin majoritatea cotelor-părţi",A
31.  În ceea ce privește răspunderea civilă:,"A. se poate limita, prin convenție sau act unilateral, răspunderea pentru prejudiciul cauzat altuia printr-o
B. declarația de acceptare a riscului producerii unui prejudiciu nu constituie, prin ea însăși, o renunțare a
C. este valabilă clauza care exclude răspunderea pentru prejudiciul cauzat bunurilor victimei printr-o simplă",BC
32.  Mandatul de ocrotire:,"A. este un act juridic solemn, forma autentică notarială fiind o condiție de valabilitate a contractului
B. nu poate fi revocat de către mandant, chiar dacă acesta a redevenit capabil
C. încetează în cazul dispunerii unei măsuri de ocrotire a mandantului",A
33.  Neîndeplinirea unei condiții esențiale de validitate a unui act juridic la data încheierii acestuia:,"A. nu va atrage nulitatea sau anulabilitatea actului juridic, dacă această condiție nu mai este solicitată de legea nouă intrată în vigoare după momentul încheierii actului juridic
B. va atrage nulitatea sau anulabilitatea actului juridic, chiar dacă această condiție nu mai este solicitată de
C. va putea fi asanată (acoperită) prin refacerea actului, acesta putând produce efecte și pentru trecut",B
34.  Contractul este valabil:,"A. chiar dacă la momentul încheierii sale, una dintre părți se află în imposibilitate de a-și executa obligația, afară de cazul în care prin lege se prevede altfel
B. chiar dacă obiectul licit al obligației uneia dintre părți nu este determinat, dar există în contract suficiente
C. chiar dacă obiectul uneia dintre prestații este un bun care nu se află în circuitul civil",AB
35.  Capacitatea de folosință a persoanei juridice:,"A. este specializată numai în privința persoanelor juridice cu scop lucrativ
B. supusă înregistrării, se poate dobândi chiar de la data actului de înființare, însă numai în măsura necesară
C. nu permite primirea de liberalități, în condițiile dreptului comun",B
36.  În materie de prescripție extinctivă:,"A. nu se poate renunța la prescripție cât timp nu a început să curgă
B. nu poate fi invocată din oficiu, nici măcar în acele situații care ar fi în interesul statului sau al unităților
C. prescripția operează de plin drept",AB
"37.  Obligația împrumutatului de a restitui suma împrumutată până la sfârșitul anului în curs, respectiv până la 31.12.2023, este afectată de:","A. un termen cert
B. un termen suspensiv
C. un termen stabilit în favoarea creditorului",AB
"38.  X îi vinde lui Y un laptop despre care a avut reprezentarea că are o capacitate de stocare de 256 gigabyte, în realitate capacitatea de stocare fiind doar de 128 gigabyte. În acest context, din punct de vedere al dreptului substanțial civil:","A. Y poate invoca eroarea asupra identității obiectului prestației dacă eroarea nu a fost provocată de X
B. Y poate invoca eroarea asupra unei calități esențiale a obiectului prestației dacă eroarea nu a fost
C. Y poate invoca dolul, dacă eroarea a fost provocată de X, chiar dacă eroarea în care a fost indus Y nu a avut caracter esențial",BC
"39.  La 15 martie 2020 Primus vinde lui Secundus un autoturism folosit contra sumei de 90.000 lei. În cuprinsul convenției se menționează „Prețul se va plăti în 4 rate lunare egale, prima rată devenind scadentă la 30 martie 2020. Obligația de plată a prețului este garantată cu rezerva dreptului de proprietate. În caz de neplată a prețului, vânzătorul poate obține rezoluțiunea contractului în condițiile legii. Ca efect al rezoluțiunii, Secundus va restitui de îndată bunul, însă ratele plătite de acesta până la rezoluțiune, rămân câștigate lui Primus”. Secundus nu a plătit la scadență ultima rată din preț. În aceste condiții:","A. Primus poate opta între executarea silită a obligației de plată a prețului și rezoluțiunea contractului
B. în caz de rezoluțiune pentru neplata prețului, instanța nu va putea să reducă sumele plătite de Secundus
C. riscul pieirii fortuite s-a transmis lui Secundus la data predării bunului chiar dacă nu dobândise proprietatea",AC
"40.  Prin convenția încheiată la 27.09.2021 în formă autentică și notată în cartea funciară, F transmite spre folosință lui G o clădire, pentru o durată de 6 ani, contra unei chirii de 2000 lei/lună. La 15.03.2022, în urma unei furtuni, acoperișul imobilului este serios avariat și, întrucât F nu efectuează reparațiile necesare, deși a fost notificat de mai multe ori în acest sens, G efectuează el aceste reparații. La 25.06.2022, F vinde imobilul lui D. În aceste condiții:","A. locațiunea încetează odată cu înstrăinarea imobilului
B. locațiunea este opozabilă lui D până la expirarea duratei contractuale
C. F rămâne răspunzător pentru plata sumelor avansate în efectuarea reparațiilor de către G cât și a dobânzilor socotite de la data efectuării cheltuielilor",BC
41.  Mărturisirea:,"A. judiciară nu va putea fi, în nicio situație, revocată
B. extrajudiciară verbală nu poate fi invocată în cazurile în care proba cu martori nu este admisă
C. judiciară nu produce efecte dacă duce la pierderea unui drept de care cel care face recunoaşterea nu",BC
"42.  Prin cererea de chemare în judecată reclamantul AA a solicitat, în contradictoriu cu pârâtul BB, anularea testamentului prin care defunctul CC, cu ultimul domiciliu în Sibiu, l-a instituit legatar universal pe fratele său BB, dezbaterea succesiunii potrivit dispozițiilor legale și partajarea imobilului situat în Cluj-Napoca, singurul bun aflat în masa succesorală. În acest caz:","A. competența materială pentru soluționarea cauzei va aparține instanței de la locul situării imobilului
B. competența teritorială va aparține instanței de la ultimul domiciliu al defunctului CC
C. competența materială va reveni judecătoriei, indiferent de valoarea imobilului",BC
43.  Cererea reclamantului de transformare a acțiunii formulate pe cale de ordonanță președințială întro cerere de drept comun:,"A. trebuie făcută, sub sancţiunea decăderii, până la terminarea cercetării procesului, la primă instanţă
B. dacă este făcută după primul termen de judecată, instanţa de judecată o va soluţiona numai dacă există
C. poate fi formulată până la închiderea dezbaterilor la prima instanţă",C
44.  Excepția litispendenței:,"A. nu poate fi invocată de instanţă din oficiu
B. poate fi invocată în orice stare a procesului în faţa instanţelor de fond
C. se soluționează de către instanța ulterior sesizată, prin încheiere care poate fi atacată separat cu apel",B
"45.  Prin hotărârea pronunțată în cauză, instanța de judecată a admis cererea de chemare în judecată și a dispus anularea contractului de vânzare încheiat între părți. Prin hotărârea pronunţată instanța a omis să se pronunțe cu privire la cererea reclamantului de acordare a cheltuielilor de judecată constând în onorariul avocatului și cu privire la cererea expertului judiciar desemnat în cauză să efectueze expertiza, cu privire la achitarea unui onorariu suplimentar. În acest caz:","A. expertul va putea solicita completarea hotărârii, chiar dacă nu este parte în proces
B. instanţa va putea din oficiu, cu citarea părţilor, să completeze hotărârea pronunţată cu privire la cererile
C. reclamantul este îndrituit să solicite completarea hotărârii în privința cheltuielilor de judecată, neputând",AC
46.  În materia coparticipării procesuale:,"A. se aplică, în toate cazurile, principiul independenței procesuale
B. regula o constituie coparticiparea facultativă
C. reclamanții sau pârâții care nu s-au înfățișat ori nu au îndeplinit un act de procedură în termen nu vor",B
47.  Suspendarea judecării procesului a cărui strămutare se solicită se poate dispune:,"A. de către instanța competentă să judece strămutarea
B. din oficiu, de către instanța competentă potrivit legii, fără a fi necesară darea unei cauţiuni
C. de către instanța de la care s-a cerut strămutarea cu darea unei cauțiuni de 1.000 lei",A
48.  Hotărârea judecătorească se comunică:,"A. din oficiu părților, în copie, numai dacă este necesar pentru exercitarea căilor de atac
B. din oficiu, chiar dacă nu este definitivă, şi autorității sau instituției naționale cu atribuții de reglementare în materie, în cazul în care instanţa se pronunţă în legătură cu prevederi cuprinse în Tratatul privind
C. din oficiu părţilor, în original, chiar dacă este definitivă",B
"49.  Potrivit legii, se poate ataca cu recurs:","A. încheierea prin care tribunalul a dispus suspendarea judecării procesului ca urmare a sesizării Curții de
B. hotărârea prin care Înalta Curte de Casație și Justiție constată că a intervenit perimarea unui recurs aflat
C. hotărârea prin care a fost admisă excepția necompetenței teritoriale de ordine privată, invocată de pârât prin întâmpinare",AB
"50.  În ceea ce priveşte participarea terților la procesul civil, este adevărat că:","A. cererea de chemare în judecată a altei persoane se va depune de intervenientul principal cel mai târziu până la terminarea cercetării procesului înaintea primei instanțe
B. cererea de intervenție accesorie poate fi făcută direct în fața instanței de recurs
C. împotriva încheierii prin care a fost respinsă ca inadmisibilă cererea de intervenție voluntară principală se poate formula separat recurs",AB
51.  Termenul procedural:,"A. indiferent de unitatea de timp în care este stabilit, se prelungește până în prima zi lucrătoare care urmează, dacă ultima zi a termenului cade într-o zi nelucrătoare
B. nu se întrerupe atunci când, după ce termenul a început să curgă, a intervenit moartea părții, deoarece în acest caz se va face o nouă comunicare la ultimul domiciliu al părții decedate, pe numele moștenirii, fără
C. începe să curgă, dacă legea nu dispune altfel, de la data comunicării actului de procedură, considerânduse că actul a fost comunicat părții și în cazul în care aceasta a primit sub semnătură o copie de pe act ori",AC
"52.  Nedepunerea întâmpinării în termenul legal, atunci când potrivit legii acest act de procedură este obligatoriu, atrage:","A. decăderea pârâtului din dreptul de a mai invoca excepția lipsei de interes a reclamantului în formularea
B. decăderea pârâtului din dreptul de a mai propune probe
C. decăderea pârâtului din dreptul de a se mai discuta în fapt și în drept temeinicia susținerilor și a dovezilor",B
"53.  Creditorul AA îl cheamă în judecată pe debitorul BB, formulând o cerere de ordonanță de plată prin care solicită obligarea debitorului la plata sumei de 25.000 de lei. Cererea creditorului este admisă în parte, fiind emisă ordonanța de plată pentru suma de 18.000 de lei, sumă care va trebui achitată de către debitor în termen de 20 de zile de la comunicarea ordonanței. În acest caz:","A. creditorul poate formula o cerere de chemare în judecată potrivit dreptului comun pentru a obține
B. debitorul poate formula cerere în anulare în termen de 10 zile de la data înmânării sau comunicării ordonanței de plată
C. cererea în anulare formulată de debitor suspendă de drept executarea ordonanței de plată",AB
"54.  Contestația privind lămurirea înțelesului, întinderii sau aplicării titlului executoriu reprezentat de o hotărâre judecătorească:","A. se introduce la instanța care a pronunțat hotărârea care se execută
B. se introduce, în toate cazurile, la instanța de executare
C. se poate face oricând înăuntrul termenului de prescripție a dreptului de a obține executarea silită",AC
55.  Hotărârea judecătorească prin care o cerere de chemare în judecată este respinsă ca nefiind de competența instanțelor române:,"A. este supusă numai recursului la instanța ierarhic superioară
B. nu este supusă niciunei căi de atac
C. este supusă apelului în termen de 5 zile de la comunicare",A
56.  Cererea de intervenție voluntară principală:,"A. cu acordul expres al părților, se poate formula și direct, în instanța de recurs
B. în fața primei instanțe se depune, sub sancţiunea decăderii, până la terminarea cercetării procesului
C. nu parcurge etapa de verificare și regularizare a cererii prevăzută de Codul de procedură civilă",C
57.  Contestarea scrierii sau semnăturii de pe un înscris sub semnătură privată:,"A. trebuie făcută, de partea căreia i se opune înscrisul, la primul termen după depunerea înscrisului, sub
B. potrivit legii, nu poate fi formulată de moştenitorii sau succesorii în drepturi ai aceluia de la care se
C. determină administrarea obligatorie a unei expertize tehnice de către instanţa care va cerceta înscrisul",A
58.  În procedura de evacuare din imobilele folosite sau ocupate fără drept:,"A. cererea de evacuare se judecă întotdeauna cu citarea părţilor
B. întâmpinarea nu este obligatorie
C. pârâtul nu poate formula cerere de chemare în garanţie",BC
"59.  În cazul în care se constată că, în mod greșit, primă instanţă a soluționat procesul fără a intra în judecata fondului, instanţa de apel:","A. va anula hotărârea atacată şi va trimite, în toate cazurile, cauza spre rejudecare primei instanţe
B. va anula hotărârea atacată şi va judeca procesul, evocând fondul, dacă părţile nu au cerut trimiterea cauzei spre rejudecare la prima instanţă, prin cererea de apel sau prin întâmpinare
C. va anula hotărârea atacată şi va trimite, în toate cazurile, cauza spre rejudecare altei instanţe egale în grad şi din aceeaşi circumscripţie cu instanţa care a pronunţat hotărârea apelată",B
60.  Cererea de revizuire a unei hotărâri judecătoreşti:,"A. se soluţionează potrivit dispoziţiilor procedurale aplicabile judecăţii finalizate cu hotărârea atacată
B. se soluţionează prin hotărâre care este supusă, în toate cazurile, căilor de atac prevăzute de lege
C. este de competenţa instanţei care a pronunţat hotărârea a cărei revizuire se cere dacă se invocă, ca",AC
61.  Bifați varinta sau variantele de răspuns care constituie circumstanță atentuantă legală:,"A. depăşirea limitelor legitimei apărări
B. eforturile depuse de infractor pentru înlăturarea sau diminuarea consecinţelor infracţiunii
C. excesul neimputabil",A
62.  În cazul infracțiunii de înșelăciune:,"A. pentru consumare nu este necesar să se producă o pagubă
B. retragerea plângerii prealabile înlătură răspunderea penală
C. împăcarea înlătură răspunderea penală",C
63.  În cazul infracțiunii de distrugere din culpă:,"A. proprietarul bunului nu poate fi autor
B. tentativa nu este posibilă
C. persoana juridică nu poate fi autor",B
64.  Infracţiunea de ameninţare:,"A. dacă este comisă prin transmiterea unei scrisori, obiectul material este reprezentat de înscrisul care
B. este absorbită în infracțiunea de purtare abuzivă atunci când o persoană aflată în exercitarea atribuțiilor
C. se poate reţine doar dacă infracţiunea sau fapta păgubitoare ce face obiectul ameninţării vizează",B
"65.  Distrugerea mașinii unui avocat, în scop de răzbunare, în legătură cu exercitarea profesiei, constituie:","A. doar infracțiunea de distrugere
B. infracțiunea de ultraj
C. infracțiunea de ultraj judiciar raportată la infracțiunea de distrugere",C
"66.  Potrivit Codului penal, reabilitarea de drept:","A. are loc dacă persoana condamnată la pedeapsa închisorii cu suspendarea executării pedepsei sub
B. este condiționată de plata obligațiilor civile stabilite prin hotărârea de condamnare
C. nu produce efecte asupra măsurii confiscării speciale",C
67.  În cazul unui minor care are capacitate penală și a comis o infracțiune:,"A. limitele pedepsei închisorii se reduc la jumătate
B. termenele de prescripție a răspunderii penale sunt aceleași ca și în cazul majorilor
C. se pot lua doar măsuri educative",C
68.  Printre condițiile obligatorii de aplicare a suspendării executării pedepsei sub supraveghere se numără:,"A. pedeapsa aplicată, inclusiv în caz de concurs de infracțiuni, este închisoarea de cel mult 3 ani
B. infractorul să nu fi fost condamnat anterior la pedeapsa închisorii mai mare de 18 luni, cu excepția
C. infracțiunea a fost săvârșită din culpă",A
"69.  Dacă până în momentul desistării, făptuitorul săvârșește acte care constituie o altă infracțiune, se aplică pedeapsa:","A. pentru acea infracțiune, însă limitele speciale vor fi reduse cu o treime
B. pentru acea infracțiune
C. pentru tentativă la infracțiunea de la comiterea căreia a intervenit desistarea",B
"70.  Persoana care dobândește un bun cunoscând că acesta a fost furat și promite autorului infracţiunii de furt că va tăinui și alte bunuri, în cazul în care acesta va mai comite alte furturi în viitor, iar astfel de furturi sunt ulterior comise de autor, va putea răspunde:","A. doar pentru complicitate la infracțiunea de furt
B. doar pentru infracțiunea de tăinuire
C. atât pentru complicitatea la infracțiunea de furt, cât și pentru infracțiunea de tăinuire",C
71.  Grațierea și amnistia:,"A. nu au efect asupra măsurilor de siguranță
B. nu au efect asupra drepturilor persoanei vătămate
C. înlătură doar executarea pedepsei principale, întotdeauna în întregime, indiferent de momentul în care intervin",AB
72.  Actele de pregătire:,"A. pot fi comise de autor
B. materială, săvârșite de către o altă persoană decât autorul faptei, pot constitui acte de complicitate
C. comise de autor în cazul infracțiunii de omor sunt asimilate tentativei și se pedepsesc distinct",AB
73.  Infracțiunea de abuz în serviciu se poate comite:,"A. printr-o acțiune sau printr-o inacțiune
B. doar printr-o inacțiune
C. doar cu intenție",AC
74.  Legea penală română se aplică:,"A. doar pentru infracțiuni săvârșite pe teritoriul României
B. și pentru infracţiunile săvârşite în afara teritoriului ţării de către un cetăţean român sau de o persoană
C. și pentru infracţiunile săvârşite în afara teritoriului ţării de către un cetăţean străin sau o persoană fără",BC
75.  Pedeapsa accesorie:,"A. se execută din momentul rămânerii definitive a hotărârii de condamnare şi până când pedeapsa principală privativă de libertate a fost executată sau considerată ca executată
B. va fi întotdeauna aplicată în cazul în care pedeapsa principală este amenda
C. nu poate fi aplicată minorilor",AC
76.  În cazul reținerii cauzei justificative a legitimei apărări:,"A. nu pot fi luate măsuri de siguranță împotriva autorului, ci doar împotriva participanților
B. efectele se produc in rem, fapta fiind justificată şi în cazul participanţilor
C. atacul poate consta atât într-o acțiune, cât și într-o omisiune",BC
"77.  În urma unei înţelegeri anterioare X şi Y hotărăsc ca primul să pătrundă pe timp de zi în sediul unui magazin, purtând o mască pe față, cu scopul de a sustrage mărfuri cât timp vânzătorul nu era atent, iar al doilea să asigure paza la intrare. Ajuns în interior, pentru a putea lua bunurile dorite, X decide să-l amenințe pe vânzător că îi va ucide familia, fără ca Y să vadă acest schimb de replici. În această situație:","A. X și Y sunt coautori la infracțiunea de tâlhărie
B. X nu răspunde pentru infracțiunea de violarea sediului profesional
C. Y răspunde pentru complicitate la infracțiunea de furt calificat",BC
78.  Săvârșește infracțiunea de abuz de încredere cel care:,"A. primind împrumut o sumă de bani, refuză să o restituie la termenul convenit cu împrumutătorul
B. primind în depozit o mașină pe durata deplasării deponentului în concediu, o foloseșe și refuză să o
C. primind o sumă de bani în vederea achiziționării unei biciclete pentru cel care i-a remis suma, cheltuiește",BC
"79.  La începutul anului 2022, inculpatul X a fost internat în Spitalul Judeţean de Urgenţă S - Secţia Cardiologie, ocazie cu care, a cunoscut-o pe Y, lucrător în cadrul aceleaşi unităţi medicale, care ia sugerat inculpatului X că are un prieten bun care lucrează la Ministerul Sănătății și îi poate obţine o pensie pentru invaliditate, deși capacitatea de muncă nu îi fusese afectată în vreun fel. X a fost de acord, convenind ca, pentru ajutorul acordat să îi remită lui Y primele patru indemnizaţii pe care urma să le încaseze, în cuantum total de 4000 lei. Având în vedere cele convenite, inculpatul X i-a pus la dispoziţie lui Y actul său de identitate, iar aceasta din urmă a remis o copie a documentului şi suma de 2.000 lei lui Z, cu care avea o înțelegere în acest sens, pentru întocmirea documentației. Astfel, Z (student la Facultatea de Arte) a falsificat prin plăsmuire referatul medical din 28.02.2022 pretins eliberat de dr. Q, biletul de ieşire din spital din 12.01.2022 şi scrisoarea medicală din 21.02.2022 pretins eliberată de același dr. Q, documente ce au stat la baza obţinerii certificatului de încadrare în grad de handicap nr. N/17.04.2022, pe numele inculpatului X. Certificatul de handicap obținut astfel a fost folosit de X la direcția competentă și a determinat obținerea sumei totale de 10.000 lei cu titlul de indemnizaţie de handicap, buget complementar şi indemnizaţie de însoţitor. Având în vedere aceste aspecte:","A. X poate răspunde pentru infracțiunea de cumpărare de influență
B. Y nu poate răspunde pentru dare de mită pentru suma plătită lui Z
C. Z poate răspunde pentru complicitate la fals material în înscrisuri oficiale",AB
"80.  X, major, vecinul lui Y, în vârstă de 13 ani, i-a propus acesteia din urmă să vină la el acasă pentru a se uita la un film. În timp ce vizionau filmul respectiv, a început să o mângâie pe sâni, deși Y i-a spus că nu își dorește acest lucru și s-a ridicat să plece acasă. Enervat, X a îmbrâncit-o, a culcat-o la pământ, i-a smuls hainele și i-a spus că o va omorî dacă va țipa, circumstanțe în care a întreținut cu ea un raport sexual. Ajunsă acasă, Y a povestit părinților ce a pățit, dar aceștia i-au spus că nu are sens să se ducă la poliție, pentru că nu au încredere că se va face ceva. În această situație:","A. acțiunea penală nu poate fi pusă în mișcare în absența plângerii prealabile a lui Y
B. se va reține infracțiunea de viol în variantă agravată
C. infracțiunea de agresiune sexuală va fi absorbită în infracțiunea de viol în variantă agravată",BC
81.  Acțiunea penală:,"A. poate fi extinsă, în cursul urmăririi penale, de către organul de cercetare penală, în cazurile în care
B. poate fi pusă în mișcare de către instanța de judecată, dacă în cursul ședinței de judecată se săvâșește o faptă prevăzută de legea penală
C. se stinge, în cursul judecății, prin rămânerea definitivă a hotărârii judecătorești de renunțare la aplicarea",C
82.  Partea civilă:,"A. poate renunța la pretențiile civile formulate în cadrul procesului penal, până la terminarea dezbaterilor în
B. poate introduce acțiune la instanța civilă pentru pretențiile civile formulate în cadrul procesului penal și la care a renunțat în fața instanței penale
C. poate declara apel atât în ceea ce privește latura civilă, cât și în ceea ce privește latura penală",AC
83.  Instanța care judecă în primă instanță cauza:,"A. poate dispune efectuarea unei percheziții domiciliare, în condițiile prevăzute de lege
B. nu poate dispune luarea măsurii controlului judiciar față de inculpat
C. se pronunță cu privire la restabilirea situației anterioare săvârșirii infracțiunii, chiar în lipsa unei constituiri de parte civilă",AC
84.  Este întotdeauna incompatibil să participe la judecata în fond:,"A. judecătorul de cameră preliminară care, în aceeași cauză, în cadrul procedurii de cameră preliminară, a
B. judecătorul de drepturi și libertăți care, în aceeași cauză, în cursul urmăririi penale, a dispus arestarea
C. judecătorul care, în aceeași cauză, în calitate de procuror, a efectuat acte de urmărire penală",BC
"85.  Rezolvând acțiunea penală, instanța de judecată pronunță încetarea procesului penal:","A. în cazul în care există o cauză justificativă
B. în cazul în care există autoritate de lucru judecat
C. în cazul în care a fost încheiat un acord de mediere în condițiile legii",BC
"86.  În cursul judecății, cererea de recuzare a grefierului:","A. poate fi formulată numai oral
B. se soluționează de completul de judecată
C. se soluționează de grefierul-șef din cadrul aceleiași instanțe",B
87.  În cursul urmăririi penale:,"A. măsura controlului judiciar nu poate fi revocată de procuror, dacă aceasta a fost luată de judecătorul de
B. prelungirea arestării preventive se dispune de către judecătorul de drepturi și libertăți numai la propunerea motivată a procurorului care efectuează sau supraveghează urmărirea penală
C. durata totală a arestării preventive a inculpatului nu poate fi niciodată mai mare de 100 de zile",B
88.  Nulitatea relativă:,"A. intervine în cazul încălcării dispozițiilor legale privind competenţa personală a instanţelor judecătoreşti, atunci când judecata a fost efectuată de o instanţă inferioară celei legal competente
B. se acoperă atunci când persoana interesată nu a invocat-o în termenul prevăzut de lege
C. se acoperă numai în cazul în care persoana interesată a renunțat în mod expres la invocarea acesteia",B
89.  În cazul în care procurorul a dispus soluția clasării:,"A. măsurile preventive luate față suspect sau inculpat în cursul urmăririi penale, încetează de drept
B. acesta poate dispune, în cuprinsul ordonanței de clasare, și obligația suspectului sau inculpatului de a
C. menționarea motivelor de fapt și de drept, în cuprinsul ordonanței de clasare, este întotdeauna obligatorie",A
"90.  Soluționând plângerea formulată de persoana vătămată împotriva soluției de clasare dispusă față de suspect, judecătorul de cameră preliminară:","A. poate dispune admiterea plângerii și schimbarea temeiului de drept al soluției de clasare atacate, numai dacă prin aceasta nu se creează o situație mai grea pentru suspect
B. va dispune respingerea plângerii ca tardivă, în toate cazurile în care aceasta nu a fost formulată în termen
C. se pronunță prin încheiere definitivă",C
91.  Renunțarea la urmărirea penală:,"A. nu poate fi dispusă dacă în cauză a fost pusă în mișcare acțiunea penală împotriva inculpatului
B. nu se poate dispune pentru infracțiuni care au avut ca urmare moartea victimei
C. poate fi dispusă, în condițiile prevăzute de lege, și de judecătorul de drepturi și libertăți",B
"92.  Procurorii din cadrul parchetului ierarhic superior pot prelua, în vederea efectuării sau supravegherii urmăririi penale, cauze de competența parchetelor ierarhic inferioare:","A. numai prin dispoziția motivată a procurorului general al parchetului de pe lângă Înalta Curte de Casație și Justiție
B. prin dispoziția motivată a conducătorului parchetului ierarhic superior
C. prin dispoziția motivată a procurorului care preia cauza, numai cu încuviințarea prealabilă a judecătorului de cameră preliminară de la instanța căreia i-ar reveni competența să judece cauza în primă instanță",B
93.  Potrivit dispozițiilor legale privind efectuarea urmăririi penale:,"A. procurorul întocmeşte un singur rechizitoriu chiar dacă lucrările urmăririi penale privesc mai multe fapte
B. rechizitoriul este verificat sub aspectul legalității și temeiniciei de procurorul general al Parchetului de pe
C. rechizitoriul nu mai este verificat sub aspectul legalităţii şi temeiniciei în cazul în care acesta a fost",AB
94.  Se supune confirmării judecătorului de cameră preliminară:,"A. acordul de recunoaștere a vinovăției încheiat între inculpat și procuror
B. redeschiderea urmăririi penale, în cazul în care procurorul a revocat ordonanța de clasare și a dispus
C. redeschiderea urmăririi penale, în toate cazurile în care procurorul ierarhic superior a infirmat din oficiu",B
"95.  În cursul judecării cauzei în primă instanță, desfășurată potrivit procedurii de drept comun:","A. instanța de judecată poate dispune din oficiu administrarea de probe necesare pentru aflarea adevarului și justa soluționare a cauzei
B. procurorul, persoana vătămată şi părţile pot depune concluzii scrise numai dacă acestea au fost cerute de
C. inculpatul poate fi reascultat ori de câte ori este necesar",AC
96.  Apelul:,"A. poate fi declarat, pentru inculpat, și de către avocatul acestuia
B. poate fi retras de persoana vătămată majoră, până la închiderea dezbaterilor la instanța de apel
C. suspendă întotdeauna executarea tuturor dispoziţiilor din sentința atacată, având în vedere că legea nu",AB
97.  Judecătorul de cameră preliminară:,"A. poate dispune începerea judecății atunci când, fiind sesizat cu o cerere de confirmare a ordonanței de
B. dispune restituirea cauzei la parchet, în procedura de cameră preliminară, dacă a exclus toate probele
C. dispune începerea judecății, în procedura de cameră preliminară, numai dacă a respins toate cererile și",B
"98.  Parchetul de pe lângă Tribunalul București a fost sesizat cu privire la săvârșirea infracțiunii de omor, faptă prev. și ped. de disp. art. 188 C.pen. După începerea urmăririi penale cu privire la faptă și efectuarea în continuare a urmăririi penale față de suspect, prin ordonanța nr. X/P/2022 din data de 02.02.2022, procurorul a dispus punerea în mișcare a acțiunii penale împotriva inculpatului AB. În data de 02.06.2022, procurorul a cerut Curții de Apel București desemnarea unui alt tribunal decât Tribunalul București, care să fie sesizat în cazul în care se va emite rechizitoriul, cerere întemeiată pe existența pericolului de tulburare a ordinii publice. În aceste condiții:","A. procurorul a procedat corect sesizând Curtea de Apel București, competența soluționării cererii formulate
B. instanța competentă să soluționeze cererea procurorului este Înalta Curte de Casație și Justiție, Curtea de Apel București urmând să-și decline competența în favoarea acesteia
C. Curtea de Apel București, dacă dispune admiterea cererii, va desemna un alt tribunal din circumscripția",AC
"99.  Prin rechizitoriul nr. X/P/2021 inculpatul BC a fost trimis în judecată pentru săvârșirea infracțiunii de vătămare corporală, faptă prev. și ped. de disp. art. 194 C.pen. și a infracțiunii de înșelăciune, faptă prev. și ped. de disp. art. 244 C.pen., aflate în concurs. Prin sentința nr. Y, Judecătoria Ploiești a dispus condamnarea inculpatului BC la 3 ani închisoare pentru săvȃrşirea infracțiunii de vătămare corporală, nefăcând nicio mențiune cu privire la cealaltă faptă. Copia sentinței a fost legal comunicată procurorului, inculpatului BC și persoanei vătămate în data de 01.04.2022, iar în data de 09.04.2022 procurorul a declarat apel împotriva sentinței nr. Y, criticând faptul că prima instanță de judecată nu s-a pronunțat, în cuprinsul acesteia, asupra uneia dintre cele două fapte reținute în sarcina inculpatului prin actul de sesizare. Judecând apelul procurorului, Curtea de Apel Ploiești a dispus respingerea acestuia ca tardiv. În aceste condiții:","A. Curtea de Apel Ploiești în mod greșit a respins apelul procurorului ca tardiv, nefiind depășit termenul de
B. judecând apelul, Curtea de Apel Ploiești trebuia să admită apelul, să desfiinţeze sentinţa atacată şi să
C. judecând apelul, Curtea de Apel Ploiești trebuia să admită apelul, să desfiinţeze sentinţa primei instanţe",AB
"100.  Prin rechizitoriul nr. X/P/2022, întocmit de Parchetul de pe lângă Judecătoria Constanța, a fost trimis în judecată inculpatul AB, pentru săvârșirea infracțiunii de lipsire de libertate în mod ilegal, faptă prev. și ped. de disp. art. 205 alin. (1) C.pen. Prin sentința nr. X , Judecătoria Constanța a dispus condamnarea inculpatului AB la 6 ani închisoare, în cauză nefiind exercitată și acțiunea civilă. Împotriva sentinței pronunțate a declarat apel în termen inculpatul AB, acesta fiind singurul apelant în cauză. În apelul său, inculpatul a criticat soluția pronunțată de prima instanță de judecată exclusiv sub aspectul cuantumului exagerat al pedepsei aplicate, în raport de gravitatea faptei și modul de comitere a acesteia. Având în vedere că AB este unicul inculpat și că în cauză nu a fost exercitată acțiunea civilă, în cazul în care Curtea de Apel Constanța admite apelul inculpatului, desfiinţează sentinţa atacată şi, rejudecând cauza, pronunţă o nouă hotărâre pe fond, aceasta va avea în vedere și dispozițiile privind:","A. efectul devolutiv al apelului
B. efectul neagravării situației în propriul apel
C. efectul extensiv al apelului",AB
