"1.  AA, cu domiciliul în Constanţa, formulează o cerere prin care doreşte să fie primit în profesia de avocat. În acest caz, cererea:","A. se adresează Consiliului Baroului unde solicitantul AA intenţionează să exercite profesia de avocat
B. va fi însoţită, printre altele, de copie a cazierului judiciar, în dublu exemplar, eliberat cu cel mult 15 zile înainte de data depunerii cererii
C. se depune în termen cel mult de 15 zile de la data publicării pe pagina web a U.N.B.R. a organizării examenului naţional de primire în profesia de avocat",BC
"2.  Avocatul AA cu drept de exercitare a profesiei, membru al Baroului X, devine membru în consiliul de supraveghere al unei societăţi pe acţiuni. În acest caz:","A. avocatul AA devine, potrivit legii, incompatibil, fiindu-i interzis, în toate situaţiile, să aibă concomitent calitatea de avocat şi calitatea de membru în consiliul de supraveghere al unei societăţi pe acţiuni
B. avocatul AA are obligaţia de a aduce la cunoştinţă acest aspect Consiliului Baroului X
C. dacă Consiliul Baroului X apreciază că exercitarea funcţiei de membru în consiliul de supraveghere al unei societăţi pe acţiuni este incompatibilă cu demnitatea și cu regulile de conduită impuse avocaţilor, poate în orice moment, să solicite avocatului AA să renunţe la calitatea de membru în consiliul de supraveghere",C
"3.  Avocatul AA a fost suspendat din profesia de avocat, la cerere, având în vedere că a devenit administrator într-o societate comercială cu răspundere limitată, fiind trecut pe tabloul avocaţilor incompatibili. Ulterior, având în vedere că a încetat calitatea de administrator a avocatului AA, acesta a formulat o cerere de ridicare a suspendării şi de repunere pe tabloul avocaţilor cu drept de exercitare a profesiei. În acest caz, verificarea eventualelor cazuri de nedemnitate, cu ocazia reînscrierii în tabloul avocaţilor cu drept de exercitare a profesiei, a avocatului AA, membru al Baroului X:","A. se poate realiza şi din oficiu
B. este de competenţa Consiliului Baroului X din care face parte avocatul AA
C. se concretizează într-o decizie a Consiliului Baroului X care poate fi atacată în termen de 15 zile de comunicare la Comisia Permanentă a U.N.B.R.",AB
"4.  Avocatul AA a fost desemnat de Judecătoria Sector 2 Bucureşti, în dosarul nr. X/2020, curator special. În acest caz:","A. avocatului AA i se va comunica direct de Judecătoria Sector 2 Bucureşti înştiinţarea de numire precum şi copia încheierii prin care a fost numit curator special
B. dacă plata remunerației avocatului AA pentru activitatea de curatelă se suportă din bugetul statului, aceasta se efectuează numai prin Barou
C. avocatul AA îşi va asuma o obligaţie de rezultat în exercitarea mandatului de curator special",B
"5.  În cazul în care, potrivit legii, în Dosarul nr. X/2020 a fost încuviinţată, de Judecătoria Constanţa, cererea de ajutor public judiciar, sub forma asistenţei prin avocat:","A. cererea, împreună cu încheierea de încuviinţare, se trimit de îndată Decanului Baroului Constanţa
B. în termen de 7 zile va fi desemnat un avocat din Baroul Constanţa, înscris în Registrul de asistenţă judiciară
C. beneficiarul ajutorului public judiciar poate solicita el însuşi desemnarea unui anumit avocat din Baroul Constanţa, cu consimţământul acestuia, în condiţiile legii",AC
"6.  În ceea ce priveşte Registrul de asistenţă judiciară în care sunt înscrişi avocaţii ce pot fi desemnați pentru acordarea asistenţei judiciare şi extrajudiciare, este adevărat că:","A. acest Registru nu este public, păstrându-se pe suport de hârtie şi în format electronic la Barou
B. acest Registru se actualizează, pentru următorul an calendaristic, până la sfârșitul lunii decembrie a anului calendaristic precedent
C. se pot opera modificări în acest Registru şi în cursul anului, în cazuri excepționale, potrivit procedurii prevăzute pentru înscrierea în Registru",C
7.  Fapta avocatului AA:,"A. de participare, în mod concertat, prin oferte trucate, la licitații pentru achiziționarea de servicii profesionale avocaţiale, este sanţionată prin lege, din punct de vedere disciplinar, cu interdicţia de a exercita profesia pe o perioadă de la 1 lună la 1 an
B. de a încheia cu avocaţii BB, CC şi DD un acord privind împărţirea pieţei serviciilor profesionale este sancţionată de lege, din punct de vedere disciplinar, cu excluderea din profesie
C. de limitare a libertăţii exercitării concurenţei profesionale oneste între avocaţi, este sancţionată prin lege, din punct de vedere disciplinar, cu excluderea din profesie",BC
"8.  Avocatul AA împreună cu avocatul BB şi CC, în calitate de asociaţi, au constituit, în condiţiile legii, o societate profesională cu răspundere limitată de avocatură. În acest context, este adevărat că","A. avocatul asociat AA se poate retrage oricând din societate, cu condiţia de a notifica în scris, atât asociaţilor avocaţi BB şi CC, cât şi Baroului din care face parte, intenţia de retragere, cu cel puţin 6 luni înainte
B. avocatul asociat BB, care ar intenţiona să transmită părţile sociale pe care le deţine, este obligat să notifice această intenţie, cu minim 30 de zile anterior transmiterii, avocaţilor asociaţi AA şi CC, fără a fi obligat săindice persoana sau persoanele cărora doreşte să le transmită respectivele părţi sociale
C. obligaţiile şi răspunderea societăţii sunt garantate cu patrimoniul de afectaţiune, iar avocaţii asociaţi AA, BB şi CC care îşi exercită activitatea în societate răspund personal în limita aportului social al fiecăruia",C
"9.  Următoarele înscrisuri, întocmite de avocat, au forţă probantă deplină până la înscrierea în fals:","A. contractul de grupare a cabinetelor individuale
B. actul juridic redactat de avocat, cu atestarea identității părţilor, a conţinutului şi a datei actului
C. delegația de substituire",AC
10.  În ceea ce priveşte drepturile şi îndatoririle avocaţilor este adevărat că:,"A. refuzul avocatului de a pune la dispoziția inspectorilor financiari ai C.A.A. a tuturor datelor şi documentelor solicitate constituie abatere disciplinară gravă
B. avocaţii pensionari care continuă activitatea se pot înscrie în Registrul de asistenţă judiciară
C. neîndeplinirea de către avocat a obligației de asigurare pentru răspundere profesională atrage neînscrierea acestuia în tabloul anual al avocaţilor cu drept de exercitare a profesiei",AC
"11.  Refuzul reînscrierii avocatului AA din Baroul X pe tabloul avocaţilor cu drept de exercitare a profesiei, după încetarea stării de incompatibilitate:","A. se contestă, potrivit legii, la Comisia de Disciplină a Baroului X
B. se dispune prin decizia Consiliului Baroului X, care poate fi contestată la Consiliul U.N.B.R.
C. se dispune prin hotărâre a Comisiei de Disciplină a Baroului X, care poate fi contestată la Comisia Centrală de Disciplină din cadrul U.N.B.R., în termen de 15 zile de la data comunicării",B
12.  Avocatul nu răspunde penal:,"A. în nicio situaţie, pentru susținerile făcute oral sau în scris în faţa instanţelor de judecată
B. în nicio situaţie, pentru susținerile făcute în scris în faţa unor organe administrative de jurisdicție, pentru un client, atâta timp cât această activitate se realizează în temeiul unui contract de asistenţă juridică valabil încheiat
C. pentru apărările formulate în cauza în care a fost angajat, dacă aceste apărări sunt făcute cu respectarea normelor de deontologie profesională",C
"13.  Reprezintă, conform legii, modalități de pregătire profesională continuă, în cadru organizat:","A. redactarea şi publicarea de eseuri pe probleme juridice
B. activităţi organizate în cooperare cu instituții de învățământ în domenii conexe activităţii specifice profesiei de avocat
C. deținerea oricărei funcţii de demnitate publică",AB
"14.  Adunarea Generală din cadrul Baroului are, printre altele, următoarele atribuții:","A. propune candidații pentru Comisia Centrală de Disciplină din cadrul U.N.B.R.
B. duce la îndeplinire hotărârile Congresului avocaţilor
C. coordonează activitatea filialei sau sucursalei Casei de Asigurări a Avocaţilor din raza sa de competenţa",A
"15.  Sunt adevărate, conform legii, următoarele afirmații:","A. Consiliul Baroului lucrează legal în prezenţa a două treimi din numărul membrilor săi şi ia hotărâri valabile cu votul majorității membrilor prezenți
B. Consiliul U.N.B.R. lucrează legal în prezenţa a cel puţin jumătate din numărul membrilor săi şi adoptă hotărâri valabile cu votul majorității membrilor prezenți
C. Comisia Permanentă a U.N.B.R. lucrează valabil în prezenţa majorității membrilor săi şi tot astfel adoptă deciziile",AC
"16.  Având în vedere plângerea formulată împotriva avocatului AA din Baroul X, cu privire la săvârşirea unei abateri disciplinare, Consiliul Baroului X a demarat anchetarea eventualei abateri. În acest context:","A. ca regulă, cercetarea abaterii disciplinare se va efectua după convocarea în scris a avocatului cercetat AA, prin scrisoare recomandată cu confirmare de primire, trimisă la domiciliul acestuia
B. refuzul avocatului AA de a da curs convocării în faţa organului care anchetează abaterea disciplinară nu împiedică desfășurarea anchetei şi nu constituie o încălcare a îndatoririlor profesionale
C. cercetarea avocatului AA se va efectua numai după încunoştinţarea acestuia cu privire la obiectul anchetei disciplinare, prin luarea la cunoştinţă a conţinutului plângerii",C
"17.  Abaterea disciplinară săvârșită de avocatul AA, care are funcţia de Decan al Baroului X, va fi judecată, în primă instanță:","A. de Comisia de Disciplină a Baroului X
B. de Consiliul U.N.B.R în plenul său, constituit ca instanță disciplinară
C. de Comisia Centrală de Disciplină din cadrul U.N.B.R. în complet de 3 membri",C
18.  În conformitate cu principiul libertăţii şi independenţei avocatului:,"A. avocatul trebuie să-şi păstreze independenţa chiar față de propriul client dacă convingerile sale nu corespund pretențiilor şi cerințelor celui care îi solicită serviciul profesional
B. avocatul nu poate asista sau reprezenta un client în condiţiile în care interesul clientului este sau ar putea fi în conflict cu interesele altor clienţi ori ale avocatului
C. avocatul trebuie să se abţină de la formularea unor denunțuri cu scopul de a obține pentru sine avantaje de natură juridică de orice fel",A
19.  Avocatul AA a încheiat un contract de colaborare cu titularul cabinetului individual de avocatură X. În acest caz:,"A. în calitate de avocat colaborator, AA poate avea clientelă personală, în afara cabinetului individual de avocatură X, cu condiţia ca acești clienţi personali să fie aduși la cunoştinţa avocatului titular al cabinetului individual X
B. titularul cabinetului individual de avocatură X este obligat, în condiţiile legii, să permită avocatului colaborator AA tratarea clientelei personale, în condiţiile prevăzute în contractul de colaborare
C. pentru activitatea desfăşurată în cadrul asistenţei judiciare a Baroului, avocatul colaborator AA va păstra rezultatele financiare obținute",BC
20.  Suspendarea calităţii de avocat:,"A. se dispune prin hotărâre executorie a Comisiei de Disciplină a Baroului
B. se dispune prin decizia Consiliului Baroului, care poate fi contestată la Comisia Centrală de Disciplină a U.N.B.R., în termen de 15 zile de la comunicarea acesteia
C. se dispune prin decizia a Consiliului Baroului, care poate fi contestată la Consiliul U.N.B.R., contestație care nu suspendă executarea",C
"21.  A.A., unchiul lui F.F., îi donează acestuia din urmă, la data de 01.05.2016 un apartament, „sub condiția ca F.F. să se căsătorească, până la data de 01.05.2017, cu logodnica lui, I.C.”, clauzăinserată în contractul dintre cei doi, dreptul donatarului împreună cu această condiție fiind înscrise în cartea funciară. F.F. rupe logodna și se căsătorește, la data de 01.05.2017, cu M.P. La data de 01.02.2017 F.F. a vândut apartamentul către Z.R. Dezamăgit, A.A. consultă trei avocați, care exprimătrei păreri. Care dintre ele este corectă:","A. donația este valabilă, iar F.F. poate fi tras la răspundere de donator pentru neexecutarea obligației de a se căsători cu I.C.
B. donația nu produce niciun efect, iar donatarul nu poate fi tras la răspundere de către donator
C. dacă la data de 01.08.2017 F.F. solicită lui Z.R. restituirea apartamentului, cererea ar trebui admisă",BC
"22.  La data de 01.05.2016 A îl mandatează pe B să vândă terenul proprietatea sa situat în București, și înscris în carte funciară nr. 12345. Respectând limitele împuternicirii, la data de 01.06.2016, B vinde terenul către C, care își înscrie dreptul în cartea funciară în aceeași zi. La data de 01.06.2018 D cumpără terenul de la C, intabulându-se în mod corespunzător în aceeași zi. La data de 01.07.2019, AM, unicul moștenitor al lui A, care în acea zi a aflat de situația terenului, consultă 3 avocați, arătându-le suplimentar faptul că A a decedat la data de 25.05.2016. Marcați varianta/variantele corecte.","A. contractul de vânzare încheiat de către B este sigur inopozabil lui AM, întrucât mandatul a încetat prin moartea lui A
B. contractul dintre C și D nu este nul, chiar dacă C nu ar fi dobândit valabil proprietatea prin contractul încheiat la data de 01.06.2016
C. o eventuală acțiune în revendicare formulată de către AM împotriva lui D, dobânditor de bună credință, va fi respinsă",BC
23.  În materia vânzării:,"A. în cazul vânzării bunurilor de gen, transferul dreptului de proprietate nu poate avea loc decât odată cu predarea lor cumpărătorului
B. dacă doar bunul principal este afectat de vicii, rezoluțiunea contractului în ceea ce privește bunul principal atrage rezoluțiunea lui și în privința bunului accesoriu
C. dacă părțile nu au prevăzut altfel, cheltuielile predării bunului vândut sunt în sarcina cumpărătorului",B
24.  În ceea ce privește contractul de locațiune:,"A. desființarea dreptului care permitea locatorului să asigure folosința bunului închiriat atrage după sine automat încetarea oricăror efecte ale locațiunii, indiferent dacă locatorul a fost de bună sau de rea-credință
B. întrucât locatarul este un simplu detentor precar al bunului închiriat, acesta nu are la dispoziție nicio acțiune posesorie care să vizeze bunul respectiv
C. în principiu, rezilierea consecutivă neexecutării obligației locatarului de a nu schimba destinația bunului închiriat este doar una judiciară",C
"25.  Prin contractul încheiat la 1 aprilie 2016, Primus i-a vândut lui Secundus un autoturism, predarea bunului vândut și plata prețului făcându-se la data încheierii contractului. Contractul a fost anulat, pentru eroare, prin hotărârea judecătorească rămasă definitiva la 1 iunie 2017. Primus a formulat la 1 septembrie 2017 o acțiune în revendicare solicitând obligarea lui Secundus la restituirea autoturismului. Prin cerere reconvențională Secundus solicită restituirea prețului. În aceste circumstanțe de fapt:","A. dacă autoturismul a pierit fortuit într-un incendiu la data de 15 august 2017, incendiu care a afectat doar garajul lui Secundus, atunci acesta poate fi obligat la restituirea contravalorii autoturismului
B. prescripția dreptului lui Secundus la acțiunea în restituirea prețului plătit începe să curgă la data de 1 iunie 2017
C. prescripția dreptului lui Secundus la acțiunea în restituirea prețului plătit începe să curgă la data de 1 septembrie 2017",AC
"26.  Dacă, prin contractul încheiat la 1 aprilie 2017, domnul X i-a vândut doamnei Y un autoturism, cu plata prețului (60,000 de lei), în 3 rate anuale egale, plătibile pe 1 aprilie ale fiecărui an începând cu data încheierii contractului. Părțile prevăd ca vânzarea se va desființa dacă, până la 1 mai 2019, domnul X se va angaja ca salariat la un angajator cu sediul în afara orașului în care locuiește (ceea ce până la urma nu s-a întâmplat). În aceste condiții:","A. prescripția dreptului domnului X la acțiunea în plata prețului s-a împlinit, pentru cele trei rate, la 1 aprilie 2020, 1 aprilie 2021, respectiv 1 aprilie 2022
B. domnul X a fost, după încheierea contractului, proprietar sub condiție suspensivă
C. prescripția domnului X la acțiunea în plata prețului s-a împlinit la 1 aprilie 2022",BC
27.  În materia plății:,"A. chitanța care consemnează primirea prestației principale nu face să se prezume și executarea prestațiilor accesorii
B. dacă părțile nu au prevăzut expres altfel, debitorul este întotdeauna liber să execute obligația, chiar înaintea scadenței
C. executarea făcută cu bună-credință chiar și unui creditor aparent liberează pe debitor",C
"28.  La data de 01.07.2016, A, în calitate de vânzător, încheie cu B un contract de vânzare a apartamentul său, situat în Sinaia, str. Silva nr. 1, „sub condiția rezolutorie ca vânzătoarea să se angajeze în București până la data de 01.07.2017”. Părțile convin ca prețul de 50.000 euro trebuie plătit până la data de 15.07.2016, iar cumpărătorul și-a executat conform această obligație la data de 14.07.2016. A nu se angajează în București decât la data de 01.07.2020. În aceste circumstanțe de fapt:","A. fructele civile ale apartamentului pe intervalul  01.07.2016-01.07.2017 se cuvin lui B
B. obligația de predare a apartamentului nu este scadentă imediat, chiar dacă părțile nu au prevăzut un termen pentru executarea ei
C. condiția stabilită de părți trebuie calificată drept pur potestativă",AB
29.  Termenul de garanție pentru vicii ascunse al lucrului vândut este:,"A. o modalitate a obligației
B. un termen de decădere
C. un termen de prescripție extinctivă",A
"30.  În cazul fuziunii prin absorbție, contractele încheiate în considerarea calităților personale ale persoanei juridice absorbite, fără ca părțile sa fi stabilit soarta acestor contracte în caz de reorganizare, ca regulă:","A. încetează de plin drept, pentru ca persoana juridică absorbită își încetează existența
B. nu încetează, pentru că persoana juridică absorbită nu își încetează existența
C. nu încetează de plin drept, chiar daca persoana juridică absorbită își încetează existența",C
31.  Minorul în vârsta de 12 ani:,"A. nu poate dispune personal și singur de veniturile realizate dintr-o îndeletnicire artistică
B. poate fi pus sub interdicție judecătorească, în condițiile legii, în cazul în care, din cauza unei afecțiuni psihice, nu are reprezentarea consecințelor acțiunilor sale
C. este lipsit de capacitate de exercițiu și, în consecință, nu poate încheia niciun act personal și singur",A
32.  Contractul va fi lovit de nulitate absolută dacă:,"A. obiectul obligației nu este determinat
B. cauza urmărită de către una dintre părți este ilicită, chiar fără ca cealaltă parte să fi cunoscut sau să fi putut cunoaște acest fapt
C. obiectul contractului nu este determinat",C
"33.  La data de 01.05.2018 A încheie cu B, prin act autentic notarial, un „antecontract de vânzare” privind un imobil teren situat în București, părțile obligându-se reciproc să încheie contractul de vânzare la prețul de 200.000 lei. B, promitent cumpărător, a plătit lui A, conform contractului „cu titlu de preț al dezicerii” suma de 20.000 lei. În acest context de fapt:","A. antecontractul este nul, întrucât părțile nu au convenit elementul esențial constând în termenul în care trebuie încheiat contractul de vânzare
B. dacă B se răzgândește, nevrând să mai cumpere, el are dreptul să denunțe unilateral antecontractul, pierzând suma de 20.000 lei
C. obligația de a încheia contractul nu este exigibilă imediat, chiar dacă părțile nu au prevăzut un termen pentru executarea ei, iar în caz de dezacord privitor la termenul de executare, oricare dintre părți se poate adresa instanței pentru stabilirea termenului",BC
"34.  La data de 01.05.2017 A îl împuternicește pe B, prin înscris sub semnătură legalizată, să încheie cu C un contract de vânzare a autoturismului său, indicând în acest sens prețul vânzării precum și propriul său cont bancar pentru încasarea prețului. B încheie contractul de vânzare în formă autentică notarială (din precauție) și încasează prețul vânzării în contul său personal. Ulterior B devine de negăsit și, văzând că nu poate recupera prețul vânzării de la acesta, A îl cheamă în judecată pe C","A. acțiunea lui A în contradictoriu cu C, prin care solicită nulitatea vânzării întrucât mandatul trebuie dat în forma în care contractul preconizat este încheiat (principiul simetriei formelor) trebuie admisă
B. acțiunea lui A în contradictoriu cu C, prin care solicită nulitatea vânzării întrucât mandatul trebuie dat în forma în care contractul preconizat este încheiat (principiul simetriei formelor) ar trebui respinsă
C. indiferent de forma procurii scrise, acțiunea lui A prin care solicită lui C plata prețului ar trebui admisă",BC
"35.  La data de 01.05.2016 A, minor în vârstă de 17 ani, confecționându-și un act de identitate fals îi vinde lui B, personal și singur, o piesă de mobilier veche, la un preț foarte bun, piesă pe care o moștenise de la bunicul său, dar pe care nu o folosea și nu o dorea. Aflând că B a întregit cu bunul achiziționat un ansamblu decorativ rar pe care, din acest motiv, l-a închiriat avantajos pe o perioadă de 7 ani, la data de 02.05.2017, A solicită anularea contractului de vânzare, invocând exclusiv minoritatea sa la data încheierii contractului. B solicită respingerea acțiunii și formulează o cerere reconvențională solicitând angajarea răspunderii delictuale a lui A, care l-a indus în eroare în legătură cu vârsta sa. A se apără arătând că nu avea, la data încheierii actului, vârsta necesară pentru a răspunde delictual. În aceste condiții de fapt:","A. instanța va trebui să țină cont de faptul că minorul de 17 ani răspunde delictual, întrucât nu s-a făcut dovada că acționat fără discernământ
B. instanța este obligată să anuleze contractul atacat și să repună părțile în situația anterioară, întrucât absența capacității de exercițiu depline a minorului este stare de drept, fiind irelevant dacă minorul a acționat sau nu cu discernământ, acesta din urmă fiind doar o stare de fapt
C. instanța va putea să mențină contractul de vânzare, cu titlu de sancțiune pentru A, chiar dacă A nu avea capacitatea necesară de a-l încheia singur",AC
"36.  Persoana juridică X , unitate deținătoare în sensul Legii nr. 10/2001, vinde, la data de 01.04.2016, către persoana fizică Y, un teren situat în București, str. Speranței, parter. Cumpărătorul verifică rolul fiscal al vânzătorului și cuprinsul cărții funciare care, indică drept proprietar pe X și absența oricărei sarcini. La data de 01.05.2019, Z introduce o acțiunea în constatarea nulității absolute a vânzării probând că a notificat în termen legal unitatea deținătoare X cu o cerere de restituirea în natură a terenului, întemeiată pe Legea nr. 10/2001 și că această notificare nu a fost soluționată. Potrivit art. 21 alin. (5) din Legea nr. 10/2001: „Sub sancțiunea nulității absolute, până la soluționarea procedurilor administrative și, după caz, judiciare, generate de prezenta lege, este interzisă înstrăinarea imobilelor notificate”. Instanța de judecată ar trebui să:","A. admită acțiunea numai dacă reclamantul va face dovada că Y a fost de rea credință, cauza actului fiind una ilicită
B. admită acțiunea indiferent de buna sau reaua credință a lui Y
C. să respingă o eventuală excepție a prescripției extinctive, ca neîntemeiată",BC
"37.  Prin contractul încheiat la 1.02.2019, X i-a vândut lui Y autoturismul său vechi de 5 ani. Prin Ordonanță a Guvernului intrată în vigoare la 15.03.2019, în scopul descurajării vânzării autoturismelor poluante, s-a prevăzut imperativ că vânzătorii de autoturisme mai vechi de 4 ani nu răspund pentru vicii ascunse. În aceste condiții, dacă la 1.04.2019 Y îl notifică pe X că bunul a devenit nefolosibil (fiind încă în perioada pentru care, potrivit contractului, s-ar datora garanție pentru vicii ascunse) din cauza unui viciu ascuns:","A. X va răspunde pentru vicii ascunse chiar dacă viciul ascuns s-a manifestat după intrarea în vigoare a Ordonanței Guvernului
B. X nu răspunde pentru vicii ascunse, întrucât Ordonanța Guvernului este de imediată aplicare viciilor ascunse comunicate după intrarea ei în vigoare
C. X va răspunde pentru viciul comunicat la data de 01.04.2019, dacă acest viciu s-a ivit la data de 01.03.2019, chiar dacă Ordonanța Guvernului conține o dispoziție tranzitorie potrivit căreia prevederea privind răspunderea pentru viciile ascunse se aplică și contractelor în curs",AC
"38.  Spre deosebire de ascendenții privilegiați, ascendenții ordinari:","A. sunt înlăturați de la moștenire de către colateralii privilegiați
B. sunt înlăturați de la moștenire de către soțul supraviețuitor
C. împart, în mod egal, între ei, moștenirea sau cota-parte din moștenire ce li se cuvine",A
39.  Constituie dol:,"A. afirmația voit mincinoasă a uneia dintre părți, realizată la momentul încheierii contractului, dacă ea privește o împrejurare importantă pentru exprimarea consimțământului imposibil de verificat de către cealaltă parte
B. inducerea în eroare a celeilalte părți printr-o acțiune realizată din culpă gravă, pentru că aceasta se asimilează intenției
C. fapta de inducere în eroare realizată de către un terț, dar numai dacă aceasta era cunoscută în mod efectiv de către cocontractantul victimei",A
"40.  A constituie la data de 01.03.2014 în favoarea lui B dreptul de uzufruct asupra unui apartament până la data la care C va împlini vârsta de 70 ani. B a încheiat la data de 01.03.2016 cu D un contract de închiriere a apartamentului pe o durată de 10 ani, notat în cartea funciară. C a decedat la data de 01.02.2020 (la data de 01.03.2020 ar fi împlinit 70 de ani), iar B a decedat la data de 05.03.2020. Îna ceste condiții, A îl notifică pe D solicitându-i predarea apartamentului și, întrucât acesta refuză, se adresează instanței de judecată. Instanța:","A. va trebui să constate că uzufructul s-a stins la data de 01.03.2020
B. trebuie să constate că închirierea va continua și după încetarea uzufructului, dar nu mai mult de 1 an
C. va trebui să constate că închirierea a încetat odată cu stingerea uzufructului",AC
"41.  Reclamantul AA, în calitate de profesionist, introduce o cerere de chemare în judecată în contradictoriu cu pârâtul BB, în calitate de consumator, având ca obiect obligarea acestuia la plata unor rate restante conform contractului încheiat între AA şi BB, contract încheiat de AA în exerciţiul activităţii sale profesionale. Având în vedere că între părţi nu a intervenit o convenţie cu privire la alegerea instanţei competente, cererea de chemare în judecată este de competenţa:","A. alternativă a instanţei de la domiciliul pârâtului BB sau a instanţei de la locul prevăzut în contract  pentru executarea obligaţiei de plată a ratelor
B. instanţei de la sediul reclamantului AA
C. instanţei de la domiciliul pârâtului BB",C
"42.  În cazul în care s-a formulat o cerere de strămutare, se poate suspenda judecarea procesului a cărei strămutare se solicită:","A. la cerere, cu darea unei cauţiuni în cuantum de 1000 de lei, fără citarea părţilor, dacă există motive temeinice, chiar înainte de primul termen de judecată
B. prin încheiere motivată şi care nu este supusă nici unei căi de atac
C. de instanţa competentă să judece cererea de strămutare",AC
43.  Actele de procedură îndeplinite de persoana care nu are capacitate procesuală de folosinţă:,"A. sunt sancţionate cu nulitatea relativă, invocată în condiţiile legii
B. sunt sancţionate cu nulitatea absolută, nulitate condiţionată de existenţa unei vătămări
C. sunt sancţionate cu nulitatea absolută necondiţionată de vătămare",C
"44.  Judecătorul X admite cererea de chemare în judecată formulată de reclamantul AA, în contradictoriu cu pârâtul BB, cu privire la obligarea acestuia la restituirea unui împrumut de 10.000 de lei, pronunţând sentinţa Y/2020. Pârâtul BB formulează apel. În apel cauza este repartizată unui complet de judecată din care face parte şi judecătorul X care, între timp, a promovat, la instanţa superioară. Apelul este respins ca nefondat de completul de judecată din care face parte şi judecătorul X. În acest caz, decizia din apel:","A. este lovită de nulitate relativă, fiind pronunţată şi de judecătorul incompatibil X
B. este lovită de nulitate absolută având în vedere că judecătorul X a fost incompatibil
C. este lovită de nulitate necondiţionată de vătămare prin raportare la incompatibilitatea judecătorului X",BC
"45.  Reclamantul AA formulează o cerere de chemare în judecată în contradictoriu cu pârâtul BB. În termen legal, pârâtul BB formulează o cerere de chemare în judecată a altei persoane, respectiv a teţului CC care ar putea pretinde același drept ca şi reclamantul AA. După încuviinţarea în principiu a cererii de chemare în judecată a altei persoane, terţul CC:","A. va prelua procedura în starea în care aceasta se află în momentul încuviinţării în principiu a intervenţiei, actele de procedură îndeplinite anterior fiindu-i opozabile
B. va putea să renunţe la judecarea cererii de intervenţie
C. va putea fi scos din proces, dacă obiectul cererii de chemare în judecată constă într-o datorie bănească, iar terţul CC recunoaşte datoria şi vrea să o execute faţă de cel căruia îi va fi stabilit dreptul pe cale judecătorească, dacă a consemnat la dispoziţia instanţei suma datorată",A
46.  Este adevărat că:,"A. partea interesată poate renunţa şi tacit la dreptul de a invoca nulitatea relativă a unui act de procedură
B. în cazul tuturor nulităţilor exprese a actelor de procedură, partea care invocă nulitatea trebuie să dovedească şi existenţa unei vătămări
C. nulitatea relativă a actelor de procedură trebuie invocată de partea interesată, la termenul la care s-a săvârşit neregularitatea, sau dacă partea nu este prezentă, la termenul de judecată imediat următor şi înainte de a pune concluzii pe fond, pentru neregularităţi săvârşite în cursul judecăţii, dacă legea nu prevede altfel",AC
"47.  Sentinţa civilă X/2020 a fost comunicată părţilor litigante în data de luni, 6 iulie 2020. Dacă termenul de revizuire a sentinţei civile X/2020, potrivit legii, este de o lună de la comunicarea hotărârii, atunci ultima zi în care se poate formula revizuire în termen este:","A. 6 august 2020
B. 7 august 2020
C. 10 august 2020",A
"48.  În ceea ce priveşte sechestrul judiciar, este adevărat că:","A. acesta se înfiinţează, la cerere, de instanţa competentă, fără citarea părţilor
B. acesta se înfiinţează prin încheiere care este supusă, în toate cazurile, numai apelului, în termen de 5 zile de pronunţare
C. în caz de admitere a cererii de instituire a sechestrului judiciar, instanţa va putea să oblige partea care a cerut măsura asigurătorie la darea unei cauţiuni",C
"49.  AA, cu domiciliul în Bucureşti, formulează o cerere de asigurare de probe în contradictoriu cu BB, cu domiciliul în Ploieşti, înainte de declanşarea procesului pe fond, respectiv acţiune cu privire la restituire bun mobil (autoturism) aflat în depozit în valoare de 250000 de lei. Prin cererea de asigurare de dovezi, AA solicită instanţei audierea martorului X, declaraţia acestuia fiind necesară viitorului proces de restituire a autoturismului aflat în depozit. Cererea este motivată de faptul cămartorul X este în vârstă, iar starea sa de sănătate ar face dificilă audierea sa în viitor. În acest context:","A. cererea de asigurare de probe este de competenţa materială a tribunalului
B. cererea de asigurare de probe se va soluţiona în camera de consiliu, prin încheiere
C. dacă se respinge cererea de asigurare de probe, instanţa competentă va pronunţa o încheiere care poare fi atacată separat, de partea interesată, numai cu apel în 5 zile de la pronunţare, dacă s-a dat cu citarea părţilor",BC
"50.  În cazul în care, potrivit legii, în cadrul unui proces civil, partea interesată AA formulează o cerere de verificare de înscrisuri cu privire la un înscris sub semnătură privată X/2020, tăgăduind scrierea ce i se atribuie în acest înscris:","A. instanţa va obliga partea AA căreia i se atribuie scrierea să scrie sub dictarea sa părţi din înscris, iar refuzul lui AA de a scrie va fi considerat obligatoriu ca o recunoaştere a scrierii
B. instanţa este obligată, în toate cazurile, să procedeze la verificarea înscrisului prin administrarea expertizei tehnice de specialitate
C. rezultatul verificării înscrisului va fi consemnat într-o încheiere interlocutorie care poate fi atacată doar o dată cu fondul",C
"51.  Reclamantul AA formulează o cerere de chemare în judecată în contradictoriu cu pârâtul BB, cerere de competenţa Judecătoriei X. La primul termen de judecată, în faţa Judecătoriei X, pârâtul BB achiesează parţial la pretenţiile reclamantului AA. În acest caz:","A. instanţa, din oficiu, va da o hotărâre parţială, în măsura recunoaşterii şi va continua judecata cu privire la pretenţiile rămase nerecunoscute
B. în lipsa unei cereri a reclamantului AA de pronunţare a unei hotărâri parţiale, instanţa va respinge în parte, în măsura recunoaşterii, cererea de chemare în judecată ca rămasă fără obiect
C. dacă instanţa va pronunţa, potrivit legii, o hotărâre parţială conform achiesării pârâtului BB, aceasta va putea fi atacată numai cu recurs, la instanţa ierarhic superioară",C
"52.  Cererea de pronunţare a unei hotărâri cu executare provizorie judecătorească, privitoare la bunuri:","A. printre altele, pentru a fi admisă, implică în toate cazurile, obligaţia persoanei care a formulat-o, de a plăti o  cauţiune stabilită de instanţă
B. se va putea face, în primă instanţă, până la închiderea dezbaterilor
C. poate fi făcută din nou în apel , dacă cererea de pronunţare a unei hotărâri cu executare provizorie judecătorească a fost respinsă în primă instanţă",BC
53.  În procedura de validare a popririi:,"A. cererea de validare a popririi trebuie formulată, potrivit legii, în termen de cel mult 3 luni de la data când terţul poprit trebuia să consemneze sau să plătească suma urmăribilă
B. terţul poprit poate opune creditorului urmăritor, în instanţa de validare, toate excepţiile şi mijloacele de apărare pe care le-ar putea opune debitorului, în măsura în care ele se întemeiază pe o cauză ulterioară popririi
C. se va pronunţa o hotărâre cu privire la validarea popririi care este supusă numai apelului, în termen de 5 zile de la comunicare",C
"54.  Creditorul AA a declanşat executarea silită, potrivit legii, împotriva debitorului BB, în temeiul titlului executoriu reprezentat de hotărârea judecătorească definitivă X/2020 pronunţată de Tribunalul Y. Prin această hotărâre, debitorul BB a fost obligat să predea creditorului AA bunurile mobile B1 şi B2. Executorul judecătoresc învestit cu executarea silită a hotărârii judecătoreşti X/2020 îl somează pe debitorul BB să predea creditorului AA, în termen de 24 de ore de la primirea somaţiei, bunurile B1, B2 şi bunul B3, care aparţinea debitorului BB, dar care nu a făcut obiectul judecăţii în cauza care s-a finalizat cu hotărârea judecătorească definitivă X/2020, nefiind indicat în dispozitivul acesteia. În acest context, având în vedere depăşirea limitelor dispozitivului titlului executoriu, debitorul BB:","A. este îndreptăţit să formuleze o contestaţie la titlu, la Tribunalul Y, cu privire la lămurirea titlului executoriu, respectiv hotărârea judecătorească definitivă X/2020
B. este îndreptăţit să formuleze o contestaţie la executare propriu-zisă, având în vedere faptul că nu a fost obligat de instanţă la predarea bunului B3, contestaţie care este de competenţa judecătoriei ca instanţă de executare
C. este îndreptăţit să formuleze o cerere de lămurire a dispozitivului hotărârii definitive X/2020, care este de competenţa Tribunalului Y, cerere ce trebuie formulată în termenul de prescripţie al executării silite",B
"55.  Reclamantul AA formulează apel, în termen legal, împotriva hotărârii judecătoreşti X/2020 pronunţată de Tribunalul Y prin care s-a respins cererea de chemare în judecată ca neîntemeiată, în contradictoriul cu pârâtul BB. La primul termen de judecată, în apel, instanţa constată că apelul nu este motivat. În acest caz:","A. instanţa de apel va decădea pe apelantul-reclamant AA din dreptul de a motiva apelul, urmând a se pronunţa în fond numai pe baza celor invocate în primă instanţă
B. apelantul-reclamant AA are dreptul, potrivit legii, la un termen suplimentar de 30 de zile de motivare a apelului, dacă intimatul-pârât BB îşi exprimă acordul, în mod expres, cu privire la acest termen suplimentar
C. apelul va fi anulat ca nemotivat",A
56.  Contestaţia în anulare este admisibilă atunci când:,"A. contestatorul nu a fost legal citat în instanţa de apel, iar recursul pe care l-a declarat, invocând acest motiv, a fost respins deoarece avea nevoie de verificări de fapt incompatibile cu recursul
B. obiectul acesteia se referă la o hotărâre din recurs pronunţată cu încălcarea normelor referitoare la alcătuirea instanţei, dar numai dacă contestatorul a invocat excepţia corespunzătoare, iar instanţa de recurs a omis să se pronunţe asupra ei
C. se invocă o eroare materială constând în aprecierea greşită a instanţei de recurs în sensul că recursul este inadmisibil, în realitate recursul fiind admisibil şi fondat",AB
"57.  Tribunalul Y, ca instanţă de apel, a pronunţat decizia X/2020 prin care a constatat că apelul incident formulat de intimatul-pârât BB, în contradictoriu cu apelantul-reclamant AA, a rămas fără efect, ca urmare a retragerii apelului principal. În acest caz:","A. intimatul-pârât BB este îndreptăţit, potrivit legii, să formuleze o cerere de revizuire împotriva deciziei X/2020, dacă după darea hotărârii din apel s-au descoperit înscrisuri doveditoare şi determinante, reţinute de apelantul-reclamant AA care ar fi apte să schimbe soluţia pronunţată de Tribunalul Y
B. intimatul-pârât BB este îndreptăţit, potrivit legii, să formuleze o cerere de revizuire împotriva deciziei X/2020, dacă un judecător din completul de apel de la Tribunalul Y care a pronunţat decizia X/2020 a fost condamnat definitiv pentru infracţiune privitoare la pricină, iar această împrejurare a influenţat pronunţarea deciziei X/2020
C. intimatul-pârât BB este îndreptăţit, potrivit legii, să formuleze o cerere de revizuire împotriva deciziei X/2020, dacă soluţia de constatare a apelului incident ca rămas fără efect este rezultatul unei greşeli de judecată având în vedere că nu trebuia să se ia act de retragerea apelului principal, deoarece a fost făcută printr-un mandatar neavocat care nu avea procură judiciară specială pentru acest act de dispoziţie",B
"58.  Reclamantul AA (soţ) introduce o cerere de divorţ în contradictoriu cu pârâta BB (soţie) prin care a solicită desfacerea căsătoriei din culpa exclusivă a pârâtei BB. Pârâta BB formulează, în termen legal, întâmpinare susţinând că nu există o culpă exclusivă a acesteia. De asemenea, tot prin întâmpinare pârâta BB învederează că părțile sunt despărțite în fapt de 1 an. În acest caz:","A. instanţa poate pronunţa divorţul din culpa ambilor soţi, dacă din probele administrate va reieşi că amândoi sunt vinovaţi de destrămarea căsătoriei
B. dacă din dovezile administrate va rezulta că numai reclamantul AA este culpabil în destrămarea căsătoriei, cererea de divorţ va fi respinsă ca neîntemeiată
C. dacă din probele administrate rezultă că există o culpă exclusivă a reclamantului AA în destrămarea căsătoriei, instanţa va pronunţa divorţul din culpa exclusivă a lui AA",AB
"59.  Conform legii, se poate ataca separat, numai cu apel:","A. încheierea prin care instanţa, în procedura partajului judiciar, va dispune vânzarea bunului ce ar fi trebuit partajat, stabilind totodată că vânzarea se va face de executorul judecătoresc
B. încheierea de admitere în principiu pronunţată în procedura partajului judiciar
C. încheierea pronunţată în procedura ofertei de platăşi consemnaţiunii prin care creditorul este pus în întârziere să primească suma sau, după caz, bunul, atunci când oferta de plată este făcută în timpul procesului, în faţa instanţei competente",A
"60.  În ceea ce priveşte procedura referitoare la înscrierea drepturilor dobândite în temeiul uzucapiunii, este adevărat că:","A. cererea de uzucapiune este de competenţa judecătoriei sau tribunalului, în circumscripţia unde este situat imobilul, în funcţie de valoarea acestuia
B. îndeplinirea formalităţilor de afişare şi publicare a somaţiei va fi constată printr-un proces verbal, întocmit de grefier, ce se va depune la dosarul cauzei
C. hotărârea de primă instanţă pronunţată în această procedură este supusă numai apelului",BC
"61.  În cazul în care, după rămânerea definitivă a hotărârii de condamnare și până la executarea completă a pedepsei cu închisoarea de 7 ani, a intervenit o lege care prevede o pedeapsă mai ușoară:","A. pedeapsa se reduce la 5 ani, dacă legea nouă prevede pedeapsa cu închisoarea de la unu la 5 ani
B. pedeapsa aplicată nu se modifică
C. pedeapsa aplicată se înlocuiește cu amenda, fără a se putea depăși maximul special prevăzut în legea nouă, dacă această lege prevede doar pedeapsa amenzii",AC
62.  Consimțământul persoanei vătămate:,"A. produce efecte și atunci când legea exclude în mod expres efectul justificativ al acestuia
B. reprezintă o cauză justificativă dacă, printre altele, persoana vătămată putea să dispună în mod legal de valoarea socială lezată sau pusă în pericol
C. nu produce niciodată efecte în cazul infracțiunilor contra integrității corporale sau sănătății",B
63.  În ceea ce privește aplicarea pedepsei:,"A. în cazul infracțiunii continue, se va aplica pedeapsa prevăzută de lege pentru infracțiunea săvârșită, la care se poate adăuga un spor de până la 3 ani în cazul închisorii
B. în cazul infracțiunii complexe, se va aplica pedeapsa prevăzută de lege pentru acea infracțiune
C. în cazul concursului de infracțiuni, dacă s-au stabilit doar pedepse cu închisoarea, se va aplica pedeapsa cea mai grea, la care se adaugă un spor de până la o treime din totalul celorlalte pedepse stabilite",B
64.  Măsura de siguranță a confiscării speciale:,"A. nu poate fi luată decât împreună cu o pedeapsă cu închisoarea
B. se poate lua doar în cazul comiterii unei infracțiuni cu intenție directă
C. poate viza, în condițiile legii, și bunurile care au fost date pentru a determina săvârșirea unei fapte prevăzute de legea penală sau pentru a răsplăti pe făptuitor",C
65.  Persoana juridică:,"A. poate răspunde pentru complicitate la infracțiunea de înșelăciune
B. nu poate răspunde în nicio calitate pentru infracțiunea de nerespectarea măsurilor privind încredințarea minorului
C. poate răspunde doar pentru infracțiuni comise cu intenție",A
66.  În materia prescripției răspunderii penale:,"A. în cazul infracțiunilor de obicei, termenul de prescripție a răspunderii penale începe să curgă de la data săvârșirii ultimului act
B. răspunderea penală pentru infracțiunea de tâlhărie urmată de moartea victimei nu se prescrie
C. după fiecare suspendare a cursului termenului de prescripție, începe să curgă un nou termen de prescripție",AB
67.  În cazul condamnării unei persoane la pedeapsa închisorii:,"A. reabilitarea poate fi solicitată pe cale judecătorească dacă a trecut un termen cuprins între 4 și 10 ani, calculat de la data comiterii infracțiunii
B. reabilitatea intervine de drept în cazul în care pedeapsa aplicată a fost de un an, dacă, în decurs de 3 ani calculați potrivit legii, condamnatul nu a săvârșit o altă infracțiune
C. pentru condamnatul decedat până la împlinirea termenului de reabilitare, nu poate interveni reabilitarea pe cale judecătorească în nicio situație",B
68.  Fapta comisă din culpă:,"A. constituie infracțiune chiar dacă legea nu prevede în mod expres acest lucru
B. poate presupune că făptuitorul nu prevede rezultatul faptei sale, deși trebuia și putea să îl prevadă
C. atunci când este pedepsită de legea penală, nu constituie infracțiune dacă este săvârșită de o persoană care, în momentul comiterii acesteia, nu cunoștea existența unei stări, situații ori împrejurări de care depinde caracterul penal al faptei, iar necunoașterea stării, situației ori împrejurării respective este ea însăși rezultatul culpei",B
69.  În materia tentativei:,"A. va răspunde pentru tentativă la infracțiunea de furt calificat cel care lovește victima pentru a-i putea lua geanta, însă nu reușește să o sustragă, întrucât victima i-a opus rezistență
B. nu va răspunde pentru tentativă la infracțiunea de omor cel care încearcă să ucidă victima dându-i un pahar cu apă și spunându-i că îi dorește să moară înecată
C. a răspunde pentru tentativă la infracțiunea de furt calificat cel care încearcă să sustragă un portofel din geanta unei persoane care călătorea într-un tramvai, dar este surprins de victimă în timp ce căuta portofelul în geantă și nu mai reușește să îl ia",BC
"70.  În situația în care făptuitorul, pentru a se răzbuna pe o persoană care îl pălmuise într-un supermarket, urmărind să o ucidă prin înfometare, fără a ști că aceasta este gravidă în cinci săptămâni, o răpește și o încuie într-un beci izolat, fără apă și fără mâncare, părăsind țara imediat după momentul răpirii:","A. se va putea reține și infracțiunea de omor calificat asupra unei femei gravide dacă victima moare după 7 zile ca urmare a lipsei apei și a mâncării
B. se va putea reține și infracțiunea de lipsire de libertate în mod ilegal în variantă agravată dacă făptuitorul, în momentul răpirii, i-a arătat victimei un cuțit de dimensiuni mari pentru a o obliga să se urce în mașina cu care a transportat-o la beciul respectiv
C. nu se va putea reține infracțiunea de ucidere din culpă în variantă agravată dacă victima, disperată că nu poate părăsi beciul respectiv, își pune capăt zilelor prin spânzurare",BC
71.  Dacă făptuitorul amenință o persoană cu care se certase că îi va tăia frânele de la mașină spunându-i că îi dorește să moară într-un accident de circulație:,"A. fapta reprezintă infracțiune doar dacă îi produce persoanei vătămate o stare de temere
B. fapta reprezintă infracțiune chiar dacă făptuitorul nu își pune în aplicare intenția de a tăia frânele
C. acțiunea penală pentru infracțiunea astfel comisă se pune în mișcare la plângerea prealabilă a persoanei vătămate",BC
"72.  Dacă X, aflat într-un parc, sustrage un bun din posesia unui minor cu care nu era rudă și pe care nu îl cunoștea, fără consimțământul acestuia din urmă, în scopul însușirii pe nedrept:","A. în sarcina lui X se va reține infracțiunea de tâlhărie dacă o altă persoană, prietenă cu X, potrivit unei înțelegeri anterioare, îl lovește pe minor în timp ce bunul era sustras
B. acțiunea penală se pune în mișcare la plângerea prealabilă a reprezentanților legali ai minorului
C. în sarcina lui X se va reține infracțiunea de furt calificat dacă acesta a purtat în timpul comiterii faptei o mască reprezentând un personaj de desene animate, care îi acoperea toată fața și nu au fost aplicate violențe",AC
73.  X îi spune fiului unui judecător că îl va împușca dacă tatăl lui nu pronunță o soluție de achitare în dosarul în care X era judecat pentru o infracțiune de abuz de încredere. În sarcina lui X:,"A. se va reține infracțiunea de ultraj judiciar
B. nu se poate reține infracțiunea de ultraj judiciar, întrucât amenințarea nu este directă
C. nu se va reține infracțiunea de ultraj",AC
"74.  La data de 2.03.2020, un bijutier a cumpărat de la un prieten mai multe bijuterii de aur, știind că acesta le furase dintr-un magazin. La data de 15.03.2020, bijutierul a topit produsele respective și a creat alte bijuterii, iar la 20.03.2020 a vândut aceste din urmă bijuterii unor persoane care nu cunoșteau proveniența lor. În această situație:","A. în sarcina bijutierului se va reține o singură infracțiune de tăinuire
B. în sarcina bijutierului se vor reține trei infracțiuni de tăinuire
C. în sarcina autorului furtului nu se va reține instigare la infracțiunea de tăinuire",AC
75.  Dacă o persoană primește de la un prieten o sumă de bani în legătură cu urgentarea îndeplinirii unui act ce întră în îndatoririle de serviciu ale respectivei persoane:,"A. fapta reprezintă întotdeauna infracțiunea de luare de mită dacă persoana care primește banii este funcționar public în sensul legii penale
B. fapta reprezintă infracțiunea de luare de mită dacă persoana care primește banii este judecător
C. fapta nu reprezintă infracțiunea de luare de mită dacă persoana care primește banii este notarul titular al unui birou individual notarial, iar suma respectivă reprezintă taxa de urgență practicată de acesta pentru prestarea serviciului respectiv",BC
76.  Lovirea unei persoane întrunește elementele constitutive ale infracțiunii de:,"A. ultraj judiciar, dacă persoana lovită este avocat, iar fapta este comisă în legătură cu exercitarea profesiei
B. purtare abuzivă, dacă persoana care aplică loviturile este un casier la supermarket supărat pe un client care număra banii prea încet
C. vătămare corporală, dacă victima are nevoie de 60 de zile de îngrijiri medicale pentru vindecarea leziunilor cauzate de făptuitor",AB
"77.  Dacă, într-o seară, persoana care avea atribuții de gestiune a jucăriilor dintr-un magazin ia cu ea, la finalul programului, mai multe jucării pe care apoi le vinde prietenilor la prețuri modice, în sarcina sa:","A. se va reține infracțiunea de delapidare
B. nu se va reține infracțiunea de furt
C. nu se va reține nicio infracțiune, întrucât jucăriile nu au fost luate pentru sine",AB
"78.  Constituie infracțiune de evaziune fiscală, potrivit legii:","A. evidențierea, în actele contabile sau în alte documente legale, a cheltuielilor care nu au la bază operațiuni reale ori evidențierea altor operațiuni fictive
B. executarea de evidențe contabile duble, folosindu-se înscrisuri sau alte mijloace de stocare a datelor
C. depunerea unei mărturii false cu privire la sume de bani evidențiate în acte contabile",AB
79.  Raportul sexual consimțit între frate și soră:,"A. întrunește elementele constitutive ale infracțiunii de incest chiar dacă ambele persoane sunt majore
B. întrunește elementele constitutive ale infracțiunii de act sexual cu un minor dacă ambii au 17 ani
C. nu întrunește elementele constitutive ale infracțiunii de viol",AC
"80.  X, având o îmbibație alcoolică de 1,1g/l alcool pur în sânge a condus pe drumurile publice un autovehicul fără a avea permis de conducere. În sarcina lui X","A. se poate reține și o infracțiune de conducere a unui vehicul fără permis de conducere
B. se poate reține și o infracțiune de conducere a unui vehicul sub influența alcoolului sau a altor substanțe
C. nu se poate reține o infracțiune de vătămare corporală din culpă dacă, în timp ce conducea autovehiculul în condițiile respective, a produs, din culpa lui, un accident în urma căruia un pieton a avut nevoie de 10 zile de îngrijiri medicale",AB
81.  Potrivit dispoziţiilor referitoare la audierea martorilor:,"A. are dreptul de a refuza să dea declaraţii în calitate de martor persoana care a avut anterior calitatea de soţ al suspectului
B. minorul care nu a împlinit vârsta de 14 ani nu poate fi audiat ca martor
C. martorul poate fi audiat şi în prezenţa altor martori",A
82.  Percheziţia domiciliară:,"A. dispusă potrivit legii, nu poate fi efectuată în cursul urmăririi penale de către organul de cercetare penală
B. nu poate fi dispusă în cursul judecăţii
C. poate fi efectuată şi la sediul unei autorităţi publice",C
83.  Se sancţionează cu nulitatea relativă:,"A. încălcarea dispoziţiilor referitoare la competenţa materială a instanţei, atunci când judecata a fost efectuată de o instanţă inferioară celei competente potrivit legii
B. încălcarea dispoziţiilor referitoare la competenţa teritorială a instanţei de judecată
C. încălcarea dispoziţiilor referitoare la publicitatea şedinţei de judecată",B
"84.  Prin sentinţa penală din data de 17.10.2019, s-a dispus condamnarea inculpatului X la o pedeapsă de 3 ani închisoare cu suspendarea executării pedepsei sub supraveghere pentru săvârşirea infracţiunii de ucidere din culpă, faptă săvârşită în anul 2017. Pentru această hotărâre, rămasă definitivă prin respingerea apelului, instanţa de executare va fi:","A. Curtea de Apel, dacă X este avocat în Baroul A din anul 2010
B. Tribunalul, dacă inculpatul X este o persoană fără nicio calitate specială
C. Judecătoria, dacă inculpatul X este o persoană fără nicio calitate specială",AC
85.  În cursul urmăririi penale:,"A. măsura controlului judiciar poate fi dispusă doar de către judecătorul de drepturi şi libertăţi
B. măsura controlului judiciar poate fi prelungită doar de către judecătorul de drepturi şi libertăţi
C. măsura controlului judiciar încetează de drept când se dispune clasarea cauzei faţă de inculpatul aflat sub imperiul măsurii",C
86.  Într-o cauză în care urmărirea penală se efectuează în mod obligatoriu de către procuror:,"A. încuviinţarea cererii de audiere a unui martor poate fi delegată prin ordonanţă organului de cercetare penală
B. se va întocmi referat de terminare a urmăririi penale
C. suspendarea urmăririi penale nu este supusă confirmării judecătorului de cameră preliminară",C
87.  Excepţia de necompetenţă teritorială a instanţei de judecată:,"A. nu poate fi invocată de procuror
B. nu poate fi invocată de partea civilă
C. nu poate fi invocată după începerea cercetării judecătoreşti",C
88.  Termenul prevăzut de lege:,"A. pentru formularea contestaţiei împotriva măsurii asigurătorii luate de procuror este de 48 de ore de la data comunicării ordonanţei de luare a măsurii
B. pentru formularea plângerii împotriva ordonanţei de prelungire a măsurii controlului judiciar este de 10 zile de la comunicarea ordonanţei
C. pentru formularea cererii de continuare a urmăririi penale este de 20 de zile de la primirea copiei de pe ordonanţa de soluţionare a contestaţiei",C
89.  Potrivit procedurii în cazul acordului de recunoaştere a vinovăţiei:,"A. acordul de recunoaştere a vinovăţiei poate fi încheiat de procuror și cu un suspect
B. soluţionând cauza în care a fost sesizată cu acord, instanţa nu poate pronunţa soluţia achitării indiferent de temeiul pe care s-ar fundamenta
C. inculpaţii minori nu pot încheia acorduri de recunoaştere a vinovăţiei în nicio situaţie",B
90.  În cazul unei măsuri asigurătorii luate de procuror:,"A. măsura nu poate fi adusă la îndeplinire de organele de cercetare penală
B. competent să soluţioneze contestaţia formulată împotriva măsurii este doar procurorul ierarhic superior
C. contestaţia împotriva măsurii poate fi formulată şi de o persoană interesată care nu are calitatea de parte în cauză",C
"91.  Prin Rechizitoriul întocmit de parchetul de pe lângă Judecătoria X, RC este trimis în judecată pentru săvârşirea, cât era minor, a infracţiunii de distrugere. După sesizarea instanţei de judecată, în cursul procedurii de cameră preliminară, dar înaintea de rămânerea definitivă a încheierii prin care se dispune începerea judecăţii, inculpatul RC împlineşte vârsta de 18 ani. În aceste condiţii:","A. după începerea judecăţii, legea nu îi mai permite lui RC să ceară să fie judecat potrivit procedurii în cazul recunoașterii învinuirii întrucât era minor la data săvârşirii faptei
B. RC va fi judecat potrivit dispoziţiilor procedurale speciale referitoare la minori
C. în cursul urmăririi penale asistenţa juridică a inculpatului RC era obligatorie",BC
"92.  Prin ordonanţa 105/P/2020, procurorul din cadrul Parchetului de pe lângă Tribunal a dispus clasarea cauzei faţă de suspectul GI în temeiul art. 315 raportat la art. 16 alin. (1) lit. c) – nu există probe din care să reiasă că acesta a săvârşit infraţiunea. Copia ordonanţei de clasare este comunicat ăsuspectului GI şi persoanei vătămate AX la data de 01 iulie 2020. În aceste condiţii:","A. plângerea împotriva soluţiei de clasare, formulată de persoana vătămată AX la data de 21 iulie 2020 este o plângere formulată în termenul prevăzut de lege
B. GI nu poate cere continuarea procesului penal în raport cu temeiul clasării
C. în cazul unei eventuale plângeri adresate judecătorului de cameră preliminară de către persoana vătămată AX, este posibilă soluţia admiterii plângerii, desfiinţării soluţiei atacate şi dispunerii începerii judecăţii faţă de GI",AB
"93.  Împotriva sentinţei penale nr. 10/2020 prin care Judecătoria X a dispus condamnarea inculpatului ZY la o pedeapsă de 6 ani închisoare pentru săvârşirea infracţiunii de tentativă la omor, declară apel, în termenul prevăzut de lege, doar inculpatul ZY. În susţinerea apelului său, inculpatul ZY invocă faptul că prima instanţă de judecată a apreciat greşit probele administrate în cauză, probe care dovedeau fără echivoc că nu el este autorul infracţiunii.","A. soluţionând apelul, instanţa de apel nu poate analiza problema competenţei materiale a instanţei de fond dacă acest aspect nu a fost invocat în apel
B. dacă instanţa de apel admite apelul, desfiinţează sentinţa atacată şi dispune rejudecarea cauzei, instanţa de rejudecare nu poate crea o situaţie mai grea pentru inculpatul ZY
C. ZY îşi poate retrage apelul declarat şi în cursul dezbaterilor din faţa instanţei de apel",BC
94.  Inculpatul AB este condamnat prin sentinţa pronunţată de Judecătoria X la o pedeapsă de 3 ani închisoare pentru săvârşirea infracţiunii de furt calificat ca urmare a admiterii acordului de recunoaştere a vinovăţiei încheiat între inculpat şi Ministerul Public. În cauză:,"A. pentru procuror, termenul de declarare a apelului împotriva sentinţei de condamnare este de 10 zile de la comunicare
B. persoana vătămată nu poate declara apel dacă nu a fost prezentă la termenul fixat pentru judecarea cauzei
C. inculpatul poate declara apel chiar dacă în faţa instanţei de fond a cerut admiterea acordului",AC
"95.  Prin încheierea rămasă definitivă ca urmare a respingerii contestaţiei formulate de inculpatul XA, judecătorul de cameră preliminară de la Judecătoria A a dispus începerea judecăţii faţă de inculpatul XA pentru infracţiunea de distrugere pentru care Ministerul Public a sesizat instanţa de judecată. La primul termen de judecată fixat în cauză, se procedează la citirea actului prin care s-a dispus trimiterea în judecată. În acest moment procesual:","A. inculpatul nu mai poate cere să fie judecat potrivit procedurii în cazul recunoaşterii învinuirii
B. partea responsabilă civilmente poate interveni voluntar în proces dacă în cauză se exercită şi o acţiune civilă
C. instanţa poate invoca din oficiu excepţia de necompetenţă materială dacă apreciază că în cauză competenţa ar aparţine Curtii de Apel",BC
"96.  Analizând actele şi lucrările dosarului înregistrat sub nr.244/P/2019 pe rolul DNA – Serviciul Teritorial Ploieşti, procurorul de caz a decis să sesizeze judecătorul de drepturi şi libertăţi de la Tribunalul Prahova cu propunerea de arestare a inculpatului J.A. pentru o perioadă de 30 de zile. În cauză, competenţa de judecată în primă instanţă ar reveni în raport cu toate criteriile materiale,personale şi teritoriale, Tribunalului Bucureşti. În aceste condiţii:","A. Judecătorul de drepturi şi libertăţi de la Tribunalul Prahova poate proceda potrivit legii la soluţionarea propunerii de arestare preventivă
B. Judecătorul de drepturi şi libertăţi de la Tribunalul Prahova este obligat să decline cauza spre competentă soluţionare Tribunalului Bucureşti
C. Judecătorul de drepturi şi libertăţi de la Tribunalul Prahova nu este obligat să restituie propunerea de arestare la procuror cu menţiunea de a o adresa Tribunalului Bucureşti",AC
"97.  Prin sentinţa penală pronunţată de Judecătoria Sectorului 1 Bucureşti s-a dispus declinarea cauzei spre competentă judecare către Tribunalul Bucureşti. După înregistrarea dosarului, Tribunalul Bucureşti, analizând criteriile de competenţă incidente, apreciază că în cauză competenţa aparţine Judecătoriei Sectorului 1 Bucureşti astfel că dispune declinarea cauzei către această instanţă. În raport cu această situaţie:","A. sesizarea instanţei competente să soluţioneze conflictul negativ de competenţă se poate face şi de procuror
B. instanţa competentă să soluţioneze conflictul de competenţă este Înalta Curte de Casaţie şi Justiţie
C. instanţa competentă se va pronunţa asupra conflictului de competenţă prin încheiere care nu este supusă niciunei căi de atac",AC
"98.  În cauza penală având ca obiect infracţiunea de tâlhărie săvârşită de inculpatul G.B., ca urmare a măsurii luate şi prelungite în condiţiile legii de Judecătorul de drepturi şi libertăţi de la Judecătoria Bacău, inculpatul G.B se află în arest la domiciliu de 90 de zile. În ipoteza în care:","A. judecătorul de drepturi şi libertăţi înlocuieşte arestul la domiciliu cu măsura arestării preventive, aceasta din urmă va putea fi dispusă şi prelungită în cursul urmăririi penale faţă de inculpatul G.B  doar pentru o durată care, cumulată cu cea a arestului la domiciliu, nu depăşeşte 180 de zile
B. judecătorul de drepturi şi libertăţi înlocuieşte arestul la domiciliu cu măsura controlului judiciar, aceasta din urmă va putea fi dispusă şi prelungită în cursul urmăririi penale faţă de inculpatul G.B doar pentru o durată care, cumulată cu cea a arestului la domiciliu, nu depăşeşte 180 de zile
C. în cauză se încheie un acord de recunoaştere a vinovăţiei pentru soluţia condamnării la o pedeapsă de 5 ani închisoare, măsura arestului la domiciliu nu încetează de drept la semnarea acordului de inculpat şi de procuror",AC
"99.  Împotriva sentinţei penale prin care Judecătoria Constanţa a luat faţă de inculpatul A.V. măsura educativă a internării într-un centru educativ pentru o perioadă de 1 an ca urmare a săvârşirii infracţiunii de furt calificat declară apel procurorul şi personal inculpatul A.V., minor în vârstă de 17 ani. În aceste condiţii:","A. inculpatul A.V. îşi poate retrage apelul declarat până la închiderea dezbaterilor la instanţa de apel
B. apelul declarat de procuror poate fi retras doar de procurorul ierahic superior
C. apelul declarat de procuror în favoarea inculpatului A.V. şi retras în condiţiile legii poate fi însuşit de inculpat",BC
"100.  Prin rechizitoriul întocmit de către Direcţia Naţională Anticorupţie – Serviciul Teritorial Braşov s-a dispus trimiterea în judecată, în stare de arest preventiv, a inculpatului H.R. pentru săvârşirea infracţiunii de abuz în serviciu cu consecinţe deosebit de grave. În procedura de cameră preliminară nu se formulează cereri şi excepţii şi nici judecătorul de cameră preliminară nu ridică din oficiu excepţii. În aceste condiţii:","A. încheierea prin care se dispune începerea judecăţii este definitivă
B. împotriva încheierii prin care se dispune începerea judecăţii inculpatul H.R poate face contestaţie chiar dacă nu a formulat cereri şi excepţii
C. măsura arestării preventive va fi verificată din oficiu sub aspectul legalităţii şi temeiniciei de judecătorul de cameră preliminară competent",BC
