1.  La o societate profesională cu răspundere limitată:,"A. asociații răspund numai în limita patrimoniului de afectațiune înregistrat în conformitate cu legea și statutul profesiei de avocat
B. obligațiile și răspunderea societății profesionale cu răspundere limitată sunt garantate cu patrimoniul propriu
C. asociații răspund numai în limita aportului social al fiecăruia",BC
"2.  Pentru asistenţa judiciară acordată, avocatul desemnat are dreptul la:","A. un onorariu stabilit de organul judiciar potrivit naturii şi volumului activităţii desfăşurate în limitele sumelor stabilite prin protocolul încheiat între UNBR şi Ministerul Justiţiei
B. un onorariu de succes
C. acordarea cheltuielilor de deplasare, transport etc., ce cad în sarcina justiţiabilului",A
3.  Potrivit legii și statutului profesiei de avocat:,"A. decanul baroului este abilitat să soluționeze contestațiile și reclamațiile privind onorariile numai în cazul în care acesta este sesizat de client
B. decanul baroului este abilitat să soluționeze contestațiile și reclamațiile privind onorariile la cererea oricăreia dintre părțile care au încheiat contractul de asistență juridică
C. consiliul baroului este competent să soluționeze contestațiile și reclamațiile privind onorariile stabilite de părți în contractele de asistență juridică",B
4.  Constituie vechime în profesia de avocat:,"A. perioada în care avocatul a fost suspendat din profesie în vederea exercitării unei funcții asimilate cu funcția de demnitate publică
B. perioada în care avocatul a exercitat funcția de judecător
C. numai perioada în care este exercitată profesia de avocat",AB
5.  Dacă a intervenit încetarea contractului de asistență juridică prin renunţarea unilaterală a avocatului:,"A. avocatul are obligaţia să ia în timp util şi în mod rezonabil măsuri potrivite pentru apărarea intereselor clientului, cum ar fi: notificarea acestuia, acordarea unui timp suficient clientului pentru a-şi angaja un alt avocat sau înştiinţarea organelor judiciare
B. avocatul nu mai are nicio obligație referitoare la apărarea intereselor clientului în măsura în care contractul a încetat ca urmare a culpei clientului
C. cu excepţia înscrisurilor originale care i-au fost puse la dispoziţie, avocatul are drept de retenţie asupra bunurilor încredinţate în cazul în care clientul datorează acestuia restanţe din onorarii şi din cheltuielile făcute în interesul clientului",AC
6.  În orice situație este interzis avocatului:,"A. aflat în aceeași societate cu un avocat fost judecător să exercite profesia de avocat în fața instanței unde asociatul său a funcționat pe o perioadă de 5 ani de la încetarea funcției deținute
B. fost cadru de poliție să acorde asistență juridică la organul de urmărire penală la care și-a desfășurat activitatea pe o perioadă de 5 ani de la încetarea funcției respective
C. să exercite profesia de avocat în fața instanței unde soțul său îndeplinește funcția de judecător",B
"7.  Numitul H., membru în Consiliul UNBR, a fost judecat de Comisia centrală de disciplină şi a fost sancţionat cu interdicţia de a mai profesa pe o perioadă de 1 an. Fiind nemulţumit, G.H. atacă decizia Comisiei centrale de disciplină. În acest caz competenţa de soluţionare a căii de atac aparţine:","A. Comisiei permanente
B. Consiliului UNBR constituit ca instanţă disciplinară în plenul său
C. Consiliului CAA",B
"8.  Avocatul poate retrage sau autoriza retragerea fondurilor fiduciare din contul fiduciar, precum şi instructa efectuarea de plăţi din acesta în una sau mai multe din următoarele situaţii:","A. la instrucţiunea expresă a clientului și fără posibilitatea reţinerii contravalorii onorariilor agreate pentru activităţile fiduciare desfășurate de avocat în numele și în interesul clientului său
B. în baza contractului de asistenţă juridică, pentru încasarea onorariilor legate de activităţile fiduciare desfăşurate
C. în cazul în care este în curs o procedură execuţională privind bunurile sau fondurile administrate",BC
"9.  Avocatul D. este desemnat de decanul Baroului X, să acorde asistenţă judiciară lui P.C., care este în litigiu cu D.F. Avocatul refuză acordarea asistenţei judiciare lui P.C. pe motiv că a fost angajat în aceeaşi cauză de D.F. În această situaţie:","A. refuzul lui C.D. este justificat
B. refuzul lui C.D. constituie abatere disciplinară
C. nerespectarea deciziei decanului ca organ de conducere al baroului, de către C.D. constituie abatere disciplinară",A
10.  Procedura anchetării abaterii disciplinare presupune:,"A. ca cercetarea să se efectueze numai după încunoştinţarea avocatului, cu privire la obiectul anchetei disciplinare, prin luarea la cunoştinţă a conținutului plângerii, ori sesizării
B. dreptul de a recuza consilierul desemnat pentru efectuarea cercetării prealabile
C. ca pe toată durata acesteia avocatul cercetat să nu mai presteze sub nicio formă asistenţă juridică",AB
"11.  Avocatul F. înscris în registrul de asistenţă judiciară al baroului Y, este desemnat să acorde asistenţă judiciară numitului L.M., parte civilă într-o cauză penală. Avocatul D.F. prestează activitatea pentru care a fost desemnat, însă stabileşte de comun acord cu L.M., ca acesta din urmă să-i plătească cheltuielile de transport. L.M. a plătit aceste cheltuieli. În această situaţie:","A. D.F. a procedat corect deoarece a obţinut acordul lui L.M.
B. avocatul D.F. nu avea dreptul să primească de la L.M. nici un fel de remuneraţie, cu niciun titlu
C. avocatul D.F. a comis o abatere disciplinară",BC
"12.  Avocatul care conduce asistenţa judiciară, din cadrul baroului Y, constată că la Judecătoria X, avocatul F.O., ce face parte din acelaşi barou, care nu era înscris în registrul de asistenţă judiciară, prin concluziile depuse în faţa acestei instanţe, a prejudiciat onoarea, prestigiul profesiei şi al baroului din care face parte. În această situaţie, avocatul care conduce asistenţa judiciară:","A. este obligat să sesizeze în scris Consiliul baroului Y despre faptele avocatului F.O.
B. nu poate face sesizarea deoarece avocatul F.O. nu este înscris în registrul de asistenţă judiciară
C. sesizează Comisia de disciplină din cadrul baroului Y",A
"13.  Justiţiabilul C.O. solicită la Baroul Y desemnarea unui avocat pentru a-i acorda asistenţă extrajudiciară, sub forma unor consultaţii juridice şi redactarea unei acţiuni. Decanul baroului desemnează în acest sens un avocat ales de solicitant, avocat care nu figurează în registrul de asistenţă judiciară. În acest caz:","A. avocatul desemnat poate refuza prestaţia deoarece nu este înscris în registrul de asistenţă judiciară
B. prestează activitatea, dar solicită acestuia şi plata unui onorariu, fiind ales de acesta
C. dă curs deciziei decanului",A
"14.  Avocatul M. a săvârşit o abatere disciplinară evidentă şi gravă şi s-a formulat împotriva sa acţiune disciplinară, aflată în curs de soluţionare la Comisia de disciplină din cadrul baroului din care face parte. În acest caz :","A. Comisia de disciplină solicită Consiliului Baroului suspendarea din exerciţiul profesiei a respectivului avocat până la judecarea definitivă a cauzei
B. Comisia de disciplină poate lua măsura suspendării avocatului I.M. până la judecarea definitivă a cauzei fără niciun aviz prealabil
C. ntru suspendarea avocatului I.M. din exerciţiul profesiei este necesar avizul decanului baroului",B
"15.  Avocatul B.G. din cadrul baroului Y. a fost acuzat de trafic de influenţă şi a fost arestat preventiv. Iniţial avocatul nu a recunoscut săvârşirea faptei, însă după patru luni de arest preventiv a recunoscut integral fapta comisă şi a solicitat continuarea judecăţii sale în stare de libertate. Instanţa a admis cererea avocatului, a dispus eliberarea acestuia din arest preventiv, însă a pronunţat în sarcina sa interdicţia de a mai exercita profesia de avocat, până la soluţionarea definitivă a dosarului penal. Avocatul B.G. a formulat cale de atac, iar instanţa supremă i-a admis calea de atac şi a infirmat măsura primei instanţe cu privire la interdicţia exercitării profesiei de avocat. Ca urmare, B.G. a exercitat profesia de avocat până la data la care dosarul penal a fost soluţionat definitiv, iar B.G. a fost condamnat definitiv pentru fapta comisă la o pedeapsă cu executare. După executarea pedepsei privative de libertate B.G. a fost pus în libertate, însă Consiliul baroului Y., prin decizie motivată, a decis excluderea lui B.G. din profesia de avocat. Decizia Consiliului baroului Y. de excludere este:","A. corectă, deoarece avocatul B.G. a devenit nedemn
B. nelegală, având în vedere soluţia instanţei supreme
C. nelegală, având în vedere că B.G. fusese pus în libertate",A
"16.  Avocatul A.D. din baroul X a fost cercetat pentru săvârşirea unei infracţiuni intenţionate. Prin ordonanţă motivată, organul de urmărire penală a dispus punerea în mişcare a acţiunii penale împotriva avocatului A.D., apoi prin rechizitoriu, trimiterea sa în judecată, dar după ce i-a schimbat încadrarea juridică a faptei în sensul că a fost trimis în judecată pentru complicitate la fapta pentru care fusese cercetat iniţial. Avocatul A.D. nu a anunţat despre situaţia în care se află Consiliul baroului şi nici pe decanul baroului, care însă au fost încunoştinţaţi de organul de urmărire penală prin adresă oficială. Urmare acestei înştiinţări, Consiliul baroului, în prima şedinţă de lucru, l-a convocat pe A.D., l-a ascultat cu privire la această stare de fapt, iar ulterior, prin decizie motivată, a dispus suspendarea avocatului A.D. din exerciţiul profesiei de avocat, până la pronunţarea unei hotărâri judecătoreşti definitive. Ulterior, instanţa de judecată, prin hotărâre definitivă, l-a achitat pe avocatul A.D. Decizia Consiliului baroului a fost:","A. nelegală, avându-se în vedere soluţia definitivă a instanţei
B. corectă, în raport de dispoziţiile statutului profesiei de avocat
C. nelegală, faţă de faptul că instanţa de judecată nu s-a pronunţat cu privire la exercitarea profesiei de către A.D. în nicio fază a judecăţii",B
"17.  Avocatul S.D. este avocat definitiv în cadrul baroului Y cu o vechime în profesie de 4 ani. Este înscris în Registrul de asistenţă judiciară al baroului Y şi îşi desfăşoară activitatea în cadrul Cabinetului de avocatură I.C.. În perioada 1 iunie 2016 – 1 iulie 2016, forma de exercitare a profesiei în care îşi desfăşoară activitatea S.D. stabileşte perioadă de repaus pentru recuperarea capacităţii de muncă pentru toţi membrii cabinetului, însă omite să notifice în prealabil baroul Y. Pe data de 13 iunie 2016 S.D. este desemnat să acorde asistenţă judiciară într-un dosar penal cu mai mulţi inculpaţi. Aflându-se în perioada de repaus, S.D. refuză să acorde asistenţa pentru care a fost desemnat şi este sancţionat ulterior potrivit regulamentului SAJ. Decizia de sancţionare este:","A. corectă, deoarece forma de exercitare a profesiei a omis notificarea baroului în legătură cu perioada de repaus
B. nelegală, deoarece obligaţia de a anunţa baroul nu era personală
C. nelegală, deoarece pe perioada de repaus S.D. nu avea nicio obligaţie profesională",A
"18.  Avocatul A.B. avea calitate de asociat al societății ZZZ S.R.L., la fel ca şi asociatul său M.N., acesta din urmă având şi calitatea de unic administrator al societăţii. Ca urmare a retragerii pentru motive temeinice a asociatului M.N. din societate, A.B. devine asociat unic al societății ZZZ S.R.L. şi își stabilește calitatea de unic administrator cu puteri depline pe o perioadă de 6 luni la această societate, efectuând şi acte de administrare a societății, fără să aducă la cunoştinţa Consiliului Baroului niciunul dintre aspectele de mai sus. Luând cunoștință de această stare de fapt Consiliul Baroului a decis trecerea avocatului A.B. pe tabloul avocaţilor incompatibili. Este legală decizia Consiliului Baroului?","A. da, cu condiția convocării prealabile a avocatului în vederea ascultării, prin scrisoare recomandată cu confirmare de primire, întrucât avocatul A.B. se afla în stare de incompatibilitate
B. da, fără să fie nevoie de convocarea avocatului în vederea ascultării întrucât această procedură este impusă numai în situația cercetării disciplinare
C. nu, întrucât mai întâi trebuia declanşată o acţiune disciplinară pentru că avocatul şi-a exercitat profesia fără drept",A
"19.  Întrucât a fost găsit vinovat de săvârşirea unei abateri disciplinare avocatul P.P. a fost sancţionat disciplinar cu interdicţia de a exercita profesia pe o perioadă de 3 luni. Decizia disciplinară a fost atacată în termenul legal cu recurs de către decanul baroului din care P.P. făcea parte. Pe de altă parte, fiind de acord cu respectiva sancţiune, avocatul P.P. şi-a asigurat substituirea în toate dosarele şi a respectat măsura interdicţiei dispusă de către comisia de disciplină. După exact trei luni de la data pronunţării sancţiunii susmenţionate, Comisia centrală de disciplină a respins calea de atac formulată în cauză şi a menţinut soluţia primei instanţe. Această decizie nu a mai fost atacată. Are dreptul avocatul P.P. să-şi exercite profesia după data pronunţării deciziei Comisiei centrale de disciplină?","A. da, întrucât perioada în care s-a dispus sancţiunea interdicţiei a încetat
B. da, întrucât s-a respins recursul formulat de către decanul baroului, iar avocatul P.P. a respectat interdicţia dispusă pentru 3 luni de zile
C. nu, întrucât decizia devine executorie numai după rămânerea definitivă a acesteia",C
"20.  În urma unor neînţelegeri intervenite între avocatul V.B. şi clientul său, acesta din urmă formulează o plângere pe care o îndreaptă către Comisia de disciplină a baroului. Plângerea cuprinde o singură cerere şi anume restituirea în tot sau în parte a onorariului achitat integral de către petent, conform contractului de asistenţă juridică. Este competentă Comisia de disciplină să efectueze cercetări şi apoi să analizeze această plângere?","A. da, pentru că a fost sesizată în acest sens
B. nu, întrucât cererea de restituire a onorariului este de competenţa decanului baroului, iar sesizarea unei eventuale fapte disciplinare necesită o cercetare prealabilă din partea consiliului baroului
C. da, dar numai în condiţiile în care decanul baroului ar fi invitat să facă parte din completul comisiei de disciplină",B
"21.  X, în vârstă de 17 ani, pretinzând că este major, a încheiat un contract cu Y prin care i-a vândut acestuia din urmă un telefon mobil cu prețul de 1.200 lei. Din acest preț, X și-a achitat o datorie în valoare de 200 lei, și-a cumpărat cu 600 de lei un alt telefon și a organizat o petrecere pentru prietenii săi, pentru care a cheltuit suma de 300 lei, rămânând cu 100 lei. Ulterior, X a solicitat anularea contractului pentru lipsa capacității depline de exercițiu și restituirea telefonului, iar Y a solicitat restituirea prețului. Instanța:","A. va respinge cererea în anularea contractului, reținând săvârșirea de către X a unui delict civil prin declarația că este capabil să contracteze și considerând că menținerea actului ca valabil este cea mai potrivită formă de reparare a prejudiciului ce ar fi fost cauzat lui Y
B. va dispune anularea contractului, obligându-l pe Y să restituie telefonul, iar pe X să-i restituie lui Y suma de 900 lei
C. va dispune anularea contractului, obligându-l pe Y să restituie telefonul, iar pe X să-i plătească lui Y suma de 1.200 lei, dacă va stabili că X, cu intenția de a face restituirea imposibilă, a risipit o parte din prețul obținut",BC
"22.  La data de 07.12.2014, O l-a chemat în judecată pe T solicitând obligarea acestuia la restituirea împrumutului în suma de 10.000 lei, contractat la data de 15.10.2011 pentru un termen de două luni. Cererea de chemare în judecată este anulată prin hotărâre rămasă definitivă la data de 07.03.2015. Față de o nouă cerere introdusă de O la data de 08.08.2015:","A. dacă, prin întâmpinare, T va invoca excepția prescripției extinctive, aceasta va fi admisă
B. nu va putea fi considerat împlinit termenul de prescripție extinctivă
C. instanța va putea invoca din oficiu excepția prescripției extinctive",B
23.  Conversiunea actului juridic:,"A. înlătură efectele nulității
B. nu implică un nou acord de voință al părților actului juridic lovit de nulitate
C. presupune validarea actului juridic prin confirmare",AB
"24.  V și M au încheiat o promisiune bilaterală de vânzare având ca obiect o motocicletă, stabilind că vor perfecta contractul de vânzare în formă autentică până la data de 22.11.2014. M, promitentul-cumpărător, a achitat o parte din prețul convenit chiar la momentul încheierii promisiunii, menționându-se în cuprinsul acesteia că suma a fost plătită cu titlu de arvună. Față de această situație:","A. contractul de vânzare încheiat între părți la data de 24.11.2014, constatat printr-un înscris sub semnătură privată, nu este valabil
B. V are dreptul să denunțe promisiunea, restituind dublul sumei primite cu titlu de arvună, indiferent dacă acest drept a fost sau nu stipulat în contract
C. dacă M refuză încheierea contractului de vânzare, V va putea cere pronunțarea unei hotărâri care să țină loc de contract",C
"25.  Prin încheierea unei novații G devine creditorul lui U, înlocuindu-l în această calitate pe N, care deținea față de U o creanță provenită dintr-un contract de împrumut în care obligația de restituire fusese garantată prin constituirea unei ipoteci asupra unui bun al debitorului U. Prin raportare la această situație:","A. novația nu poate produce efecte în lipsa consimțământului debitorului U
B. novația valabil încheiată determină stingerea obligației lui U față de N
C. lipsa consimțământului debitorului U nu influențează eficacitatea novației, însă face să nu subziste ipoteca care însoțea creanța inițială",AB
"26.  Spre deosebire de reziliere, nulitatea:","A. produce efecte și pentru trecut chiar și în cazul actelor juridice cu executare succesivă
B. presupune o cauză ulterioară momentului încheierii actului juridic
C. se aplică și contractelor sinalagmatice cu executare uno ictu",AC
"27.  La data de 13.05.2015, X a încheiat un contract cu Y și Z prin care s-a obligat să execute față de aceștia prestațiile necesare întreținerii lor pentru o perioadă de un an, în schimbul transferului proprietății unui bun, aflat în proprietatea comună a lui Y și La data de 25.05.2015, X și Z au decedat în urma unui accident rutier petrecut în timp ce X îl transporta pe Z către spital pentru efectuarea unei ședințe de chimioterapie. În această situație, S, moștenitorul lui X, va putea:","A. să refuze executarea contractului, invocând decesul lui Z
B. să refuze suportarea cheltuielilor aferente înmormântării lui Z
C. să ceară înlocuirea întreținerii cu o sumă de bani corespunzătoare",C
28.  Cel care ocupă un imobil răspunde pentru prejudiciul cauzat prin căderea din acesta a unui lucru:,"A. chiar şi atunci când ocupă imobilul fără niciun titlu
B. chiar dacă aceasta este urmarea unui eveniment pe care nu îl putea prevedea și nici împiedica
C. chiar dacă  poate dovedi că aceasta se datorează unui caz de forță majoră",AB
29.  Acțiunea în revendicare:,"A. poate fi introdusă de către un singur coproprietar, situație în care pârâtul poate cere instanței introducerea în cauză a celorlalți coproprietari în calitate de reclamanți
B. dacă va fi admisă, va avea ca efect obligarea pârâtului la plata de despăgubiri dacă bunul a pierit din culpa sa, acestea fiind evaluate în raport cu momentul restituirii
C. este imprescriptibilă în toate cazurile",AB
30.  Obligația:,"A. prin care vânzătorul își rezervă proprietatea bunului până la plata integrală a prețului este valabilă, numai dacă bunul a fost predat
B. prin care locatarul se obligă să plătească despăgubiri pentru denunțarea contractului de locațiune, încheiat pe durată nedeterminată, se consideră nescrisă
C. de a executa prin echivalent o obligație indivizibilă este divizibilă",BC
"31.  D a împrumutat de la F suma de 150.000 lei cu dobândă legală pe termen de un an. D a transferat suma împrumutată cu dobânda legală în contul lui T, persoana indicată de creditor. D se confruntă, în prezent, cu cererea moștenitorilor lui F, decedat recent, de a face plata sumei de 150.000 lei către aceștia. În calitate de avocat, îl sfătuiți:","A. plata este valabil făcută către terțul indicat de creditor și a stins obligația lui D
B. plata făcută lui T este nedatorată și poate cere restituirea ei
C. D trebuie să facă plata către moștenitorii defunctului",A
"32.  D a angajat o firmă de construcții pentru a interveni rapid și a repara distrugerea cauzată de o furtună violentă acoperișului casei vecinului său care lipsea din țară. Firma de construcții a cerut suma de 20.o00 lei, din care D a plătit 10.000 lei. În timpul lucrărilor, bucăți din pereții exteriori ai casei s-au prăbușit, ca urmare a infiltrațiilor de apă din timpul furtunii. E, proprietarul casei, l-a chemat în judecată pe D pentru obligarea la despăgubiri în sumă de 50.000 lei, reprezentând scăderea valorii imobilului ca urmare a degradărilor suferite. Pe cale reconvențională, D a cerut obligarea lui E la plata sumei de 20.000 lei. Care credeți că va fi hotărârea instanței de judecată?","A. va admite integral cererea principală și integral cererea reconvențională, va compensa datoriile reciproce și îl va obliga pe D la plata sumei de 30.000 lei către E
B. va respinge cererea principală și va admite integral cererea reconvențională
C. va respinge cererea principală și va admite în parte cererea reconvențională în sensul obligării lui E la plata sumei de 10.000 lei către D",C
"33.  Defunctul a lăsat o donație lui H pentru suma de 100.000 lei aflată într-un cont deschis la Banca Y, printr-un înscris sub semnătură privată, cu sarcina de a-și continua studiile. După deschiderea succesiunii, moștenitorii legali ai defunctului, în deplină cunoștință de cauză, au transferat suma donată către donatar. Înainte de finalizarea studiilor de către H, acesta a fost chemat în judecată de unul dintre moștenitori care s-a răzgândit, întrucât rezerva sa succesorală a fost încălcată. Acesta invocă nulitatea absolută a donației și pretinde restituirea sumei de către H sau, în subsidiar, reducțiunea liberalității excesive în limita cotei sale de rezervă succesorală. Instanța:","A. va admite cererea de constatare a nulității absolute a donației și-l va obliga pe H la restituirea sumei de 100.000 Euro
B. va respinge acțiunea în totalitate
C. va respinge cererea de constatare a nulității donației și va admite cererea de reducțiune a donației în limita cotei de rezervă succesorală a reclamantului",C
"34.  Dacă M este posesorul unui tablou cumpărat la licitația organizată de o cunoscută casă de artă, iar B revendică bunul, pretinzând că i-a fost furat în urmă cu x ani, ce sfat juridic îi dați lui M, în raport de situația învederată:","A. tabloul poate fi revendicat de la M, chiar dacă este posesor de bună-credință, în termen de 3 ani de la deposedarea pretinsului proprietar
B. M poate reține bunul până la restituirea integrală a prețului de către vânzător, dacă acțiunea este introdusă în 3 ani de la deposedarea pretinsului proprietar
C. M poate invoca prescripția dreptului la acțiune, dacă acțiunea este introdusă peste termenul de 3 ani de la pierderea stăpânirii materiale a bunului de către pretinsul proprietar",AB
"35.  Societatea A începe negocieri cu producătorul B pentru achiziționarea unor produse de patiserie congelate și revânzarea lor în orașul O, fără a se încheia un acord de principiu. În cursul negocierilor, aflând costurile secrete de producție ale lui B, A renunță la încheierea contractului și îl ajută pe producătorul C să lanseze propriile produse de patiserie pe care A le comercializează la un preț inferior prețului de vânzare a lui B. În calitate de avocat, îl veți consilia pe B  să introducă o cerere de chemare în judecată întemeiată pe:","A. răspunderea civilă delictuală a lui A pentru încălcarea obligației de confidențialitate
B. răspunderea civilă contractuală a lui A pentru ruperea negocierilor contrar bunei-credințe
C. răspunderea civilă  delictuală a lui A pentru ruperea negocierilor contrar bunei-credințe",AC
"36.  În cazul desființării contractului ca urmare a constatării nulității sale absolute, debitorul obligației de restituire a bunului înstrăinat către un terț, anterior constatării nulității contractului, va fi ținut:","A. să plătească valoarea bunului calculată la momentul primirii sale
B. să plătească valoarea bunului calculată la momentul primirii sale ori la momentul înstrăinării, în funcție de cea mai mică dintre aceste valori, dacă a fost de bună-credință
C. să plătească valoarea bunului calculată la momentul primirii sale ori la momentul înstrăinării, în funcție de cea mai mare dintre aceste valori, dacă a fost de rea-credință",BC
37.  Posesia exercitată asupra unui bun imobil prin intermediul unei alte persoane:,"A. duce, în toate cazurile, la dobândirea fructelor de către posesor
B. poate duce la dobândirea dreptului de proprietate de către posesor
C. poate fi apărată prin acțiunea posesorie în complângere, chiar dacă este viciată",BC
38.  Creditorii personali ai moștenitorilor pot cere revocarea partajului:,"A. în orice situație,  doar dacă dovedesc frauda copărtașilor
B. doar dacă arată că partajul s-a realizat în lipsa lor și, deși au cerut să fie prezenți, nu au fost convocați
C. fără a fi obligați să dovedească frauda copărtașilor, dacă au cerut să fie prezenți și nu au fost convocați, iar partajul s-a realizat în lipsa lor",C
"39.  La data de 02.2012, X închiriază lui Y un imobil pentru o perioadă de 10 ani, stabilindu-se desființarea contractului în ipoteza în care imobilul va fi expropriat. În urma declanșării unei proceduri de expropriere, Y a părăsit imobilul la data de 01.01.2013. La data de 04.03.2013, posesia imobilului este preluată de către expropriator. În această situație:","A. Y va putea obține, în considerarea condiției rezolutorii inserate de părți în contract, obligarea lui X la restituirea chiriei încasată anterior exproprierii
B. contractul de locațiune va fi considerat încetat chiar și în ipoteza în care, ulterior exproprierii, X a obținut în instanța retrocedarea imobilului ca urmare a neutilizării acestuia în scopul pentru care fusese expropriat
C. X va putea pretinde expropriatorului, cu titlu de despăgubire, inclusiv chiria aferentă lunilor ianuarie și februarie 2013, pe care Y a refuzat să o achite",B
40.  Proprietatea se strămută cumpărătorului din momentul:,"A. încheierii contractului de vânzare cu privire la un imobil, cu condiția plății prețului
B. încheierii contractului de vânzare în bloc a unor bunuri de gen pentru un preț unic și global
C. dobândirii bunului de către vânzător, în cazul vânzării bunului altuia",BC
41.  În ceea ce priveşte contestaţia privind tergiversarea procesului:,"A. se formulează în scris şi se depune la instanţa superioară instanţei învestite cu soluţionarea procesului în legătură cu care se invocă tergiversarea procesului
B. depunerea contestaţiei nu determină suspendarea soluţionării cauzei
C. dacă se apreciază că este întemeiată, instanţa va pronunţa o încheiere care poate fi atacată odată cu fondul şi prin care se iau, de îndată, măsurile necesare înlăturării situaţiei care a provocat tergiversarea judecăţii",B
"42.  Instanţa a fost sesizată, printr-o cerere de chemare în judecată unică, cu constatarea caracterului abuziv şi nulitatea absolută a clauzelor privind comisionul de risc din cinci contracte de credit încheiate între părţi. Potrivit precizărilor depuse de reclamant, valoarea comisionului de risc datorat este 150.000 de lei pentru fiecare dintre cele cinci contracte de credit. Cererea de chemare în judecată a fost depusă la judecătorie. În aceast caz:","A. în stabilirea competenţei materiale, judecătoria trebuie să se raporteze la valoarea întregului contract de credit, iar dacă valoarea unuia dintre contractele de credit depăşeşte suma de 200.000 de lei se impune declinarea către tribunal
B. în stabilirea competenţei materiale judecătoria trebuia să cumuleze valoarea celor cinci comisioane de risc şi, pe cale de consecinţă, să decline competenţa către tribunal
C. judecătoria este competentă material să soluţioneze cauza în primă instanţă",C
43.  Dacă în cursul procesului dreptul litigios este transmis prin acte între vii cu titlu particular:,"A. ca regulă, judecata va continua între părțile inițiale
B. succesorul cu titlu particular nu este obligat să intervină în cauză, dacă are cunoștință de existența procesului deoarece poate fi introdus la cererea părții interesate sau din oficiu
C. dacă actul de transmitere este adus la cunoștința instanței de judecată, aceasta este obligată să scoată din proces partea care a înstrăinat dreptul litigios",A
"44.  Prin cererea de chemare în judecată reclamanta S.C. AA S.A. a solicitat în contradictoriu cu pârâta BB, să se constate inexistența unui drept de creanță în cuantum de 30.000 de lei pe care pârâta îl pretinde în baza unei convenții. Creanţa fusese notificată acționarului reclamantei printr-o adresa scrisă prin care îi solicitase acestuia să determine S.C. AA S.A. să achite creanța. Pârâta BB a invocat excepția lipsei de interes în promovarea acestei acțiuni motivat de faptul, pe de o parte, că hotărârea ce urmează a se pronunța nu este titlu executoriu și, pe de altă parte, pârâta a notificat acționarului reclamantei numai existența creanței, nepornind efectiv nici o procedură de recuperare a acesteia împotriva lui S.C. AA SA. De asemenea, pârâta BB a invocat și excepția inadmisibilității acțiunii în constatare pentru că reclamanta nu a indicat dreptul său subiectiv recunoscut de lege. În acest caz:","A. excepția lipsei de interes trebuie admisă deoarece interesul reclamantei S.C. AA SA nu este actual, motivat de faptul că pârâta BB nu a inițiat nicio procedură efectivă de recuperare a creanței
B. excepția inadmisibilității trebuie respinsă ca neîntemeiată
C. excepția lipsei de interes trebuie admisă deoarece hotărârea ce urmează a se pronunța nu va fi titlu executoriu, astfel că reclamanta S.C. AA SA nu are nici un folos practic în promovarea unei asemenea acțiuni",B
"45.  În ceea ce privește calea de atac împotriva unei hotărâri prin care s-a soluționat atât cererea de chemare în judecată principală, cât și cererea de chemarea în garanție, sunt adevărate următoarele afirmații:","A. dacă pârâtul a formulat o cerere de chemare în garanție și prima instanță a admis atât cererea de chemare în judecată, cât și chemarea în garanție, atunci pârâtul este îndreptăţit să declare cale de atac împotriva reclamantului, iar chematul în garanție este îndreptăţit să introducă cale de atac împotriva pârâtului, dar nu și contra reclamantului
B. dacă reclamantul a formulat o cerere de chemare în garanție și prima instanță a respins cererea de chemare în judecată și a admis cererea de chemare în garanție, atunci reclamantul este îndreptăţit să declare cale de atac împotriva pârâtului, iar chematul în garanție este îndreptăţit să declare cale de atac fie împotriva reclamantului, fie contra pârâtului, fie împotriva ambilor
C. dacă pârâtul a formulat o cerere de chemare în garanție și prima instanță a admis cererea de chemare în judecată și a respins cererea de chemare în garanție, atunci pârâtul este îndreptăţit să declare cale de atac fie împotriva reclamantului, fie împotriva chematului în garanție, fie împotriva ambilor",BC
46.  Invocarea neregularităților privind procedura de citare trebuie să respecte următoarele condiționalități legale:,"A. invocarea neregularităților se poate face, după caz, de partea interesată și de instanță din oficiu, nefiind posibilă invocarea de către partea adversă
B. când partea se prezintă în instanță prin mandatar avocat, deși nu a primit citația în termenul stabilit de lege, neregularitatea se acoperă, partea nelegal citată neavând dreptul să solicite acordarea unui nou termen de judecată în vederea pregătirii apărării
C. în lipsa părții nelegal citate, neregularitatea privind procedura de citare a acesteia poate fi invocată de instanță din oficiu, însă numai la termenul la care ea s-a produs",C
"47.  În procedura regularizării cererii de chemare în judecată, judecătorul poate:","A. declina competenţa în favoarea unei alte instanţe
B. anula cererea pentru că nu cuprinde motivele de fapt
C. anula cererea pentru lipsa calităţii procesual active a reclamantului",B
48.  Este inadmisibilă formularea unei cereri reconvenţionale în următoarele cazuri:,"A. pârâtul-intimat, într-o acţiune în revendicare, formulează cererea reconvenţională direct în apel, având şi acordul expres al reclamantului-apelant
B. pârâtul formulează cererea reconvenţională în cursul rejudecării fondului după casarea cu reţinere
C. pârâtul formulează o cerere reconvenţională în urma admiterii contestaţiei în anulare dacă obiectul căii de atac l-a constituit o hotărâre de primă instanţă, motivul admiterii căii de atac fiind nelegala citare a pârâtului",AB
49.  Denunţarea ca fals a înscrisului:,"A. de către una dintre părţi poate fi făcută cel mai târziu la primul termen de judecată după prezentarea respectivului înscris în proces
B. are ca efect suspendarea de drept a judecăţii procesului civil şi înaintarea de îndată a înscrisului denunţat ca fals parchetului competent, dacă este indicat autorul falsului sau complicele acestuia
C. poate avea ca efect suspendarea judecăţii procesului civil, dacă este indicat autorul falsului sau complicele acestuia",AC
"50.  Atunci când pentru efectuarea unei expertize judiciare, potrivit Codului de procedură civilă, este necesară citarea părţilor, iar citaţia nu a fost comunicată pârâtului cu cel puţin 5 zile înainte de termenul de efectuarea a lucrării:","A. citarea neregulată a pârâtului poate fi invocată cel mai târziu până la momentul închiderii dezbaterilor în faţa instanţei care judecă litigiul
B. citarea neregulată poate fi invocată, de regulă, şi direct în apel
C. citarea neregulată poate fi invocată doar de către pârât",C
"51.  Judecătoria Sfântu Gheorghe a soluționat în primă instanță o cerere de partaj succesoral. Tribunalul Covasna, învestit cu judecarea căii de atac, a dispus prin încheiere suspendarea judecății, apreciind că dezlegarea cauzei depinde de existenţa ori inexistenţa unui drept care face obiectul unei alte judecăţi. Împotriva acestei încheieri:","A. partea interesată va putea formula recurs, care este admisibil şi în cazul în care este exercitat împotriva încheierii de suspendare a judecății pronunţate de instanţa de apel, chiar dacă în prezentul litigiu apelul este ultima cale de atac de reformare
B. se poate formula recurs în termen de 5 zile de la comunicarea încheierii de suspendare a judecății
C. recursul este inadmisibil deoarece hotărârea Tribunalului Covasna este, potrivit legii, definitivă",A
"52.  Nu există autoritate de lucru judecat al primei hotărâri judecătoreşti, faţă de al doilea proces, în următoarele situaţii:","A. în primul proces reclamantul AA, în contradictoriu cu pârâtul BB, a invocat drept cauză a dreptului său de proprietate, cu privire la imobilul X, uzucapiunea, cererea fiind respinsă definitiv pe fond; în al doilea proces reclamantul AA, în contradictoriu cu pârâtul BB, a promovat o acţiune în legătură cu acelaşi imobil X, pretinzând că a dobândit dreptul de proprietate pe calea moştenirii
B. în primul proces reclamantul AA, în contradictoriu cu pârâtul BB, a solicitat restituirea bunului Y, întemeindu-şi pretenţia pe un contract de comodat, cererea fiind respinsă definitiv pe fond; în al doilea proces reclamantul AA, în contradictoriu cu pârâtul BB, a solicitat restituirea bunului Y, întemeindu-şi pretenţia pe un contract de depozit
C. în primul proces reclamantul AA, în contradictoriu cu pârâtul BB, formulează o acţiune în revendicare cu privire la imobilul Z, susţinând ca temei al dreptului său, un contract de vânzare-cumpărare, cererea fiind respinsă definitiv pe fond deoarece nu s-a făcut dovada acestui contract; în al doilea proces, reclamantul AA, în contradictoriu cu pârâtul BB, formulează din o acţiune în revendicare cu privire la imobilul Z motivată de faptul că s-a procurat înscrisul constatator al vânzării-cumpărării",AB
"53.  Prin sentința civilă nr.X/2017 a Judecătoriei Sibiu, s-a admis în parte acțiunea în răspundere civilă delictuală formulată de reclamantul A în contradictoriu cu pârâții B și C, în sensul că doar pârâtul B a fost obligat la plata despăgubirilor solicitate de reclamant. Pârâtul B a formulat apel împotriva sentinței, susținând pe fond că nu el a săvârșit fapta ilicită, ci pârâtul C. În această situație:","A. intimatul-pârât C are interes să formuleze apel incident împotriva apelantului–pârât, pentru a evita riscul reformării sentinței în defavoarea sa
B. intimatul-reclamant A are interes să formuleze apel provocat împotriva intimatului-pârât C, pentru ca acesta din urmă să fie obligat să-i plătească suma pretinsă, singur sau împreună cu B, dacă se admite apelul principal
C. este inadmisibil un apel provocat promovat de către intimatul-reclamant A",B
"54.  Împotriva sentinței civile X/2017 a Tribunalului Brașov, reclamanta a formulat apel, nemulțumită fiind că acțiunea în revendicare, evaluată la 500.000 lei, i-a fost admisă doar în parte. La primul termen de judecată, Curtea de apel Brașov a invocat din oficiu excepția tardivității formulării apelului; în concret s-a reținut că sentința a fost comunicată în data de joi, 27.04.2017, iar apelul a fost înregistrat la data de marţi, 27.06.2017, cu depășirea evidentă a termenului de 30 de zile prevăzut de lege. În acest context, apelanta a făcut dovada că în 27.04.2017 sentința a fost comunicată pe o stradă cu nume identic din municipiul Brașov, nu din municipiul Săcele unde își are sediul. De asemenea, apelanta învederează că şi pe durata procesului, în primă instanţă, a fost citată legal la adresa din Săcele. Apoi, în data de joi, 22.06.2017, la cererea reclamantei, i s-a comunicat acesteia, sub semnătură, copie după sentință, la arhiva instanței. În aceste condiții:","A. apelanta va solicita repunerea în termenul de apel, având în vedere că întârzierea s-a datorat unor motive temeinic justificate
B. prin raportare la data comunicării efective, apelul a fost declarat în termen, nefiind necesară repunerea în termen
C. în mod greșit s-a exercitat calea de atac a apelului, sentința fiind susceptibilă de recurs față de valoarea obiectului cererii",B
"55.  În cazul căii de atac a recursului, spre deosebire de calea de atac a apelului:","A. în toate cazurile, recursul suspendă de drept executarea hotararii atacate
B. recursul poate fi exercitat numai pentru motive de nelegalitate
C. în instanţa de recurs nu se pot produce noi probe, cu excepţia înscrisurilor noi",BC
56.  În cazul revizuirii pentru hotărâri potrivnice:,"A. cererea se judecă de instanță mai mare în grad față de instanța care a dat a doua hotărâre
B. aceasta nu poate fi cerută și în cazul în care hotărârile potrivnice au fost date de aceeaşi instanță, în dosare diferite
C. nu este obligatoriu ca hotărârile potrivnice să fi evocat fondul cauzei",C
"57.  Prin cererea de divorț înregistrată la Judecătoria Bacău, reclamantul A., cetățean român cu reședința în Spania, cheamă în judecată pe soția sa B, cetățean român care locuiește în Israel, pentru ca instanța de judecată să dispună desfacerea căsătoriei dintre soți, din culpă comună. Reclamantul motivează că soții sunt despărțiți în fapt de peste 3 ani, dar au avut ultimul domiciliu comun în Bacău. Prin întâmpinarea formulată în termen legal, pârâta nu invocă excepția necompetenței teritoriale a Judecătoriei Bacău, ci face doar apărări de fond. În aceste condiții:","A. judecătoria Bacău este îndreptățită să invoce din oficiu excepția necompetenței teritoriale, în vederea declinării competenței în favoarea Judecătoriei Sectorului 5 Bucureşti
B. este necesar ca acordul părţilor cu privire la alegerea instanţei care urmează a soluţiona acţiunea de divorţ să fie exprimat expres fie în formă scrisă, anterior învestirii instanţei, fie verbal în faţa instanţei, în situaţia în care litigiul este pendinte
C. acordul pârâtei privind alegerea reclamantului ca litigiul să fie soluţionat de o anume instanță va fi dedus din conduita procesuală a persoanei B, care nu s-a opus expres ca acţiunea de divorţ să fie soluţionată de Judecătoria Bacău",AB
58.  Întoarcerea executării silite:,"A. se poate dispune numai de către instanţa care a dispus desfiinţarea titlului executoriu sau a executării silite însăşi, neputând fi solicitată pe cale separată
B. se poate dispune la cererea părţii interesate sau a executorului judecătoresc
C. de regulă, implică restituirea bunurilor asupra cărora s-a făcut executarea celui îndreptăţit, fără însă a se aduce atingere drepturilor definitiv dobândite de terţii de bună-credinţă",C
"59.  În ceea ce priveşte suspendarea executării silite, în cadrul contestaţiei la executare:","A. de regulă, pentru a se dispune suspendarea executarii silite, cel care o solicită trebuie sa dea în prealabil o cauţiune
B. asupra cererii de suspendare a executării silite, instanţa, în toate cazurile, se va pronunţa prin sentință
C. suspendarea executării silite se soluţionează printr-o încheiere care poate fi atacată numai cu apel în mod separat, în termen de 5 zile de la pronunţare pentru partea prezentă, respectiv de la comunicare pentru cea lipsă",A
"60.  Prin cererea înregistrată la Judecătoria Mangalia, contestatoarea A, a chemat în judecată intimații B și  C, solicitând instanței ca prin hotărârea ce se va pronunța, să dispună, pe calea contestației la executare, anularea somației și a executării silite începute în dosarul execuțional XX. În motivarea cererii, contestatoarea A a arătat că la cererea creditorului C, s-a format dosarul de executare nr. XX (al Biroului Executorului Judecatoresc B.E.), că în cadrul acestui dosar soțul său, intimatul B, a fost somat să fie prezent la data stabilită de executor în vederea punerii în executare a sentinței civile nr. YY prin care Judecătoria Mangalia a admis acțiunea în revendicare și grănițuire formulată de reclamantul C împotriva pârâtului B, acesta din urmă fiind obligat să lase în deplină proprietate o suprafata de 30 mp teren, totodată instanța stabilind și limitele dintre proprietățile părților. De asemenea, contestatoarea A a motivat cererea prin faptul că terenul care constituie obiectul executării silite și care a făcut obiectul judecății, este bun comun, aflat în coproprietatea sa și a soțului B, depunând în acest sens la dosar copia titlui de proprietate-contract de vanzare cumparare care atestă că în timpul căsătoriei cei doi soţi au dobândit în proprietate terenul. Intimatul C, prin întâmpinare, a solicitat respingerea contestației la executare invocând lipsa calității procesual active a contestatoarei, care nu a fost parte în procesul în care s-a pronunțat sentința civilă care este titlul executoriu. Soluția instanței va fi:","A. admite excepția lipsei calității procesual active a contestatoarei și dispune respingerea  contestației la executare ca fiind formulată de o persoană fără calitate procesuală activă
B. constata că în cauză contestatoarea A  justifică calitatea procesuala fiind un terț vătămat prin executarea începută, respinge excepția invocată şi admite contestaţia dispunând anularea tuturor formelor de executare
C. respinge contestația la executare ca lipsită de  interes",B
61.  În situația succesiunii de legi penale:,"A. dacă atât legea nouă, cât și legea veche prevăd aceleași limite ale pedepsei închisorii, se va aplica întotdeauna legea veche sub imperiul căreia a fost săvârșită fapta
B. este mai favorabilă legea care prevede existența unor condiții la punerea în mișcare sau exercitarea acțiunii penale
C. este mai favorabilă legea care limitează sfera de aplicare a unei cauze de nepedepsire",B
"62.  A.B., cetățean român, este tras la răspundere penală de către Parchetul de pe lângă Tribunalul Bihor pentru săvârșirea pe teritoriul Republicii Ungare a infracțiunii de omor (ar 188 C.p. român) în forma tentativei. Apărarea lui A.B. poate fi considerată admisibilă în următoarele situații:","A. fiind comisă în forma tentativei, pedeapsa prevăzută de legea română pentru fapta săvârșită nu este închisoarea mai mare de 10 ani și nu s-a verificat îndeplinirea condiției dublei incriminari (incriminarea faptei și de către legea ungară)
B. punerea în mişcarea a acţiunii penale nu are autorizarea prealabilă a procurorului general competent, emisă în timp util
C. competența de tragere a sa la răspundere penală aparține exclusiv autorităților judiciare maghiare, potrivit principiului teritorialității legii penale",B
63.  În situația în care inculpatul a săvârșit 3 infracțiuni sub imperiul C. 1969 și două infracțiuni sub imperiul NCP:,"A. instanța va aplica legea penală mai favorabilă în mod global, atât cu privire la fiecare infracțiune, cât și cu privire la operațiunea de contopire a pedepselor
B. instanța va determina legea mai favorabilă cu privire la infracțiunile săvârșite sub legea veche și cu privire la operațiunea de contopire a pedepselor, iar pentru infracțiunile comise ulterior datei de 1 februarie 2014 va aplica NCP
C. instanța va determina legea mai favorabilă pentru infracțiunile comise sub imperiul legii vechi (identificată ca fiind legea nouă sau legea veche), în timp ce pentru infracțiunile comise după 1 februarie 2014 și pentru operațiunea de contopire a pedepselor va aplica NCP",C
64.  În situația în care este incidentă legitima apărare:,"A. se înlătură răspunderea civilă
B. se poate aplica o măsură de siguranță
C. nu se poate aplica o pedeapsă",AC
65.  Poate reprezenta cauză de neimputabilitate:,"A. consimţământul persoanei vătămate de a-i fi excizate, în scop estetic, mai multe fâșii de piele pentru a dobândi astfel un aspect dungat, rănile fiind colorate ulterior prin impregnare cu o vopsea permanentă
B. constrângerea morală în urma căreia făptuitorul a sustras dintr-un magazin cu autoservire și a consumat pe loc o pâine caldă întrucât era flămând, iar mirosul era deosebit de ispititor
C. fapta prevăzută de legea penală a fost comisă printr-o acțiune ce nu putea fi controlată din cauza intoxicării involuntare acute a făptuitorului cu ciuperci halucinogene",C
66.  Infracțiunea de furt calificat se săvârșește în forma tentativei dacă:,"A. X a pătruns prin efracție în curtea lui Y, a luat mai multe bunuri de valoare din casă, apoi le-a îngropat în curte în așa fel încât să nu fie găsite de Y, cu intenția de a se întoarce după ele ulterior
B. X a pătruns în locuința lui Y cu intenția de a sustrage bunuri dar, întrucât nu a găsit nimic de valoare, a plecat
C. X a pătruns în curtea unui depozit prin escaladare, a sustras o bormașină, dar, când încerca să sară gardul pentru a pleca, este oprit de paznic și predat autorităților",B
"67.  X a fost condamnat pentru săvârșirea unei infracțiuni la pedeapsa închisorii de 2 ani, a cărei executare a fost suspendată sub supraveghere. În termenul de supraveghere comite o infracțiune din culpă pentru care legea prevede pedeapsa închisorii de 5 ani. În acest caz:","A. noua infracțiune este comisă în stare de recidivă
B. este obligatorie revocarea suspendării sub supraveghere
C. nu poate fi dispusă anularea suspendării sub supraveghere în această situație",C
68.  Este adevărat următorul enunț:,"A. măsurile de siguranţă de natură diferită sau chiar de aceeaşi natură, dar cu un conţinut diferit, luate în cazul infracţiunilor săvârşite în concurs, se cumulează
B. dacă s-au stabilit mai multe pedepse complementare de aceeaşi natură şi cu acelaşi conţinut, în caz de concurs de infracţiuni sau de pluralitate intermediară se aplică cea mai grea dintre acestea
C. în cazul concursului de infracţiuni, dacă s-au luat mai multe măsuri de siguranţă de aceeaşi natură şi cu acelaşi conţinut, dar pe durate diferite, se aplică măsura de siguranţă cu durata cea mai mare la care se adaugă o treime din totalul duratelor celorlalte măsuri",AB
69.  În cazul în care s-a dispus condamnarea pentru un concurs de infracțiuni la o pedeapsă privativă de libertate:,"A. termenul de reabilitare va curge de la data liberării condiționate și se va determina în funcție de pedeapsa rezultantă
B. termenul de reabilitare va curge de la data executării sau considerării ca executată a pedepsei rezultante și se va determina în funcție de pedeapsa rezultantă
C. termenul de reabilitare va curge de la data executării sau considerării ca executată a pedepsei rezultante și se va determina în funcție de pedeapsa cea mai grea aplicată oricăreia dintre infracțiunile concurente",B
"70.  Inculpatul B. a săvârşit două infracţiuni în concurs real, dintre care una în timpul minorităţii şi una după majorat. Tratamentul sancționator este cel corect atunci când:","A. dacă măsura educativă dispusă pentru infracțiunea comisă în timpul minorității este neprivativă de libertate, se execută numai pedeapsa aplicată infrațiunii comise după majorat
B. dacă măsura educativă este privativă de libertate, iar pedeapsa este amenda, se execută măsura educativă, a cărei durată se majorează cu cel mult 3 luni, fără a depăşi maximul prevăzut de lege pentru aceasta
C. dacă măsura educativă este privativă de libertate, iar pedeapsa este închisoarea, se aplică pedeapsa închisorii, care se majorează cu o durată egală cu cel puţin o treime din durata măsurii educative ori din restul rămas neexecutat din aceasta la data săvârşirii infracţiunii comise după majorat, scăzându-se din durata pedepsei aplicate ceea ce s-a executat din momentul săvârşirii infracţiunii comise după majorat până la data judecării, dar nu se poate dispune suspendarea executării sub supraveghere",A
71.  Individualizarea pedepsei amenzii aplicate pentru o infracțiune comisă de o persoană juridică se realizează astfel:,"A. numărul zilelor amendă se stabilește în funcție de cifra de afaceri sau valoarea activului patrimonial, în funcție de tipul persoanei juridice
B. cuantumul unei zile-amendă se stabilește în funcție de criteriile generale de individualizare a pedepsei
C. instanța poate dispune majorarea limitelor speciale ale zilelor amendă dacă, prin comiterea infracțiunii, persoana juridică a urmărit obținerea unui folos patrimonial",C
"72.  Inculpatul A.B. a pătruns într-o după-amiază, prin efracție, în locuința fostei concubine (C.D.), cu care avea un copil minor, și a găsit-o pe aceasta dormind împreună cu cei 3 copii minori, cu vârste cuprinse între 1 și 5 ani, dintre care doi copii pe care concubina îi avea din relații anterioare. A.B. a turnat peste așternuturile cu care erau înveliți cei 4, pe covorul și mobilierul din cameră conținutul unei canistre de 20 l plină cu benzină pe care și-o procurase și o adusese special în acest scop, aprinzând apoi focul și părăsind în grabă locul faptei. Trezită de focul izbucnit, C.D. a reușit să scoată copiii din cameră, suferind arsuri de gradele 2 și 3 pe 20% din suprafața corporală și intoxicație cu fum (vătămări pentru care a avut nevoie de 60 de zile de îngrijiri medicale), iar cei 3 copii au suferit intoxicații cu fum (pentru care au avut nevoie de câte 3 zile de îngrijiri medicale), viețile celor 4 victime fiind puse în pericol. Încadrări juridice corecte, chiar dacă incomplete, sunt:","A. violare de domiciliu, tentativă de omor calificat (cu premeditare, asupra a două sau mai multor persoane, cu cruzimi), loviri sau alte violențe (asupra copiilor), vătămare corporală (asupra lui C.D., arsurile suferite fiind nevindecabile complet și cauzând un prejudiciu estetic grav şi permanent), distrugere agravată, cu reținerea următoarelor circumstanțe agravante: săvârşirea infracţiunii prin cruzimi, prin metode sau mijloace de natură să pună în pericol alte persoane ori bunuri și profitând de starea de vădită vulnerabilitate a persoanei vătămate, datorată vârstei, stării de sănătate, infirmităţii sau altor cauze
B. violare de domiciliu, tentativă de omor calificat (cu premeditare, asupra a două sau mai multor persoane, cu cruzimi, reținându-se săvârșirea faptei asupra unui membru de familie), distrugere agravată, cu reținerea următoarelor circumstanțe agravante: săvârşirea infracţiunii prin metode sau mijloace de natură să pună în pericol alte persoane ori bunuri și profitând de starea de vădită vulnerabilitate a persoanei vătămate, datorată vârstei, stării de sănătate, infirmităţii sau altor cauze
C. tentativă de omor calificat (asupra a două sau mai multor persoane), loviri sau alte violențe (asupra copiilor), vătămare corporală (asupra lui C.D., arsurile suferite fiind nevindecabile complet și cauzând un prejudiciu estetic grav şi permanent), distrugere agravată, cu reținerea următoarelor circumstanțe agravante: săvârşirea infracţiunii prin cruzimi, prin metode sau mijloace de natură să pună în pericol alte persoane ori bunuri și profitând de starea de vădită vulnerabilitate a persoanei vătămate, datorată vârstei, stării de sănătate, infirmităţii sau altor cauze, de către un major asupra unui minor",B
"73.  Inculpatul s-a deplasat la locuința persoanei vătămate unde s-a prezentat ca fiind reprezentantul firmei de distribuție a gazelor naturale și trebuie să verifice siguranța instalațiilor. După ce i s-a permis accesul în locuință, a solicitat un pahar cu apă și, profitând de faptul că a rămas singur în încăpere, a sustras un portmoneu cu bani aflat pe mobilier, iar apoi a părăsit în fugă locuința persoanei vătămate. În această situație, inculpatul:","A. va răspunde pentru fals privind identitatea, violare de domiciliu și furt calificat
B. va răspunde pentru violare de domiciliu în formă agravată și furt simplu
C. va răspunde pentru furt calificat",C
"74.  Inculpatul, aflat la volanul autoturismului, a condus cu viteză excesivă, iar într-o curbă a pătruns pe contrasens și a intrat în impact frontal cu autoturismul care circula din sens opus. În urma impactului a rezultat decesul a două persoane și vătămarea altor două, dintre care una a avut nevoie de peste 110 zile de îngrijiri medicale, cealaltă a avut nevoie de 50 de zile de îngrijiri medicale. În această situație:","A. inculpatul va răspunde pentru o infracțiune de ucidere din culpă și o infracțiune de vătămare corporală din culpă
B. inculpatul va răspunde pentru două infracțiuni de ucidere din culpă și două infracțiuni de vătămare corporală din culpă
C. inculpatul va răspunde pentru două infracțiuni de ucidere din culpă și o infracțiune de vătămare corporală din culpă",A
"75.  În sarcina inculpatului B.G. s-a reţinut că a adresat o scrisoare primului ministru în care a arătat mai multe fapte comise de numitul C.G., care, dacă ar fi fost adevărate, ar fi intrat sub incidenţa prevederilor art. 297 C.p. (abuz în serviciu). În acest memoriu, inculpatul a prezentat date generale despre activitatea unui funcţionar public, dintre care unele au o tentă penală, şi a solicitat în mod expres ca problematica invocată să fie verificată, indicând şi numele unei persoane care deţinea probe cu privire la faptele sesizate. În această situaţie:","A. fapta constituie infracţiunea de inducere în eroare a organelor judiciare (art. 268 alin. 1 C.p.) şi autorul va răspunde penal pentru ea
B. fapta nu constituie infracţiune
C. fapta este prevăzută de legea penală (inducerea în eroare a organelor judiciare, art. 268, alin. 1 C.p.), dar nu este săvârşită cu forma de vinovăţie cerută de lege",B
"76.  Inculpatul B. a fost arestat preventiv pentru săvârșirea infracțiunii de tâlhărie calificată (art. 234 alin. 1 C.p.), constatându-se că mai avea un rest neexecutat de 1.073 de zile de închisoare dintr-o pedeapsă anterioară. A.B. evadează din starea de arest preventiv și săvârșește o infracțiune de furt, fiind prins apoi la scurt timp. Presupunând că A.B. va fi găsit, în faza de judecată, vinovat atât pentru tâlhărie, cât și pentru evadare și furt, pedeapsa ce-i va putea fi aplicată va fi:","A. pedeapsa pentru infracțiunile concurente de tâlhărie, evadare și furt, ale căror limite speciale de pedeapsă au fost majorate cu jumătate, care se adaugă la restul neexecutat de 1.073 zile de închisoare
B. pedeapsa rezultantă aplicată pentru infracțiunile concurente de tâlhărie, evadare și furt, care se adaugă la restul neexecutat de 1.073 zile de închisoare
C. pedeapsa rezultantă aplicată pentru infracțiunile concurente de tâlhărie și furt, care se adaugă la restul neexecutat de 1.073 zile de închisoare din pedeapsa anterioară și apoi se adaugă pedeapsa pentru evadare",B
"77.  Inculpatul a determinat victima să-l însoțească în apartamentul său, după care, prin constrângere, a întreținut cu aceasta raporturi sexuale. Pentru a nu fi reclamat la poliție și a ascunde fapta, inculpatul a ucis victima. În aceasta situație:","A. inculpatul va răspunde pentru infracțiunea de viol în concurs cu cea de omor calificat
B. inculpatul va răspunde pentru infracțiunea de viol urmat de moartea victimei
C. inculpatul va răspunde pentru infracțiunea de omor calificat",A
"78.  S-a reţinut că în noaptea de 15/16 decembrie 2016 inculpatul s-a întâlnit în oraş cu numiţii U.G. şi T.D., hotărând să participe la discoteca organizată în localitatea E., jud.C. După miezul nopţii s-au întors în localitatea de domiciliu şi, pe când se deplasau pe strada X, au fost opriţi de o patrulă a jandarmeriei care a solicitat însoţitorilor inculpatului date referitoare la provenienţa bunurilor aflate asupra lor. De precizat că U. G. şi T. D. au fost trimişi ulterior în judecată pentru comiterea infracţiunii de furt. În acest context, inculpatul şi-a declinat o identitate nereală, declarând că se numeşte U.G., cu data naşterii şi adresa domiciliului fictive, date inserate de jandarmi în procesul verbal de depistare. Declaraţiile numiţilor U.G. şi T.D., precum și înscrisul amintit susţin situaţia de fapt prezentată prin actul de inculpare. Inculpatul a recunoscut fapta motivând comiterea ei pe considerentul că s-a pierdut faţă de „bâlbâielile” prietenilor chestionaţi cu privire la provenienţa bunurilor şi că întârziase acasă fără acordul părinților, dar că nu a intenționat altceva decât să ascundă situația în fața părinților. Ce încadrare juridică a faptei inculpatului va fi reținută:","A. fals privind identitatea (art. 327 C.p.)
B. fals în declarații (art. 326 C.p.)
C. complicitate la fals intelectual (art. 321 C.p.), comis în participație improprie (jandarmii acționând fără vinovăție)",B
79.  Durata măsurii preventive privative de libertate se deduce din:,"A. durata pedepsei închisorii pronunțate
B. pedeapsa amenzii pronunțate ca pedeapsă unică
C. se poate deduce la alegere, fie din durata pedepsei închisorii, fie din pedeapsa amenzii, în cazul amenzii care însoțește pedeapsa închisorii",AB
"80.  Tribunalul Neamţ a condamnat inculpatul B.I. la 15 ani închisoare pentru comiterea infracţiunii de omor calificat, prevăzută de art. 188 rap. la art. 189 alin. 1, lit. f) C.p. – asupra a două sau mai multor persoane. S-a reţinut că inculpatul, după ce a consumat băuturi alcoolice împreună cu victimele M.A., M.V. şi B.F. în locuinţa acestuia din urmă, datorită unor neînţelegeri ce s-au ivit, l-a lovit de mai multe ori pe M.V. cu un cuţit, provocându-i un „politraumatism cu multiple plăgi abdominale şi hematorax”, care l-au adus pe acesta în stare de inconştienţă. Inculpatul l-a târât pe M.V. în faţa porţii, unde l-a abandonat, fiind o seară caldă. La întoarcerea în locuinţă, M.A. şi B.F. i-au reproşat inculpatului atitudinea sa violentă, motiv pentru care acesta i-a luat la bătaie şi i-a lovit pe rând cu un cuţit, provocându-le mai multe plăgi toracice, secţionarea unor coaste şi plăgi ale coapselor, leziuni care au impus internarea lor de urgenţă în spital. În dimineaţă zilei următoare, victima M.V. a fost găsită moartă, în timp ce pentru M.A. şi B.F. au fost necesare 15 şi, respectiv, 8 zile de îngrijiri medicale pentru vindecare, raporturile medico-legale menţionând că viaţa nu le-a fost pusă în pericol. Încadrarea juridică a faptelor:","A. este corectă, făptuitorul acționând cu intenția de a ucide mai multe persoane și reușind să suprime viața uneia dintre victime, tentativa de omor calificat față de victimele M.A. și B.F. fiind astfel absorbită în faptul consumat
B. este greșită, fiind suprimată viața unei singure persoane, nu s-a consumat infracțiunea de omor calificat în varianta comiterii ei asupra a două sau mai multor persoane, astfel că trebuia reținută infracțiunea de omor (art. 188 C.p.) asupra lui M.V. în concurs cu infracțiunea de omor calificat [(art. 188 raportat la art. 189, alin. 1, lit. (f)] în forma tentativei față de victimele M.A. și B.F.
C. este greșită, fiind suprimată viața unei singure persoane, nu s-a consumat infracțiunea de omor calificat în varianta comiterii ei asupra a două sau mai multor persoane, ci doar infracțiunea de omor (art. 188 C.p.), astfel că trebuia reținută infracțiunea de omor (art. 188 C.p.) asupra lui M.V.în concurs cu două infracțiuni de loviri sau alte violențe (art. 193 alin. 2 C.p.) față de victimele M.A. și B.F., cărora, potrivit rapoartelor medico-legale, nu li s-a pus în concret viața în primejdie",B
81.  În cazul renunţării la urmărirea penală:,"A. ordonanţa prin care s-a dispus renunţarea nu se comunică niciodată persoanei vătămate
B. judecătorul de cameră preliminară care soluţionează cererea de confirmare a ordonanţei de renunţare poate administra înscrisuri noi în această procedură
C. soluţionând cererea de confirmare a ordonanţei judecătorul de cameră preliminară poate desfiinţa soluţia de renunţare şi dispune clasarea",BC
82.  Judecătorul de drepturi şi libertăţi:,"A. poate audia anticipat un martor doar dacă în cauză a fost pusă în mişcare acţiunea penală
B. încuviinţează cererea de efectuare a percheziţiei domiciliare în cursul urmăririi penale
C. poate dispune prelungirea măsurii controlului judiciar în cursul urmăririi penale",B
83.  În cazul în care instanţa penală dispune disjungerea acţiunii civile:,"A. soluţionarea acţiunii civile va trece în competenţa instanţei civile
B. soluţionarea acţiunii civile se va suspenda în mod obligatoriu
C. probele administrate până la disjungere pot fi folosite la soluţionarea acţiunii civile disjunse",C
"84.  În cursul urmăririi penale, persoana vătămată:","A. are dreptul de a fi informată cu privire la drepturile sale
B. are dreptul de a adresa întrebări martorilor
C. are dreptul de a participa la toate procedurile desfăşurate în faţa judecătorului de drepturi şi libertăţi",AB
85.  În procedura de cameră preliminară:,"A. fixarea unui termen pentru înfăţişarea părţilor în camera de consiliu este obligatorie în toate situaţiile
B. se poate dispune strămutarea cauzei
C. este obligatorie asistenţa juridică a inculpatului trimis în judecată pentru o faptă pentru care legea prevede pedeapsa închisorii mai mare de 5 ani",BC
86.  În cursul judecăţii:,"A. persoanele ale căror bunuri sunt supuse confiscării pot pune concluzii pe acţiunea penală chiar dacă nu participă în proces în calitate de părţi
B. procurorul nu poate ridica excepţii
C. instanţa se poate pronunţa din oficiu cu privire la luarea unei măsuri preventive",C
87.  Suspendarea judecăţii:,"A. nu înlătură obligaţia instanţei de a verifica periodic subzistenţa temeiurilor care au determinat luarea măsurii controlului judiciar
B. se dispune prin încheiere ce poate fi atacată cu contestaţie şi de către persoana vătămată, dacă este provocată de declanşarea procedurii de mediere, în condiţiile legii
C. este o măsură obligatorie în caz de extrădare activă",AB
88.  Mandatul de aducere:,"A. se emite în cursul urmăririi penale doar de către judecătorul de drepturi şi libertăţi
B. nu poate fi emis cu privire la un suspect care nu a fost în prealabil chemat prin citaţie
C. poate fi executat şi prin organele de ordine publică",C
89.  Suspectul:,"A. poate fi reţinut de organul de cercetare penală doar dacă ordonanţa de reţinere este confirmată de procurorul care supraveghează urmărirea penală
B. nu poate fi audiat anticipat de către judecătorul de drepturi şi libertăţi
C. are dreptul să solicite consultarea dosarului înainte de a fi audiat",BC
"90.  După emiterea ordonanţei de punere în mişcare a acţiunii penale pentru săvârşirea infracţiuni de ucidere din culpă, inculpatul AB, minor în vârstă de 15 ani, solicită încheierea unui acordul de recunoaştere a vinovăţiei. În această situaţie, acordul de recunoaştere a vinovăţiei:","A. se poate încheia doar dacă priveşte o măsură educativă neprivativă de libertate
B. nu poate fi încheiat întrucât priveşte o faptă ce a avut ca urmare moartea victimei
C. poate fi încheiat numai cu încuviinţarea reprezentantului legal al minorului, în condiţiile legii",C
91.  Pe rolul Judecătoriei Sectorului 3 Bucureşti se află cauza având ca obiect judecarea infracţiunii de furt săvârşită de către inculpatul AR. După începerea judecăţii în primă instanţă:,"A. contestaţia împotriva încheierii prin care instanţa dispune suspendarea judecăţii ca urmare a bolii grave a inculpatului se va soluţiona de către Tribunalul Bucureşti
B. contestaţia împotriva încheierii prin care instanţa dispune menţinerea măsurii controlului judiciar luată faţă de inculpatul AR se va soluţiona de către Curtea de Apel Bucureşti
C. contestaţia împotriva încheierii prin care instanţa dispune luarea unei măsuri asigurătorii se va soluţiona de către Tribunalul Bucureşti",AC
92.  Condamnatul AB formulează cerere de reabilitare pentru hotărârea de condamnare la pedeapsa închisorii de 3 ani cu executare pronunţată de Tribunalul Bucureşti în primă instanţă şi rămasă definitivă la data de 10.2005 pentru săvârşirea infracţiunii de abuz în serviciu. În cauză:,"A. competenţa de soluţionare a cererii aparţine Judecătoriei în a cărei circumscripţie domiciliază condamnatul
B. dacă intervine decesul condamnatului înainte de soluţionarea cererii rudele sale apropiate pot continua procedura de reabilitare
C. sentinţa prin care se rezolvă cererea de reabilitare este supusă apelului în termen de 10 zile de la comunicare",B
93.  În cauza înregistrată sub nr.72/P/2016 urmărirea penală se efectuează faţă de inculpatul CV sub aspectul săvârşirii infracţiunii de loviri şi alte violenţe de către organele de cercetare penală din cadrul Secţiei 8 Poliţie sub supravegherea procurorului din cadrul Parchetului de pe lângă Judecătoria Sectorului 2. În cauză:,"A. organele de cercetare penală pot dispune schimbarea încadrării juridice a faptei reţinute în sarcina inculpatului fără a fi necesar ca ordonanţa să fie supusă confirmării procurorului care supraveghează urmărirea penală
B. organele de cercetare penală pot extinde acţiunea penală faţă de inculpat
C. organele de cercetare penală pot sesiza judecătorul de drepturi şi libertăţi în vederea audierii anticipate a persoanei vătămate",A
94.  În cauza penală înregistrată pe rolul Parchetului de pe lângă ÎCCJ privind săvârşirea de către X a infracţiunii de omor rechizitoriul este întocmit de către procurorul Şef Secţie Urmărire Penală şi Criminalistică. În această situaţie:,"A. rechizitoriul nu mai trebuie verificat sub aspectul legalităţii şi temeiniciei
B. în cauză procurorul nu avea obligaţia să întocmească referat de terminare a urmăririi penale
C. rechizitoriul trebuie verificat sub aspectul legalităţii şi temeiniciei de către procurorul general al Parchetului de pe lângă ÎCCJ",BC
"95.  Prin rechizitoriul întocmit de către Direcţia Naţională Anticourpţie s-a dispus trimiterea în judecată în stare de arest a inculpaţilor AB, CD şi EF pentru săvârşirea infracţiunii de luare de mită. În urma verificării legalităţii şi temeiniciei măsurilor preventive judecătorul de cameră preliminară a dispus revocarea măsurii arestării preventive faţă de toţi cei trei inculpaţi, fără luarea vreunei alte măsuri. Pentru primul termen de judecată fixat în cauză după parcurgerea procedurii de cameră preliminară procedura de citare a inculpatului AB nu a fost legal îndeplinită. Această nelegalitate survenită în procedura de citare va fi acoperită, chiar dacă inculpatul lipseşte, prin prezenţa la termen:","A. a reprezentantului inculpatului AB, în orice situaţie
B. a avocatului ales al inculpatului AB, în orice situaţie
C. a avocatului desemnat din oficiu pentru inculpatul AB, în orice situaţie",AB
"96.  Cauza privind săvârşirea infracţiunii de fals în înscrisuri sub semnătură privată săvârşită de către X, judecător în cadrul Judecatoriei Ploieşti, se află pe rolul Curţii de Apel Bucureşti în cursul judecăţii în primă instanţă. Excepţia de necompetenţă teritorială a Curţii de Apel Bucureşti:","A. nu poate fi invocată din oficiu de către instanţa de judecată
B. va fi respinsă ca tardivă dacă este invocată de inculpat după audierea părţii civile
C. va fi respinsă ca inadmisibilă dacă este invocată de persoana vătămată",B
"97.  Prin încheierea pronunţată de judecătorul de drepturi şi libertăţi din cadrul Înaltei Curţi de Casaţie şi Justiţie a fost respinsă propunerea de prelungire a arestării preventive a inculpatului X, cercetat de către Direcţia Naţională Anticorupţie şi aflat în arest preventiv în cauză de 160 de zile. Prin aceeaşi încheiere, în mod legal, judecătorul de drepturi şi libertăţi:","A. poate dispune înlocuirea măsurii arestării preventive cu măsura arestului la domiciliu faţă de inculpat pentru o perioadă de 30 de zile
B. poate dispune înlocuirea măsurii arestării preventive cu măsura controlului judiciar faţă de inculpat pentru o perioadă de 30 de zile
C. poate dispune înlocuirea măsurii arestării preventive cu măsura controlului judiciar faţă de inculpat pentru o perioadă de 60 de zile",BC
"98.  Pe rolul Curţii de Apel X se află, în etapa judecăţii în primă instanţă, cauza având ca obiect săvârşirea infracţiunii de vătămare corporală din culpă săvârşită de către RD, avocat în Baroul Bucureşti. În cursul urmăririi penale, persoana vătămată AB s-a constituit parte civilă pentru repararea prejudiciului moral constând în suferinţa provocată prin vătămarea sa. Până la terminarea cercetării judecătoreşti în cauză:","A. AB îşi poate mări întinderea pretenţiilor solicitate iniţial pentru repararea prejudiciului moral
B. AB poate renunţa în mod legal la pretenţiile civile formulate
C. AB poate reveni asupra renunţării la pretenţiile civile",AB
99.  Prin sentinţa penală nr.X din 16 martie 2017 Tribunalul Bucureşti a dispus condamnarea inculpatului SG pentru infracţiunea de luare de mită fără să se pronunţe şi cu privire la fapta de abuz în serviciu pentru care inculpatul fusese trimis în judecată. Judecând apelul declarat în termen de persoana vătămată cu privire la această omisiune:,"A. instanţa de apel va respinge apelul ca inadmisibil
B. instanţa de apel va admite apelul, va dispune desfiinţarea sentinţei şi rejudecarea de către Tribunalul Bucureşti
C. instanţa de apel va admite apelul, va desfiinţa sentinţa şi rejudecând, se va pronunţa cu privire la ambele fapte",B
"100.  Împotriva încheierii prin care, în cursul judecăţii, prima instanţă a dispus luarea măsurii controlului judiciar pe cauţiune faţă de inculpatul AB, trimis în judecată pentru infracţiunea de abuz în serviciu, în termenul prevăzut de lege, formulează contestaţie inculpatul AB. Soluţionând contestaţia, singura declarată în cauză, instanţa competentă:","A. poate dispune luarea măsurii arestului la domiciliu, dacă sunt îndeplinite condiţiile prevăzute de lege
B. poate modifica obligaţiile din conţinutul măsurii contestate, fără a-i agrava situaţia inculpatului
C. poate dispune luarea măsurii arestării preventive, dacă sunt îndeplinite condiţiile prevăzute de lege",B
