1.  Calitatea de avocat încetează:,"A. dacă împotriva avocatului a început urmărirea penală, în condiţiile legii, pentru o faptă săvârşită în legătură cu exerciţiul profesiei de avocat
B. dacă avocatul a fost trimis în judecată pentru săvârşirea unei fapte prevăzută de legea penală, în legătură cu exerciţiul profesiei de avocat
C. dacă avocatul a fost condamnat definitiv pentru o faptă prevăzută de legea penală şi care îl face nedemn de a fi avocat, conform legii",C
"2.  În exerciţiul profesiei, avocaţii:","A. nu sunt, în nicio situaţie, asimilaţi funcţionarilor publici
B. sunt asimilaţi întodeauna funcţionarilor publici
C. pot fi asimilaţi funcţionarilor publici în situaţia în care atestă identitatea părţilor, a conţinutului sau datei unui act juridic",C
"3.  Împotriva încheierii instanţei disciplinare, prin care s-a luat măsura suspendării avocatului din exerciţiul profesiei, până la judecarea definitivă a cauzei disciplinare în care acesta are calitatea de parte, se poate declara recurs:","A. în termen de 5 zile de la comunicarea încheierii, recursul fiind suspensiv de executare
B. în termen de 15 zile de la comunicarea încheierii, recursul fiind suspensiv de executare
C. în termen de 5 zile de la comunicarea încheierii, recursul nefiind suspensiv de executare",A
"4.  Avocatul nu poate fi obligat, în nicio circumstanţă şi de către nicio persoană, să divulge secretul profesional, mai puţin în una sau mai multe din următoarele situaţii:","A. în toate cazurile, dacă avocatul are acordul clientului
B. dacă avocatul este urmărit penal sau cercetat disciplinar, în legătură cu faptele şi/sau actele cunoscute în timpul exercitării profesiei, dacă urmărirea ori cercetarea priveşte respectivele acte sau fapte, după caz
C. atunci când există o contestaţie în privinţa onorariului convenit de avocat cu clientul său şi numai în folosul exclusiv al apărării avocatului, în cadrul procedurii aferente soluţionării respectivei contestaţii",BC
"5.  Pot accede în profesia de avocat, cu scutire de examen, printre alţii:","A. foştii magistraţi-asistenţi de la Înalta Curte de Casaţie şi Justiţie, după încetarea funcţiei deţinute, din motive neimputabile lor
B. foştii procurori ai Parchetului de pe lângă Înalta Curte de Casaţie şi Justiţie, după încetarea funcţiei deţinute, din motive, neimputabile lor
C. foştii judecători ai Curţii Europene a Drepturilor Omului, după încetarea funcţiei deţinute, din motive neimputabile lor",C
"6.  Este incompatibilă cu exerciţiul profesiei de avocat, dacă legi speciale nu prevăd altfel, una sau mai multe din următoarele situaţii:","A. cumpărarea unor imobile, în scopul revânzării lor, în baza unei autorizaţii administrative de desfăşurare a unei astfel de activităţi, autorizaţie eliberată de organul competent, pentru o perioadă de 3 ani
B. exercitarea funcţiei de administrator, pe care un avocat o deţine într-o societate cu răspundere limitată, în care asociat unic este Casa de Asigurări a Avocaţilor
C. deţinerea calităţii de acţionar într-o societate pe acţiuni, în care, printre alţii, are calitatea de acţionar şi U.N.B.R.",AB
"7.  Ca formă de exercitare a profesiei de avocat, societatea civilă cu răspundere limitată:","A. este constituită prin asocierea a cel puţin doi avocaţi definitivi, indiferent dacă aceştia deţin sau nu ori dacă aparţin sau nu unei alte forme de exercitare a profesiei, sub condiţia ca, după constituirea societăţii, cei implicaţi să renunţe la anterioara formă de exercitare a profesiei
B. deţine o clientelă, care nu aparţine avocaţilor asociaţi, astfel că, în caz de retragere din societate a vreunuia dintre ei, clientela iniţial aportată rămâne în proprietatea societăţii
C. are un patrimoniu de afectaţiune, însă avocaţii asociaţi, care îşi exercită profesia în cadrul ei, răspund personal, în limita aportului social al fiecăruia",AC
8.  Adunarea generală de alegere a decanului baroului:,"A. este legal constituită numai în prezenţa majorităţii membrilor săi, cu excepţia celei de a doua convocări, când adunarea este legal constituită cu participarea a cel puţin o treime din numărul total de membri ai respectivei adunări
B. se poate desfăşura şi pe baza mandatelor pe care cei efectiv prezenţi le deţin de la cei lipsă, sub condiţia ca niciun prezent să nu se prevaleze de mai mult de 10 mandate primite din partea celor absenţi
C. se convoacă de consiliul baroului, în condiţiile prevăzute de Legea cu nr. 51/1995, republicată şi de Statutul profesiei de avocat",C
9.  Secretul profesional:,"A. îl protejează pe avocat în exerciţiul profesiei sale, actele şi lucrările cu caracter profesional aflate asupra avocatului ori în spaţiul în care acesta îşi desfăşoară activitatea fiind, în principiu, inviolabile
B. implică interdicţia absolută a percheziţionării avocatului, a domiciliului său, a spaţiului în care acesta îşi desfăşoară activitatea profesională, respectiv pe aceea a ridicării de înscrisuri şi bunuri din oricare dintre locaţiile anterior evocate, cu excepţia cazurilor în care instanţa a încuviinţat unui procuror dintr-un parchet de pe lângă o judecătorie să efectueze, în cadrul procesului penal, acte specifice de restrângere a unor drepturi ori a unor libertăţi de care, în principiu, se bucură un avocat
C. este întotdeauna absolut şi nelimitat în timp şi asupra persoanelor cu care avocatul titular al dreptului la prezervarea secretului profesional a intrat în raporturi de colaborare sau de conlucrare",A
"10.  Consiliul Baroului G a luat faţă de avocatul T măsura suspendării din exerciţiul profesiei, observând împrejurarea că acesta a fost definitiv condamnat pentru săvârşirea unei infracţiuni de spălare de bani, faptă ce a fost săvârşită cu 5 ani înainta ca dl. T să dobândească titlul profesional de avocat. Împotriva hotărârii definitive de condamnare, dl. avocat T a formulat calea extraordinară de atac a contestaţiei în anulare, nesoluţionată la data adoptării hotărârii prin care s-a dispus măsura suspendării din exerciţiul profesiei a d-lui. avocat T. Hotărârea Consiliului Baroului G este nelegală, raportat la una sau mai multe din următoarele împrejurări:","A. măsura suspendării din exerciţiul profesiei nu putea fi dispusă, raportat la împrejurarea condamnării definitive a avocatului T, măsura legală fiind aceea a constatării încetării calităţii de avocat, pentru ivirea unui caz de nedemnitate
B. măsura suspendării din exerciţiul profesiei putea fi dispusă numai de către Decanul Baroului G, singurul organ competent, potrivit legii, să ia o astfel de măsură, în condiţiile mai sus descrise
C. măsura suspendării d-lui. avocat T din exerciţiul profesiei nu putea fi luată, atâta timp cât contestaţia sa în anulare, promovată împotriva hotărârii definitive de condamnare, nu fusese definitiv soluţionată la data adoptării hotărârii de suspendare despre care se face vorbire în speţă",A
"11.  Constatând faptul că clientul său nu a plătit, în totalitate, onorariul convenit şi, prin urmare, datorat lui, dl. avocat S, din Baroul T a refuzat să returneze clientului originalul actelor de stare civilă, aparţinând acestui client şi pe care respectivul client i le înmânase cu ocazia încheierii contractului de asistenţă juridică. Clientul s-a adresat Consiliului Baroului T, solicitând acestuia angajarea răspunderii disciplinare a d-lui. avocat S, pentru faptele mai sus descrise. Dl. avocat S s-a apărat, arătând Consiliului că, atât timp cât clientul său nu îi achită diferenţa datorată din onorariul iniţial convenit, el înţelege să-i opună acestui client un veritabil drept de retenţie, cu consecinţa de a nu-i restitui actele de stare civilă aflate în posesia lui, decât posterior încasării diferenţei de onorariu la care dl. avocat S se socoteşte îndreptăţit. Consiliul Baroului T a refuzat să sesizeze comisia de disciplină, achiesând la punctul de vedere al d-lui. avocat În consecinţă, Consiliul Baroului T:","A. a procedat corect, avocatul neputând rămâne în situaţia de a presta o activitate profesională specifică, fără a fi integral plătit pentru acesta, la nivelul cuantumului total al onorariul convenit
B. a procedat corect, având în vedere faptul că membrii Consiliului Baroului T nu pot interveni în contractul de asistenţă juridică anterior încheiat între dl. avocat S şi clientul său, faţă de care aceşti membri au calitatea de terţi
C. a procedat incorect, raportat la obligaţiile profesionale şi la rigorile deontologice impuse avocatului prin Legea cu nr. 51/1995, republicată şi prin Statutul profesiei",C
"12.  În vederea exercitării căii de atac a apelului, o persoană îl contactează pe avocat R, transmiţându-i, în format electronic, o copie a unei sentinţe şi una după actele pe care respectiva persoană le-a apreciat ca fiind relevante în cauză. Termenul de exercitare a căii de atac a apelului expira la data de 15.08.2016, discuţiile telefonice şi pe suport electronic fiind purtate de persoana interesată cu dl. avocat R doar din data de 14.08.2016. La această din urmă dată, dl. avocat R comunică persoanei interesate o copie după contractul de asistenţă juridică propus, cu menţiunea ca, în măsura în care cel interesat este de acord cu clauzele acestui contract, să i-l retransmită semnat, moment de la care respectivul contract începe să şi producă efectele pentru care a fost încheiat. La data de 15.08.2016, orele 17:30, clientul transmite, prin fax, sub semnătura sa, la sediul cabinetului d-lui. avocat R, contractul de asistenţă juridică anterior propus. În aceste condiţii, dl. avocat R nu mai are timpul necesar spre a redacta şi transmite, prin poştă, către instanţa competentă, apelul de care era interesat clientul său, astfel că respectivul apel ajunge tardiv la instanţă. În aceste condiţii:","A. dl. avocat R va putea fi tras la răspundere (civilă şi/sau disciplinară), acceptând o însărcinare profesională pe care, obiectiv, nu o putea îndeplini, în termen, respectiv ca promovarea căii de atac a apelului, de care clientul său era interesat, să se facă în timp util
B. dl. avocat R nu putea fi tras la răspundere, întrucât clientul său i-a expediat, după ora 17:00, contractul de asistenţă juridică propus şi asumat de către client, prin subsemnare, motiv pentru care, în speţă, se poate vorbi despre o culpă contractuală a acestui client
C. dl. avocat R va putea pretinde faptul că nu a devenit parte în contractul propus de asistenţă juridică, atâta timp cât acest contract i-a fost restituit, sub semnătură, de către cel interesat, prea târziu, pentru a mai acţiona eficient în baza respectivului contract",A
"13.  Dl. avocat A, asociat într-o societate civilă profesională cu răspundere limitată (formă de exercitare a profesiei de avocat), decide să se retragă din aceasta, începând cu data de 01.09.2016, notificând acest lucru celorlalţi asociaţi, precum şi baroului din care face parte, încă din data de 01.07.2016, ocazie cu care îi informează pe ceilalţi asociaţi şi în privinţa preţului la care intenţionează să înstrăineze părţile sociale pe care dl. avocat A le deţine în respectiva societate civilă profesională cu răspundere limitată. În situaţia dată:","A. notificarea d-lui. avocat A, adresată celorlalţi asociaţi, este transmisă în termen acestora din urmă, atfel încât ei să aibă posibilitatea de a exercita dreptul de premţiume de care se bucură în privinţa părţilor sociale deţinute de dl. avocat A în cadrul societăţii civile profesionale cu răspundere limitată (formă de exercitare a profesiei de avocat)
B. decizia d-lui. avocat A este abuzivă, prin caracterul ei discreţionar, întrucât aduce atingere posibilităţii asociaţilor d-lui. avocat A de a-şi exercita dreptul de preemţiune de care ei se bucură, în privinţa posibilităţii de a dobândi părţile sociale, deţinute de dl. avocat A în societatea civilă profesională cu răspundere limitată (formă de exercitare a profesiei de avocat)
C. notificarea d-lui. avocat A, adresată baroului din care acesta face parte, este transmisă cu încălcarea termenului de 3 luni, evocat de Statutul profesiei de avocat, termen care trebuie să se interpună între data notificării intenţiei de d-lui. avocat A de a se retrage din societatea civilă profesională cu răspundere limitată (formă de exercitare a profesiei de avocat) şi data la care această retragere operează efectiv",AC
"14.  Consiliul Baroului H a respins cererea d-nei. avocat F, înregistrată la registratura Baroului, la data de 01.08.2016, cerere prin care aceasta a solicitat să i se aprobe continuarea exerciţiului profesiei de avocat, posterior datei pensionării, eveniment care s-a produs la data de 01.08.2014. Cererea d- nei. avocat F a fost însoţită de un aviz medical având ca obiect atestarea menţinerii capacităţii fizice şi psihice, necesare exerciţiului profesiei de avocat, emis la data de 05.2015. În motivarea soluţiei de respingere a cererii formulate de d-na. avocat F, Consiliul a reţinut faptul că petiţionara nu a prezentat un aviz medical aferent anului 2016, an pentru care, de altfel, a cerut aprobarea continuării activităţii profesionale. Decizia de respingere:","A. este nelegală, petenta neavând, potrivit legii, obligaţia prezentării unui aviz anual, privitor la menţinerea capacităţii fizice şi psihice ori pe aceea a reînnoirii avizului prezentat Consiliului Baroului H, la data de 01.08.2016 şi eliberat la data de 02.05.2015
B. este legală, obţinerea unui aviz anual, privitor la menţinerea capacităţii fizice şi psihice a petentei fiind, potrivit legii, obligatorie
C. poate fi contestată la Consiliul Uniunii Naţionale a Barourilor din România, în termen de 30 de zile de la adoptare",B
"15.  Împotriva d-lui. avocat C, din Baroul D, clientul K formulează, la data de 01.09.2016, o sesizare, arătând că în data de 08.2015, dl. avocat C ar fi acordat o consultaţie juridică, în acelaşi dosar, părţii adverse. În aceste condiţii, împotriva d-lui. avocat C:","A. poate fi exercitată cu succes o acţiune disciplinară, avocatul mai sus menţionat riscând să fie sancţionat disciplinar, pentru încălcarea obligaţiei profesionale de loialitate, de către decanul baroului din care face dl. avocat C face parte
B. nu poate fi exercitată cu succes o acţiune disciplinară, întrucât fapta pretins săvârşită a fost comisă cu mai mult de un an în urmă înainte de data sesizării ei
C. chestiunea poate fi tranşată de către instanţa civilă, pe calea unei acţiuni judiciare întemeiată pe regulile din materia mandatului",BC
"16.  După efectuarea unei anchete disciplinare, comisia de disciplină din cadrul Baroului G a decis clasarea cauzei în ceea ce îl priveşte pe dl. avocat P, soluţia fiind comunicată persoanei care a formulat sesizarea, raportat la împrejurarea că faptele descrise în actul de sesizare au fost săvârşite de dl. P înainte de dobândirea de către acesta a calităţii de avocat şi, prin urmare, sesizarea formulată în ceea ce îl priveşte pe dl. avocat P este inadmisibilă. Petentul, autor al sesizării, a formulat contestaţie la Comisia Centrală de Disciplină a U.N.B.R., solicitând infirmarea soluţiei iniţial date de comisia de disciplină din cadrul Baroului G şi, respectiv, exercitarea acţiunii disciplinare împotriva d-lui. avocat P, cu consecinţa aplicării, la adresa acestuia, a unei sancţiuni disciplinare. Soluţia pe care o va pronunţa Comisia Centrală de Disciplină din cadrul U.N.B.R. va putea fi, după caz:","A. de respingere a contestaţiei, ca formulată de o persoană lipsită de calitate procesuală activă
B. de soluţionare, pe fond, a contestaţiei, în sensul desfiinţării deciziei iniţiale a comisiei de disciplină din cadrul Baroului G şi, respectiv, a aplicării unei sancţiuni disciplinare la adresa d-lui. avocat P
C. de soluţionare, pe fond, a contestaţiei, în sensul respingerii ca nefondate a sesizării formulate împotriva d- lui. avocat P, având în vedere faptul că, într-adevăr, faptele reproşate, prin sesizarea formulată, au fost săvârşite de dl. P. înainte de dobândirea calităţii de avocat şi, deci, fără nici o legătură cu exerciţiul profesiei de avocat",C
"17.  În activitatea profesională desfăşurată, dl. avocat E a încheiat, cu mai multe persoane, mai multe contracte de asistenţă juridică, cu o durată de 5 ani, în conţinutul cărora a inserat o clauză în conformitate cu care cei cu care a contractat au obligaţia de a nu recurge la serviciile unor alţi avocaţi, timp de 5 ani de la data încheierii acestor contracte. În plus, prin aceleaşi contracte de asistenţă juridică, dl. avocat E a impus clienţilor săi să depună diligenţe, spre a-i procura clientelă suplimentară, pe toată durata de existenţă a contractelor mai sus Conduita d-lui. avocat E:","A. nu are nici o relevanţă în planul unei eventuale angajări a răspunderii sale disciplinare
B. îmbracă forma săvârşirii a două abateri disciplinare distincte
C. îl plasează pe dl. avocat E în stare de nedemnitate profesională",B
"18.  Dl. avocat A a încheiat cu dl. B un contract de asistenţă juridică prin care a stabilit faptul că, în ipoteza câştigării unui proces civil, având ca obiect recuperarea, pe cale judiciară, a unei sume de 200.000 de euro, dl. B îi va plăti d-lui. avocat A suma de 16.000 de euro, cu titlu de onorariu de succes, distinct de onorariul de efort, pe care părţile implicate în acest aranjament juridic l-au convenit la nivelul sumei de 4000 de euro. După rămânerea definitivă a hotărârii judecătoreşti, prin care dl. avocat A a obţinut, în beneficiul d-lui. B, recunoaşterea creanţei de 200.000 de euro şi, respectiv, obligarea adversarului d-lui. B la plata către acesta din urmă a creanţei mai înainte evocate, dl. B a refuzat să-i plătească d-lui. avocat A onorariul de succes, apreciind că, împreună cu onorariul de efort, acest onorariu de succes se situează la nivelul sumei de 20.000 de euro, ceea ce ar avea semnificaţia unui procent de 10% din suma disputată, respectiv semnificaţia un pact de quota litis. Dl. avocat A a solicitat învestirea cu formulată executorie a contractului de asistenţă juridică, anterior încheiat cu dl. B, iar instanţa căreia i-a fost adresată această cerere:","A. a respins-o, apreciind că, într-adevăr, în contractul de asistenţă juridică mai sus descris, aveam de-a face cu un veritabil pact de quota litis
B. a respins-o, sub motivul că un contract de asistenţă juridică e un titlu executoriu în sine, care nu mai are nevoie de formalitatea învestirii cu formulă executorie, spre a putea fi pus în executare de către partea interesată
C. a admis-o, sub motivul că, în speţă, nu avem de-a face cu un veritabil pact de quota litis",C
"19.  La adresa d-lui. avocat B a fost formulată o sesizare disciplinară, soldată cu sancţionarea disciplinară a acestuia, pentru fapte ce au adus atingere prestigiului corpului de avocaţi. Această hotărâre de sancţionare disciplinară a rămas definitivă. La 15 zile după acest din urmă eveniment, o altă persoană (alta decât autoarea primei sesizări) formulează o a doua sesizare disciplinară, la adresa aceluiaşi avocat B şi în privinţa aceloraşi fapte, apreciind că, prin cel dintâi act de sancţionare, d-lui. avocat B i-a fost aplicată o sancţiune disciplinară prea blândă. Consiliul Baroului T, din care dl. avocat B face parte, admite secunda sesizare şi o trimite comisiei de disciplină. Aceasta din urmă, constatând că, cu prilejul primei decizii de sancţionare, au fost omise din analiză trei acte materiale distincte, aferente conduitei disciplinare între timp sancţionate, aplică o nouă sancţiune disciplinară, aceluiaşi avocat B, dispunând excluderea din profesia de avocat a acestuia din urmă. Cea de-a doua decizie de sancţionare este atacată de dl. avocat B la Comisia Centrală de Disciplină din cadrul U.N.B.R., organ al profesiei care, după caz:","A. va respinge contestaţia, sub motivul că, atât timp cât nu s-a împlinit termenul de prescripţie a răspunderii disciplinare, un avocat poate fi cercetat şi, mai apoi, sancţionat pentru orice act culpabil, de natură disciplinară, săvârşit în calitate de avocat ori în relaţie cu exerciţiul profesiei
B. va admite contestaţia şi va desfiinţa actul atacat, sub motivul că o decizie de sancţionare disciplinară rămasă definitivă se bucură de autoritate de lucru judecat în faţa organelor profesiei
C. va admite contestaţia, sub motivul că secunda sesizare disciplinară a fost formulată de o altă persoană decât aceea care a formulat cea dintâi sesizare şi cu privire la alte acte materiale, în pofida împrejurării că aceste alte acte materiale intră în conţinutul constituitv obiectiv al aceloraşi abateri disciplinare pentru care dl. avocat B a fost deja sancţionat",B
"20.  Organul fiscal a efectuat un control tematic la sediul Cabinetului d-lui. avocat L. Cu această ocazie, a constatat faptul că, în cursul lunii august a anului 2015, dl. avocat a efectuat şi înregistrat în contabilitatea propriului Cabinet mai multe cheltuieli, reprezentând contravaloarea biletelor de tratament într-o staţiune balneo-climaterică, la recomandarea expresă a medicului specialist, contravaloarea transportului dus-întors pe relaţia localitatea de domiciliu – staţiunea în care tratamentul balnear a fost realizat, precum şi contravaloarea mai multor medicamente, aferente tratamentului instituit la recomandarea medicului pentru afecţiunea care a impus deplasarea în staţiunea mai sus menţionată. Consecinţă a celor constatate, organul de control fiscal a scăzut din contabilitatea d-lui. avocat L cheltuielile anterior enumerate şi, retroactiv, a stabilit obligaţii fiscale, calculate prin raportare la cuantumul acestor cheltuieli. Dl. avocat L a atacat pe cale administrativă şi, mai apoi, în justiţie, actul administrativ-fiscal de control, iar instanţa:","A. a respins acţiunea judiciară, observând că legislaţia fiscală nu face vorbire despre posibilitatea deducerii, în contabilitatea unui cabinet avocaţial, a cheltuielilor efectuate de dl. avocat L
B. a respins acţiunea judiciară, observând că cheltuielile efectuale de dl. avocat L nu au legătură directă şi/sau intrinsecă cu exerciţiul profesiei
C. a admis acţiunea judiciară, observând că, potrivit Statutului profesiei de avocat, cheltuielile evocate în speţă sunt deductibile, fiind cheltuieli cu recuperarea capacităţii de muncă şi necesare pentru exercitarea corespunzătoare a profesiei",C
"21.  X îi solicită vecinului său Y să-i facă o injecție, cunoscând faptul că acesta își administra singur un tratament injectabil. Y îi face injecția fără a pretinde nicio contraprestație. Injecția îi cauzează lui X probleme medicale suplimentare. X este îndreptățit să solicite despăgubiri de la Y:","A. în temeiul răspunderii contractuale
B. în temeiul răspunderii delictuale, indiferent de forma culpei lui Y
C. în temeiul răspunderii delictuale, numai dacă este dovedită intenția sau culpa gravă a lui Y",C
22.  În materia contractului de vânzare:,"A. stipulația prin care vânzătorul își rezervă proprietatea bunului până la momentul plății integrale a prețului este valabilă, chiar dacă bunul a fost predat
B. B.	vânzătorul nu poate fi obligat la plata de daune-interese în cazul evicțiunii cauzată ulterior vânzării prin faptul său personal, dacă s-a menționat expres în contract că nu va datora nicio garanție
C. vânzătorul este obligat să garanteze împotriva viciilor bunului vândut, numai dacă le-a cunoscut la data încheierii contractului",A
23.  Este considerată nescrisă:,"A. clauza prin care părțile ar suprima o cauză de nulitate prevăzută de lege
B. clauza prin care s-ar modifica termenul de prescripție stabilit de lege
C. stipulația conform căreia subrogația ar opera numai cu consimțământul debitorului",AC
24.  Dreptul de superficie:,"A. poate lua naștere prin înscrierea cesiunii către un terț a dreptului proprietarului terenului de a invoca accesiunea față de constructorul de bună-credință
B. poate înceta, la cererea proprietarului terenului, formulată în termen de trei ani de la data la care superficiarul modifică structura construcției
C. se poate constitui pe o durată de cel mult 30 de ani",AB
"25.  X închiriază lui Y un cal pentru o perioadă de un an în vederea participării la concursuri de echitație. După trei luni de la încheierea locațiunii, rezultatele obținute de Y la câteva concursuri îl determină pe X să vândă calul către Z. Calul îl mușcă pe unul dintre jocheii concurenți, cu ocazia participării lui Y la un concurs desfășurat ulterior vânzării. Prin raportare la situația de fapt:","A. locațiunea nu îi este opozabilă lui Z, în ipoteza în care nu i-a fost făcută cunoscută de către X la încheierea vânzării
B. Z va răspunde pentru prejudiciul cauzat jocheului
C. la expirarea termenului locațiunii, va fi considerată încheiată o nouă locațiune, în condițiile celei vechi, însă pe durată nedeterminată, dacă Y continuă să dețină calul și să își execute obligațiile, fără nicio împotrivire din partea lui Z",C
26.  Termenul de opțiune succesorală:,"A. este de prescripție extinctivă
B. poate fi redus de către instanța judecătorească, pentru motive temeinice, la cererea oricărei persoane interesate
C. este de decădere, supus prevederilor referitoare la suspendarea și repunerea în termenul de prescripție extinctivă",BC
"27.  Contractul prin care X, în vârstă de 16 ani, închiriază lui Y un bun mobil pentru o perioadă de un an și două luni:","A. este lovit de nulitate relativă, datorită neîndeplinirii cerințelor legale privind capacitatea de exercițiu a locatorului
B. este anulabil, numai dacă sunt îndeplinite condițiile pentru invocarea leziunii
C. dă dreptul locatarului sa încheie o sublocațiune, dacă această facultate nu i-a fost interzisă în mod expres",B
"28.  X cesionează lui Y creanța sa faţă de Z, reprezentând prețul vânzării către acesta din urmă a unui bun individual determinat. Cesiunea este comunicată lui Z, odată cu acțiunea prin care se solicită obligarea sa la plata prețului către Y. Prin raportare la situația de fapt:","A. Z nu va putea fi obligat la plata cheltuielilor de judecată, dacă efectuează plata până la primul termen de judecată, cu excepția situației în care a fost pus în întârziere anterior comunicării cesiunii
B. Z nu va putea invoca față de Y faptul că bunul pierise în întregime înainte de încheierea vânzării
C. Z  va putea opune lui Y compensația pe care o putea invoca faţă de X",AC
29.  În cazul coproprietății pe cote-părți:,"A. fiecare coproprietar poate sta singur în justiție în orice acțiune privitoare la coproprietate
B. actele de administrare cu privire la bunul comun nu pot fi efectuate fără acordul coproprietarului căruia i s-ar impune, prin respectivele acte, o sarcină excesivă prin raportare la cota sa parte
C. fructele bunului comun se cuvin coproprietarului care a suportat singur cheltuielile producerii sau culegerii fructelor",AB
30.  Tranzacția încheiată pentru stingerea unui litigiu:,"A. poate da naștere unor raporturi juridice diferite de cele ce fac obiectul litigiului dintre părți
B. este lovită de nulitate absolută, dacă litigiul fusese soluționat anterior
C. poate fi desființată prin acțiune în rezoluțiune sau reziliere",AC
"31.  La data de 10.08.2012, X și Y încheie un contract prin care primul îi vinde celui de-al doilea o ambarcațiune, stabilindu-se că prețul va fi achitat în 12 rate lunare, scadente în prima zi a fiecărei luni, începând cu data de 01.09.2012. La data de 03.06.2016, X îl notifică pe Y, solicitând-i plata întregului preț, iar, ulterior, la data de 12.2016, îl cheamă în judecată pe cumpărător pentru ca acesta să fie obligat să achite prețul. Y se apară invocând pieirea fortuită a bunului produsă la data de 29.08.2012, după cinci zile de la predarea către el a ambarcațiunii, precum și prescripția extinctivă. Prin raportare la situația de fapt:","A. instanța va respinge cererea de chemare în judecată, întrucât riscul pieirii bunului este suportat de către X, din moment ce se convenise transferul dreptului de proprietate la data achitării ultimei rate din preț
B. instanța va respinge cererea de chemare în judecată, întrucât riscul pieirii bunului este suportat de către X, din moment ce se convenise transferul dreptului de proprietate la data achitării ultimei rate din preț
C. instanța va admite în parte cererea de chemare în judecată, apreciind că prescripția a intervenit în ceea ce privește ratele scadente înainte de data de 03.06.2013",AB
32.  Darul manual:,"A. poate avea ca obiect orice bun mobil corporal cu valoare mai mică de 25.000 lei
B. este supus condițiilor de fond ale donației
C. se încheie valabil prin acordul de voință al părților, dacă bunul mobil se află deja în posesia donatarului",BC
33.  Efectele nedemnității nu pot fi înlăturate:,"A. tacit
B. pentru nedemnitatea de drept
C. prin reabilitarea nedemnului",AC
"34.  La data de 11.2014, societatea X, în calitate de vânzătoare, încheie cu societatea Y, în calitate de cumpărătoare, un contract de vânzare a unui utilaj de asfaltare drumuri. În contract s-a prevăzut că societatea Y trebuie să plătească societății X prețul vânzării, cel mai târziu la data de 15.12.2014, fără a se stipula că simpla împlinire a termenului are ca efect punerea în întârziere. Față de neplata prețului la termenul stabilit, societatea X formulează acțiune în justiție împotriva societății Y, solicitând obligarea acesteia din urmă la plata prețului, precum și a dobânzii legale, începând cu data scadenţei şi până la data plăţii efective. Instanța de judecată:","A. admite în totalitate acțiunea
B. respinge acțiunea
C. admite în parte acțiunea și obligă societatea Y la plata prețului, precum și a dobânzii legale, începând cu data introducerii acțiunii și până la data plății efective",A
"35.  La înființarea societății R S.R.L. au semnat actul constitutiv al societății, în calitate de asociați, după cum urmează: E, administratorul lui B S.R.L., societate în curs de constituire, C, minor, însoțit de soacra sa, și D, persoană fizică, unic asociat al lui B. Aportul fiecăruia dintre cei trei asociați a fost în bani, în sumă egală, iar obiectul de activitate al societății este închirierea de utilaje agricole. R vă solicită asistența juridică pentru a identifica eventuale probleme privind înființarea sa, arătând că actul constitutiv nu a fost încheiat în formă autentică și nu a fost îndeplinită nicio altă formalitate. În consultația pe care i-o prezentați arătați că în speță neregulile privesc:","A. condițiile de formă ale actului de înființare
B. capacitatea asociaților la încheierea actului de înființare
C. condițiile privind înregistrarea persoanei juridice",C
"36.  Societatea H SRL a încheiat, la data de 15 august 2013, un contract cu Societatea M SRL, prin care s-a obligat ca, în schimbul unui preţ să furnizeze studiile clinice necesare pentru acreditarea unor medicamente. Ca urmare a creșterii costurilor pentru realizarea studiilor clinice, executarea obligațiilor sale a devenit excesiv de oneroasă, motiv pentru care H SRL se află în situația de a nu furniza prestația asumată. H SRL nu s-a așteptat la schimbarea dramatică a împrejurărilor și crede că beneficiarul M SRL nu ar renunța la executarea întocmai a contractului. Ce sfat îi dați, dacă vă consultă în calitate de avocat?","A. să încerce negocierea, cu bună-credință, a adaptării rezonabile și echitabile a contractului cu societatea M SRL
B. să ceară direct instanței adaptarea contractului pentru impreviziune
C. să se libereze de obligațiile față de M SRL, plătind creditoarei despăgubirile prevăzute prin clauza penală",A
37.  Compensația:,"A. se deosebește de darea în plată, întrucât nu poate viza decât obligații bănești
B. invocată de către unul dintre debitori, profită celorlalți codebitorii solidari pentru partea acestuia din datorie
C. reprezintă situația în care obligația se stinge, întrucât calitățile de creditor și debitor se întrunesc de către aceeași persoană în cadrul unui raport obligațional",B
"38.  T a efectuat următoarele lucrări la imobilul vecinului N: a înlocuit tabla de pe toată casa, cea veche fiind desfăcută și stricată, a construit altă scară, închizând-o pe cea veche, întrucât stâlpul de susținere era putrezit și a acoperit scara. N îl rugase pe V, tatăl lui T, într-un email trimis cu trei luni în urmă, să se ocupe de repararea casei sale, cât timp lipsește, însă V i-a cerut fiului său să facă aceasta, după cum scria și în emailul de răspuns. Prin raportare la această situație de fapt:","A. operează gestiunea de afaceri și T este îndreptățit la recuperarea tuturor cheltuielilor utile
B. operează relația contractuală, iar T urmează să primească integral cheltuielile efectuate
C. T are un drept de retenție, până la acoperirea integrală a cheltuielilor efectuate",BC
"39.  X decedează, moștenirea fiind acceptată de către Y, fratele consangvin al defunctului, Z, fiul fratelui bun, predecedat, al defunctului și T, unchiul defunctului. Prin raportare la această situație de fapt:","A. Z va putea încheia singur pentru o perioadă de trei ani un contract de locațiune privind un bun din masa succesorală
B. Y va culege 1/3 din moștenire
C. oricare dintre moștenitori va putea încheia singur un contract de comodat având ca obiect un bun din masa succesorală",A
"40.  A îi împrumută lui B suma de 450.000 lei și, în vederea garantării împrumutului, aceștia încheie în forma autentică și un contract de ipotecă asupra apartamentului în care locuiește B, dreptul ipotecar al lui A fiind înscris în Cartea Funciară, împreună cu interdicția de a înstrăina apartamentul până la rambursarea integrală a împrumutului. După 5 luni de la încheierea contractului de ipoteca, B încheie o promisiune bilaterală de vânzare a apartamentului. Prin raportare la această situație de fapt:","A. contractul de vânzare nu poate fi încheiat valabil în lipsa radierii interdicției de înstrăinare
B. contractul de vânzare se poate încheia cu ignorarea interdicției de înstrăinare
C. contractul de vânzare se poate încheia, chiar dacă promisiunea de vânzare nu a fost perfectată în formă autentică",BC
41.  În litigiile în materia protecției consumatorilor:,"A. părțile pot conveni alegerea instanței competente numai după nașterea dreptului la despăgubire
B. părțile pot conveni alegerea instanței competente atât din punct de vedere material, cât și teritorial
C. părțile nu pot conveni alegerea instanței competente, cererile fiind de competența exclusivă a instanței de la domiciliul consumatorului",A
"42.  Prin cererea formulată, reclamanta A cheamă în judecată pe pârâtul B și solicită instanței să dispună: stabilirea locuinței fiului lor minor la mama reclamantă și exercitarea autorității părintești în mod exclusiv de către aceasta. În motivarea cererii, reclamanta a arătat că minorul este în îngrijirea sa exclusivă, în prezent locuind în comuna U., localitate în raza teritorială a Judecătoriei Câmpina, județul Prahova. Pârâtul, care domiciliază în raza teritorială a Judecătoriei Tulcea, depune întâmpinare și cerere reconvențională, prin care solicită stabilirea domiciliului minorului M la tată și obligarea reclamantei la plata unei pensii de întreținere în favoarea minorului, raportată la veniturile sale. Cererea reclamantei:","A. este de competența Judecătoriei Tulcea, întrucât în pricinile privitoare la persoane pentru care legea nu prevede expres instanța competentă teritorial, se aplică dreptul comun, caz în care competența teritorială este absolută
B. este de competența Judecătoriei Câmpina, deoarece cererile privind ocrotirea persoanei fizice, date de Codul civil în competența instanței de tutelă și de familie, se soluționează de instanța în a cărei circumscripție teritorială își are domiciliul sau reședința persoana ocrotită
C. reclamanta are alegerea între instanța de la domiciliul pârâtului (Judecătoria Tulcea) și cea în a cărei circumscripţie domiciliază creditorul reclamant, în cererile referitoare la obligaţia de întreţinere (Judecătoria Câmpina)",B
"43.  Pentru asigurarea unei bune judecăți, în primă instanță, este posibilă conexarea mai multor procese în care sunt aceleași părți sau chiar împreună cu alte părți și al căror obiect și cauză au între ele o strânsă legătură:","A. la cererea părții sau de către instanța din oficiu, cel mai târziu până la primul termen de judecată
B. la cererea părții interesate, până la închiderea dezbaterilor
C. numai la cererea părților, în fața instanței ulterior sesizate",A
"44.  Împuternicirea de a reprezenta o persoană fizică dată mandatarului, care nu are calitatea de avocat:","A. se dovedește numai prin înscris autentic
B. poate fi dată și prin declarație verbală, făcută în instanță și consemnată în încheierea de ședință, cu arătarea limitelor și a duratei reprezentării
C. poate fi dată prin declarație verbală consemnată de avocat în cuprinsul unui act certificat de către acesta",B
45.  Pârâtul îl va putea arăta pe acela în numele căruia deține lucrul sau exercită dreptul:,"A. dacă a fost chemat în judecată de o persoană care pretinde un drept real asupra lucrului
B. până la primul termen de judecată, în toate cazurile
C. dacă a fost chemat în judecată de o persoană care pretinde un drept de creanță asupra lucrului",A
"46.  Persoana A, în numele și pentru persoana B, a chemat în judecată pe C și D, pentru partajarea unei suprafețe de 10 ha de teren. Acțiunea a fost admisă și pârâții au formulat apel. Aceștia au arătat că, după introducerea acțiunii, în timp ce cauza era pendinte la judecătorie, mandantul B a încetat din viață, dar persoana A nu a adus acest fapt la cunoștința primei instanțe. În aceste condiții:","A. mandatarul A va motiva că mandatul nu a încetat prin moartea celui care l-a dat, iar moștenitorii nu l-au retras; prin urmare, apelul va fi respins ca nefondat
B. hotărârea primei instanțe este nelegală, astfel încât apelul va fi admis și cauza rejudecată în fond, după introducerea moștenitorilor mandantului inițial
C. apelul urmează a fi respins ca lipsit de interes, deoarece apelanții critică o atitudine procesuală a mandatarului A și nu a mandantului B",B
47.  Calitatea procesuală activă:,"A. pentru a fi stabilită, este necesar să se administreze aceleași probe ca și pentru soluționarea fondului cauzei
B. rezultă din identitatea dintre reclamant și creditorul raportului juridic litigios, astfel cum este dedus judecății
C. poate aparține, în cazurile și condițiile prevăzute exclusiv prin lege, și unor persoane, organizații, instituții care, fără a justifica un interes personal, acționează pentru apărarea drepturilor ori intereselor legitime ale unor persoane aflate în situații speciale",BC
48.  Este adevărat că:,"A. toate nulitățile procesuale virtuale au caracter relativ
B. nulitățile exprese sunt condiționate de dovedirea unei vătămări procesuale
C. în cazul nulităților exprese, vătămarea este prezumată, partea interesată putând face dovada contrară",C
"49.  Nedepunerea întâmpinării, atunci când aceasta este obligatorie, atrage decăderea pârâtului din dreptul de a invoca:","A. lipsa capacității procesuale de exercițiu a reclamantului
B. necompetența teritorială exclusivă
C. necompetența teritorială de ordine privată",C
50.  În cazul cererii în constatare:,"A. până la închiderea dezbaterilor, reclamantul poate înlocui cererea în constatare printr-o cerere în realizare, fără a se acorda termen de judecată pentru această înlocuire
B. reclamantul nu poate transforma cererea în constatare într-o cerere de realizare, pe baza declarației sale consemnate în încheierea de ședință
C. dacă partea adversă invocă excepția tardivității modificării cererii în constatare într-o cerere în realizare, formulată ulterior primului termen de judecată, instanța va admite excepția",A
"51.  Reclamanţii A şi B au solicitat instanţei să pronunţe o hotărâre care să ţină loc de act autentic de vânzare-cumpărare a imobilului (casă şi teren), dobândit cu 18 ani în urmă de la pârâţii C şi D. Reclamanţii au susţinut că la momentul încheierii convenţiei au achitat integral preţul, intrând imediat şi în stăpânirea imobilului. Pârâţii au negat existenţa acestei convenţii, explicând că reclamanţii au fost toleraţi să locuiască în imobilul respectiv. Reclamanţii au solicitat admiterea probei testimoniale, susţinând că există martori care au fost prezenți la momentul încheierii înţelegerii şi când pârâtul D a încasat preţul. De asemenea, reclamanţii au motivat lipsa unui înscris ca mijloc de probă prin aceea că reclamanta A este fiica pârâtei C şi sora pârâtului D, iar la momentul încheierii convenţiei, aceasta nu şi-a putut imagina că vor exista discuţii cu privire la înțelegerea făcută. În aceste condiții:","A. proba testimonială este admisibilă deoarece părțile au fost în imposibilitate morală să preconstituie un înscris pentru dovedirea actului juridic
B. cererea se taxează cu taxă de timbru fixă, deoarece se cere doar constatarea existenței dreptului de proprietate în patrimoniul reclamanților, nu și realizarea acestuia
C. proba testimonială este admisibilă doar dacă există un început de dovadă scrisă și reclamanții dovedesc calitatea relațiilor cu pârâții, respectiv că acestea erau incompatibile cu comportări din care ar reieşi o lipsă de încredere a unora faţă de alţii",A
"52.  La data de 1 octombrie 2012, persoana A l-a împrumutat pe unchiul său B cu suma de 1.000 de euro, cu scadența la 1 noiembrie 2012. La data de 3 noiembrie 2015, creditorul introduce o acțiune în justiție, prin care solicită restituirea sumei împrumutate. Instanța invocă din oficiu, la primul termen de judecată, excepția prescripției extinctive. Pârâtul învederează instanței că are cunoștință că acțiunea este prescrisă, dar solicită ca instanța să se pronunțe asupra fondului cauzei. Instanța admite excepția și respinge acțiunea ca prescrisă. Față de această soluție:","A. reclamantul va putea ataca hotărârea, motivând că doar pârâtul este îndreptățit să invoce excepția prescripției extinctive
B. doar pârâtul are calitate procesuală și interes de a ataca hotărârea, motivat de admiterea excepției, deoarece doar el, nu și reclamantul sau instanța, este îndreptățit să invoce prescripția extinctivă
C. nu este admisibilă o cale de atac, deoarece raportat la situația de fapt enunțată, normele privind prescripția sunt de ordine publică și, atunci când constată incidența lor, instanța este obligată să facă aplicarea acestor norme imperative",A
53.  Poate constitui un început de dovadă scrisă:,"A. un înscris care nu este semnat de către parte, dar care provine de la aceasta
B. un înscris sub semnatură privată, semnat de părți
C. un înscris sub semnatură privată, care nu îndeplinește cerința multiplului exemplar",AC
"54.  Reclamantul A îl dă în judecată pe pârâtul B, pentru ca instanța să dispună obligarea acestuia la plata sumei de 5.000 lei, la care se adaugă dobânda legală. La primul termen de judecată, pârâtul B recunoaște suma de 5.000 lei și solicită pronunțarea unei hotărâri în acest sens. Reclamantul A solicită respingerea cererii pârâtului, motivând că pretențiile sale se referă și la plata dobânzii legale aferente acestei sume. Instanța dispune:","A. admiterea cererii pârâtului și pronunță o hotărâre parțială, care poate fi atacată numai cu recurs
B. respingerea cererii pârâtului cu privire la pronunțarea unei hotărâri parțiale
C. admiterea cererii pârâtului și pronunțarea unei hotărâri parțiale, în măsura recunoașterii, care poate fi atacată numai cu apel",B
"55.  Reclamantul A formulează cerere de lămurire cu privire la aplicarea dispozitivului hotărârii. Pârâtul B solicită respingerea cererii ca neîntemeiată, cu obligarea reclamantului la plata cheltuielilor de judecată. Instanța respinge cererea de lămurire a dispozitivului ca neîntemeiată, iar cu privire la cheltuielile de judecata dispune:","A. obligarea reclamantului la plata cheltuielilor de judecată aferente cererii de lămurire a dispozitivului
B. suportarea de către stat a cheltuielilor de judecată, indiferent de soluția pronunțată în cererea de lămurire a dispozitivului hotărârii
C. respingerea cererii de acordare a cheltuielilor de judecată ca inadmisibilă, întrucât legea nu prevede în acest caz",A
56.  Nu se poate admite o contestație în anulare:,"A. în cazul în care dezlegarea dată apelului sau, după caz, recursului este rezultatul unei vădite greșeli de judecată
B. în cazul în care, anterior introducerii acesteia, o altă parte a formulat o contestație în anulare împotriva aceleiași hotărâri
C. în cazul în care partea invocă faptul că instanța nu s-a pronunțat asupra unui capăt de cerere cu care a fost învestită",AC
57.  Dacă instanța apreciază că este întemeiată contestația privind tergiversarea procesului :,"A. dosarul se repartizează unui alt complet de judecată
B. încheierea de admitere a contestației este supusă plângerii în termen de 3 zile de la pronunțare
C. se iau de îndată măsuri necesare înlăturării situației care a provocat tergiversarea cauzei",C
"58.  Prin sentința nr. 9000/15.10.2015, Judecătoria Brașov a admis acțiunea de divorț dintre A și B și a dispus desfacerea căsătoriei, din culpa comună a soților. La data de 04.11.2015, soțul pârât B a decedat. Hotărârea de divorț s-a comunicat părților în data de 07.12.2015 și pentru că cei doi soți nu au avut copii din căsătorie, frații lui B. s-au prezentat la notar, în termenul de apel, invocând că sunt singurii moștenitori ai defunctului. În aceste condiții:","A. reclamanta are interes să formuleze apel împotriva sentinței de divorț,  solicitând anularea hotărârii și ca instanța să ia act de încetarea căsătoriei, dispunând închiderea dosarului de divorț, prin hotărâre definitivă
B. sentința de divorț va fi lipsită de efecte juridice, chiar dacă reclamanta nu formulează apel
C. reclamanta nu va avea drepturi succesorale ca soție supraviețuitoare, indiferent dacă exercită sau nu apel împotriva hotărârii de fond, deoarece decesul soțului a intervenit după pronunțarea hotărârii de divorț",A
"59.  Reclamantul A a formulalat o cerere pe cale de ordonanță președințială împotriva pârâtului B. În cursul judecății, la al doilea termen de judecată, reclamantul A a solicitat instanței  transformarea ordonanței președințiale într-o cerere de drept comun. Pârâtul B a solicitat respingerea modificării acțiunii  principale, întrucât aceasta nu a fost făcută în termen legal. Instanța dispune;","A. respingerea ca tardivă a cererii de modificare a acțiunii, întrucât nu a fost făcută până la primul termen de judecată
B. admiterea cererii de modificare a acțiunii, deoarece modificarea este posibilă până la închiderea dezbaterilor
C. respingerea cererii de modificare a acțiunii, deoarece pârâtul nu a consimțit la această transformare",B
60.  În cazul cauțiunii judiciare:,"A. cauțiunea poate fi urmărită de creditorii depozitarului, dacă aceasta a fost depusă în numerar
B. nedepunerea cauțiunii în termenul legal atrage desființarea de drept a măsurilor în legătură cu care s-a dispus stabilirea cauțiunii
C. aceasta se stabilește de către instanță printr-o încheiere care poate fi atacată odată cu hotărârea prin care s-a dispus asupra cauțiunii",BC
"61.  Inculpatul R. a fost trimis în judecată la data de 01.05.2014 pentru săvârșirea infracțiunii de înșelăciune cu consecinte deosebit de grave în dauna unui număr de 5 societăți comerciale, fapta fiind săvârșită în intervalul de timp mai – decembrie 2011. În acest caz, în raport de aplicarea principiului legii penale mai favorabile, corecta încadrare juridică este:","A. 5 infracțiuni de înșelăciune, în concurs, în condițiile noului Cod penal
B. o infracțiune de înșelăciune, în formă continuată, în condițiile vechiului Cod penal
C. o infractiune de înșelăciune, în formă continuată, în condițiile noului Cod penal",A
"62.  În noaptea de 15/16.05.2014, inculpatul B.C. a intrat în incinta unui magazin, de unde a încercat să sustragă suma de bani rezultată din încasările zilei respective, şi a amenințat-o pe vânzătoare cu un cuțit. Întrucât vânzătoarea a refuzat să-i dea banii și a început să strige după ajutor, inculpatul i-a aplicat o lovitură de cuțit în zona gâtului, după care a părăsit în grabă magazinul, lăsând banii în sertarul casei de marcat. Ca urmare a leziunii suferite victima a decedat. Inculpatul a săvârșit:","A. infracțiunea de omor calificat și tentativă la infracțiunea de tâlhărie
B. infracțiunea de omor calificat
C. infracțiunile de loviri sau vătămări cauzatoare de moarte și infracțiunea de tentativă la tâlhărie",A
"63.  Inculpatul M.T. a avut calitatea de gestionar al depozitului de piese de schimb din cadrul Regiei autonome de transport În perioada decembrie 2014 - iunie 2015, împreună cu fratele său M.V., neîncadrat în muncă, a sustras un număr de 25 de anvelope de autobuz și 15 baterii auto din depozitul regiei autonome menționate. Faptele constituie:","A. infracțiunea de delapidare în formă continuată pentru inculpatul M.T
B. infracțiunea de complicitate la delapidare în formă continuată pentru inculpatul M.V
C. infracțiunea de furt în formă continuată pentru inculpatul M.V",AC
"64.  Există unitate legală de infracțiune, în cazul:","A. infracțiunii continue
B. infracțiunii complexe
C. infracțiunii continuate",BC
65.  Recidiva constituie:,"A. o formă a pluralității de infracțiuni
B. o formă a pluralității aparente de infracțiuni
C. o cauză de agravare a răspunderii penale",AC
66.  Pedeapsa accesorie a interzicerii unor drepturi se execută:,"A. din momentul începerii executării pedepsei principale privative de libertate
B. de la data la care pedeapsa principală privativă de libertate a fost executată sau este considerată ca executată
C. din momentul rămânerii definitive a hotărârii de condamnare și până când pedeapsa principală privativă de libertate este executată sau considerată ca executată",C
"67.  Aflat într-o stare conflictuală veche cu persoana vătămată I., inculpatul B.N. a pândit-o într-un loc dosnic și i-a aplicat mai multe lovituri cu un cuțit cu intenția de a o omorî. Cuprins de milă și remușcare inculpatul a pus capăt acțiunii sale, i-a acordat persoanei vătămate primul ajutor și a anunțat serviciul de ambulanță. Persoanei vătămate nu i s-a pus viața în primejdie, leziunile suferite necesitând 110-120 zile de îngrijiri medicale. Fapta inculpatului B.N.:","A. constituie tentativă la infracțiunea de omor
B. nu constituie infracțiune, întrucât a intervenit desistarea autorului
C. constituie infracțiunea de vătămare corporală",C
"68.  În data de 01.05.2014 pe raza localității M. s-a produs un accident de circulație în urma căruia a rezultat vătămarea corporală a persoanelor vătămate A.B., B.B. și C.B.. În cursul cercetărilor efectuate de organele de poliție, persoana vătămată C.B. a formulat plângere prealabilă în data de 03.06.2014 împotriva autorului accidentului pentru infracțiunea de vătămare corporală din culpă. Persoana vătămată B.B. nu a formulat plângere prealabilă, iar în data de 05.06.2015 persoana vătămată A.B. a declarat că solicită tragerea la răspundere penală a conducătorului auto vinovat de producerea accidentului. În această situație:","A. autorul nu va răspunde penal pentru vătămarea lui A.B., deoarece acesta nu a formulat plângere prealabilă în termen de 3 luni de la data săvârșirii faptei
B. autorul nu va răspunde penal pentru vătămarea lui B.B., deoarece lipsește plângerea prealabilă
C. autorul va răspunde pentru vătămarea tuturor persoanelor, întrucât C.B. a făcut plângere prealabilă în termen",C
69.  Sunt supuse confiscării speciale:,"A. bunurile dobândite de persoana condamnată într-o perioadă de 5 ani înaintea săvârșirii infracțiunii, dacă valoarea lor depășește în mod vădit veniturile obținute de aceasta în mod licit
B. bunurile a căror deținere este interzisă de legea penală
C. bunurile produse prin săvârșirea faptei prevăzute de legea penală",BC
"70.  În data 01.05.2014, în urma unui conflict spontan, inculpatul V.M. a lovit-o în zona feței pe victima D.B., care a încercat să părăsească locul altercației  și a coborât în fugă scările de la etajul 3 spre parter. Inculpatul a ajuns-o pe victimă din urmă, a încercat să o imobilizeze și a bruscat-o, iar victima a căzut pe scări. În urma căderii victima a suferit o leziune gravă la nivelul capului, în urma căreia, la câteva zile, a intervenit decesul acesteia. În această situație:","A. inculpatul a săvârșit infracțiunea de omor cu intenție indirectă
B. inculpatul s-a aflat în legitimă apărare
C. inculpatul a săvârșit infracțiunea de loviri sau vătămări cauzatoare de moarte",C
"71.  Cu ocazia efectuării unei percheziții domiciliare, L.R. - în calitate de fiu al lui N. - a ascuns în buzunarele hainei sale bijuteriile care au fuseseră sustrase de către L.N. de la o vecină. Fapta numitului L.R. constituie:","A. infracțiunea de tăinuire
B. complicitate la infracțiunea de furt
C. infracțiunea de favorizarea făptuitorului, însă făptuitorul nu se pedepsește fiind rudă cu L.N.",C
"72.  Inculpatul L.M. a pătruns prin escaladare și efracție în locuința persoanei vătămate F.R., a adunat mai multe bunuri, însă din cauza volumului lor mare, le-a transportat în trei rânduri, fără pauze, la locuința unchiului său. Corecta încadrare juridică este:","A. o singură infracțiune de furt calificat
B. trei infracțiuni de furt calificat aflate în concurs
C. o infracțiune de furt calificat în formă continuată",A
"73.  În data de 24.07.2014, ca urmare a neluării măsurilor de protecția muncii, victima T.A. – angajată în calitate de electrician la societatea Y și aflată în subordinea maistrului F.T. – a fost electrocutată mortal. În această situație vor răspunde penal:","A. numai conducătorul echipei de lucru (maistrul F.T.)
B. numai persoana juridică (societatea Y), întrucât răspunderea acesteia exclude răspunderea persoanei fizice
C. persoana juridică (societatea Y) și persoana fizică (maistrul F.T.)",C
"74.  După un plan bine stabilit, inculpații V.L., S.H. și D.R. s-au înarmat în prealabil cu bâte, au invitat-o pe victimă într-un loc izolat și i-au aplicat multiple lovituri în urma cărora aceasta a decedat. Faptele inculpaților constituie:","A. infracțiunea de lovituri sau vătămări cauzatoare de moarte
B. infracțiunea de omor
C. infracțiunea de omor calificat",C
"75.  În materia concursului de infracțiuni, noul Cod penal consacră principiul:","A. sporului variabil și facultativ
B. cumulului aritmetic
C. sporului obligatoriu și fix",C
"76.  Nu pot fi săvârșite în formă continuată:
[GRILĂ ANULATĂ]","A. infracțiunile praeterintenționate
B. infracțiunile săvârșite din culpă
C. infracțiunile săvârșite împotriva unor subiecți pasivi diferiți",AC
77.  Constituie infracțiunea de tulburare de posesie:,"A. ocuparea, în întregime, sau în parte, fără drept, a unui imobil aflat în posesia altuia
B. ocuparea, în întregime sau în parte, fără drept, prin violență sau amenințare, a unui imobil aflat în posesia altuia
C. ocuparea, în întregime sau în parte, fără drept, prin desființarea sau strămutarea semnelor de hotar, a unui imobil aflat în posesia altuia",BC
"78.  În noaptea de 13/14 aprilie 2015, inculpatul M, aflat sub influența băuturilor alcoolice, a intrat în parcarea unui hotel din orașul C. pentru a sustrage un autovehicul cu care să se deplaseze într-o localitate învecinată. A forțat portiera față - stânga și a încercat să pornească autoturismul prin legătură directă, însă nu a reușit. Prin urmare, a deplasat autoturismul prin împingere până la ieșirea din parcare, moment în care a fost surprins de organele de poliție. Fapta inculpatului K.M. constituie:","A. tentativă la infracțiunea de furt în scop de folosință
B. act de pregătire (preparator)
C. infracțiunea de furt în scop de folosință",A
79.  Circumstanțele reale se răsfrâng asupra autorului și a participanților:,"A. în toate situațiile
B. numai în măsura în care aceștia le-au cunoscut
C. numai în măsura în care aceștia le-au prevăzut",BC
"80.  Depășirea, din cauza tulburării sau temerii, a limitelor unei apărări proporționale cu gravitatea atacului constituie:","A. cauză justificativă
B. cauză de neimputabilitate
C. circumstanță atenuantă legală (obligatorie)",B
"81.  În cauza X/Z/2016 aflată pe rolul Curții de Apel Ploiești având ca obiect judecarea apelului declarat de inculpatul MT, acesta din urmă a formulat cerere de suspendare a cauzei. Constatându-se pe baza unei expertize medico-legale că MT suferă de o boală gravă care îl împiedică să participe la judecată, instanța de judecată a dispus suspendarea cauzei. Încheierea dată de Curtea de Apel Ploiești prin care aceasta a dispus suspendarea cauzei:","A. poate fi atacată separat cu contestație la instanța ierarhic superioară în termen de 3 zile de la pronunțare pentru procuror, părţile şi persoana vătămată prezente, şi de la comunicare, pentru părţile sau persoana vătămată care lipsesc
B. nu este supusă apelului
C. poate fi atacată separat cu contestație la instanța ierarhic superioară în termen de 48 de ore de la pronunțare pentru procuror, părţile şi persoana vătămată prezente, şi de la comunicare, pentru părţile sau persoana vătămată care lipsesc",B
82.  Declararea ședinței nepublice de către instanța de judecată se face:,"A. în camera de consiliu, fără citarea părților
B. în camera de consiliu, după ascultarea părţilor prezente, a persoanei vătămate şi a procurorului
C. în şedinţă publică, după ascultarea părţilor prezente, a persoanei vătămate şi a procurorului",C
"83.  În cauza X/Z/2016 aflată pe rolul Tribunalului Prahova, având ca obiect judecarea inculpatului MM sub aspectul săvârșirii infracțiunii prev. și pe de art. 188 C.pen. - omorul, prin sentința nr.y, inculpatul MM a fost condamnat la x ani închisoare. Inculpatul MM a declarat apel în termen împotriva sentinței y, apel pe care ulterior acesta și l-a retras. Hotărârea Tribunalului Prahova va rămâne definitivă:","A. la data retragerii apelului, când apelul declarat a fost retras înăuntru termenului de apel
B. la data expirării termenului de apel, dacă retragerea apelului s-a produs după expirarea termenului de apel
C. la data retragerii apelului dacă aceasta s-a produs după expirarea termenului de apel",C
"84.  În cauza X/Z/2016, prin sentința nr. y pronunțată la data de 20.07.2016, inculpatul AB a fost condamnat la x ani închisoare sub aspectul săvârșirii infracțiunii prev. și ped. de art. 244 C.pen. - înșelăciunea și obligat la plata a 5000 RON cu titlu de despăgubiri materiale către partea civilă OP. La 22.07.2016, persoana vătămată NN a renunțat în mod expres la calea de atac a apelului. Împotriva sentinței nr. y inculpatul AB a declarat apel în termen. Considerați că persoana vătămată NN:","A. poate reveni asupra renunțării în ceea ce privește latura penală a cauzei până la primul termen de judecată în fața instanței de apel
B. poate reveni asupra renunțării în ceea ce privește latura penală a cauzei înăuntrul termenului pentru declararea apelului
C. poate reveni asupra renunțării în ceea ce privește latura civilă a cauzei până la primul termen de judecată în fața instanței de apel",B
"85.  În cauza X/P/2016, prin rechizitoriul procurorului din data de 20.08.2016, s-a dispus trimiterea în judecată a inculpatului AB sub aspectul săvârșirii infracțiunii prev. și pe de art. 228 C.pen. - furtul. Prin același rechizioriu, față de BC s-a dispus soluția clasării sub aspectul săvârșirii infractiunii de complicitate la furt. În data de 30.08.2016, împotriva soluției de clasare dispusă prin rechizitoriu cu privire la BC, persoana vătămată VB a formulat plângere direct la judecătorul de cameră preliminară, în temeiul disp.art. 340 C.proc.pen. Plângerea astfel formulată de persoana vătămată VB:","A. va fi trimisă pe cale administrativă procurorului ierarhic superior competent să o soluționeze
B. urmează a fi respinsă ca nefondată, în cazul în care judecătorul de cameră preliminară constată că aceasta este neîntemeiată
C. urmează a fi respinsă de judecătorul de cameră preliminară ca inadmisibilă",A
86.  Pot renunța la apel:,"A. procurorul ierarhic superior, după pronunţarea hotărârii şi până la expirarea termenului de declarare a apelului
B. părțile, chiar și înaintea pronunţării hotărârii de către prima instanță, însă numai până la până la închiderea dezbaterilor în fața instanței de apel
C. părțile și persoana vătămată, după pronunţarea hotărârii şi până la expirarea termenului de declarare a apelului",C
"87.  În cauza X/Y/2016 având ca obiect judecarea lui RT pentru săvârșirii infracțiunii prev. și ped. de disp. art. 196 C.pen. - vătămarea corporală din culpă, la al 3-lea termen de judecată, înainte de începerea cercetării judecătorești, partea civilă MM a formulat cerere de introducere în cauză a părții responsabile civilmente SC Y SA, având în vedere că fapta fusese săvârșită în cadrul orelor de program, în timp ce RT conducea autoutilitara încredințată de angajatorul său. Considerați că instanța de judecată:","A. va respinge cererea de introducere în cauză a părții responsabile civilmente SC Y SA, dacă inculpatul RT solicită respingerea acesteia, chiar dacă SC Y SRL declară că nu se opune
B. va admite cererea de introducere în cauză a părții responsabile civilmente, chiar dacă SC Y SA declară că nu se opune şi inculpatul RT solicită respingerea acesteia
C. va admite cererea de introducere în cauză a părții responsabile civilmente SC Y SA, chiar dacă SC Y SRL declară că se opune",BC
88.  După începerea urmăririi penale:,"A. un act al procurorului poate fi infirmat pentru motive de netemeinicie de procurorul ierarhic superior
B. secretul profesional al avocatului nu este opozabil procurorului
C. organele de cercetare penală dispun prin referat asupra actelor procesuale",A
"89.  Curtea de apel Bucureşti, Secţia penală a dispus achitarea inculpatului X, avocat în Baroul Bucureşti pentru săvârşirea infracţiunii de ucidere din culpă în temeiul art.16 lit.b teza I - fapta nu e prevăzută de legea penală. Înalta Curte de Casaţie şi Justiţie, Secţia penală admite apelul declarat de către Parchetul de pe lângă Curtea de Apel Bucureşti, desfiinţează sentinţa atacată şi rejudecând dispune condamnarea inculpatului la o pedeapsă de 2 ani de închisoare cu executare. În această situaţie instanţă de executare va fi:","A. Tribunalul Bucureşti
B. Curtea de Apel Bucureşti
C. Înalta Curte de Casaţie şi Justiţie",B
90.  Cererea de strămutare:,"A. poate fi soluţionată şi de către Curtea Militară de Apel
B. determină suspendarea judecării cauzei în toate situaţiile
C. se depune la instanţa de unde se solicită strămutarea",AC
91.  Măsura controlului judiciar pe cauţiune:,"A. se înlocuieşte obligatoriu cu măsura arestării preventive dacă inculpatul încalcă, cu rea-credinţă, obligaţiile care îi revin
B. poate fi prelungită în cursul urmăririi penale
C. poate fi luată şi de către judecătorul de cameră preliminară",BC
"92.  Pe rolul Tribunalului Bucureşti, Secţia penală s-a înregistrat la data de 02 martie 2016 dosarul în care Direcţia Naţională Anticorupţie – Structura centrală l-a trimis în judecată pe inculpatul X pentru săvârşirea infracţiunii de luare de mită. Înainte de terminarea cercetării judecătoreşti inculpatul depune la dosarul cauzei o adresă emisă de către Uniunea Naţională a Notarilor Publici din România din care rezultă că a dobândit calitatea de notar public începând cu 01 iulie 2016. Ca urmare a acestei situaţii:","A. Tribunalul Bucureşti trebuie să îşi decline competenţa în favoarea Curţii de Apel Bucureşti
B. Tribunalul Bucureşti trebuie să îşi decline competenţa în favoarea Înaltei Curţi de Casaţie şi Justiţie
C. competenţa Tribunalului Bucureşti nu se schimbă",C
"93.  Prin hotărârea definitivă a Curţii de Apel X, Secţia penală s-a dispus încetarea procesului penal faţă de inculpatul AB şi lăsarea nesoluţionată a acţiunii civile exercitate de partea civilă CD. Pentru repararea prejudiciului cauzat prin infracţiune CD introduce acţiune la instanţa civilă. În această situaţie, hotărârea definitivă a instanţei penale:","A. are autoritate de lucru judecat în ceea ce priveşte existenţa prejudiciului
B. are autoritate de lucru judecat în ceea ce priveşte vinovăţia autorului faptei ilicite
C. are autoritate de lucru judecat în ceea ce priveşte existenţa faptei",C
"94.  X este trimis în judecată pentru săvârşirea infracţiunii de furt. Prin hotărârea Judecătoriei Sectorului 2 Bucureşti acesta este condamnat la o pedeapsă de 1 an închisoare cu suspendarea executării pedepsei sub supraveghere şi obligat să plătească părţii civile Y suma de 1000 de lei cu titlu de despăgubiri. De asemenea, instanţa dispune obligarea inculpatului la restituirea către partea civilă a telefonului mobil, proprietatea acesteia, sustras în urma săvârşirii infracţiunii. Apelul declarat de inculpatul X pe latură penală şi latură civilă:","A. suspendă executarea tuturor dispoziţiilor hotărârii penale atacate
B. nu suspendă executarea dispoziţiilor privind restituirea lucrului
C. nu suspendă executarea dispoziţiilor privind plata despăgubirilor civile",B
"95.  În fața instanței de judecată (în cursul cercetării judecătorești) persoana vătămată înțelege să solicite în scris și motivat recuzarea procurorului de ședință, invocând lipsa de imparțialitate a acestuia. Instanța de judecată:","A. poate admite cererea, dispunând desemnarea de către Parchet a altui procuror de ședință
B. va respinge cererea ca inadmisibilă
C. va soluționa cererea de recuzare dar fără participarea procurorului recuzat",B
"96.  În cursul urmăririi penale, avocatul suspectului depune în scris cerere pentru a fi înștiințat despre efectuarea actelor de urmărire penală în cauză întrucât dorește să asiste la efectuarea acestora. Organul de cercetare penală, pe baza dispoziției procurorului care efectuează urmărirea penală, procedează la audierea martorului X fără înștiințarea apărătorului. Aflând a doua zi despre audierea ce a avut loc fără înștiințarea sa, avocatul are dreptul:","A. să formuleze contestație la judecătorul de drepturi și libertăți împotriva actului de urmărire penală efectuat cu nerespectarea dreptului la apărare și să solicite anularea acestuia
B. să se adreseze cu o plângere la procurorul ce efectuează urmărirea penală, acesta trebuind să o soluționeze în termen de 20 de zile de la momentul audierii martorului
C. să formuleze plângere la procurorul ierarhic superior celui ce efectuează urmărirea penală, acesta trebuind să o rezolve plângerea și să comunice soluția, precum și motivarea acesteia, în cel mult 48 de ore",C
"97.  Procurorul X de la Parchetul de pe lângă Înalta Curte de Casație și Justiție, fiind procuror ce efectuează urmărirea penală în dosarul A/P/2016, în cursul urmăririi penale a solicitat Înaltei Curți de Casație și Justiție desemnarea unui alt Tribunal care să fie sesizat în cazul în care se va emite rechizitoriul. Cu ocazia soluționării cererii, Înalta Curte de Casație și Justiție:","A. dacă găsește cererea ca fiind întemeiată, trebuie să o admită și să desemneze o altă instanță egală în grad din circumscripția aceleiași Curți de Apel pentru a fi sesizată în caz că se va emite rechizitoriul
B. trebuie să decline competența de soluționare a cererii în favoarea Curții de Apel în a cărei rază teritorială se află Tribunalul căruia îi revenea competența de judecată potrivit legii
C. trebuie să respingă cererea ca inadmisibilă",B
98.  Înalta Curte de Casație și justiție este competentă să judece:,"A. în primă instanță, infracțiunea de vătămare corporală din culpă comisă de un judecător al Curţii Militare de Apel
B. în primă instanță, infracțiunea de tentativă de omor comisă de un grefier de la judecătorie asupra unui procuror al Parchetului de pe lângă Înalta Curte de Casație
C. ca instanță de apel, calea de atac declarată împotriva sentinței prin care instanța de fond competentă a judecat infracțiunea săvârșită de un judecător al Curţii Constituţionale",C
"99.  În cursul urmăririi penale, audierea martorului:","A. se realizează întotdeauna separat și fără prezența altor martori
B. poate fi extinsă și asupra unor aspecte ce nu au legătură cu fapta comisă, dar care în schimb permit verificarea credibilității sale
C. se înregistrează, în mod obligatoriu, prin mijloace tehnice audio sau audiovideo",AB
100.  Dacă persoana vătămată a decedat la scurt timp după ce a sesizat organul de urmărire penală prin introducerea în termen a plângerii prealabile:,"A. se va dispune clasarea cauzei fără a se mai începe urmărirea penală
B. decesul persoanei vătămate nu împiedica începerea urmăririi penale
C. procesul penal va fi suspendat până la indicarea de către făptuitor a moștenitorilor persoanei vătămate",B
