"1.  AA a formulat o cerere de primire în profesia de avocat, cu scutire de examen, prevalându-se de faptul că, timp de 2 ani şi 6 luni, a exercitat funcţia de magistrat asistent la Secţia de Contencios Administrativ şi Fiscal a Înaltei Curţi de Casaţie şi Justiţie, funcţie pe care continuă de altfel să o exercite şi la data înregistrării cererii mai sus indicate. Consiliul baroului căruia îi este adresată cererea lui AA:","A. va admite această cerere, cu motivarea că funcţia de magistrat asistent la Înalta Curte de Casaţie şi Justiţie este o funcţie asimilată celei de judecător la Înalta Curte de Casaţie şi Justiţie
B. va respinge această cerere, cu motivarea că mandatul exercitat de AA la Înalta Curte de Casaţie şi Justiţie, în funcţia de magistrat asistent, nu a avut o durată de cel puţin 5 ani la data promovării cererii
C. va respinge această cerere, cu motivarea că funcţia de magistrat asistent la Înalta Curte de Casaţie şi Justiţie nu permite, din punct devedere legal, intrarea în profesia de avocat fără examen",C
"2.  BB exercită de 7 ani o funcţie de judecător la Judecătoria X. La data împlinirii acestei vechimi în magistratură, BB formulează şi înregistrează la Baroul X o cerere de înscriere la proximul examen organizat pentru dobândirea titlului profesional de avocat definitiv. La această cerere, în termen legal, CC face opoziţie, arătând şi dovedind că, la adresa judecătorului în exerciţiu BB a fost depusă o sesizare cu caracter disciplinar la Consiliul Superior al Magistraturii. Opoziţia lui CC:","A. va fi admisă, cu motivarea că sesizarea disciplinară înregistrată la Consiliul Superior al Magistraturii împotriva lui BB pune sub un serios semn al îndoielii buna reputaţie a autorului cererii
B. va fi admisă, cu motivarea că baroul căruia i-a fost adresată o astfel de cerere are un drept suveran în a decide dacă acordă sau nu vreunei persoane îndreptăţite beneficiul de a se prezenta la examenul organizat pentru dobândirea titlului profesional de avocat definitiv, ceea ce echivalează, practic, cu o scutire de stagiu
C. va fi respinsă ca neîntemeiată",C
3.  Avocatul care a dobândit calitatea de asociat la o societate cu răspundere limitată:,"A. devine incompatibil
B. trebuie să încunoştiinţeze în scris baroul
C. nu se află în stare de incompatibilitate",C
"4.  Avocatul X  are calitatea de consilier județean, calitate în care a fost mandatat de Consiliul județean din județul A să îndeplinească funcţia de membru în consiliul de administraţie al unei companii aflate în subordinea acestuia. Avocatul X are obligația:","A. să facă cerere de suspendare din exercițiul profesiei  de avocat pentru că se află într-o situație de interdicție de a profesa
B. să aducă acest fapt la cunoştinţa decanului baroului în care îşi exercită profesia și să furnizeze toate explicaţiile asupra condiţiilor în care exercită funcţia de membru al consiliului de administraţie și toate documentele doveditoare în acest sens
C. să părăsească funcţia pe care o ocupă în consiliul de administraţie dacă baroul emite o decizie prin care constată că exercitarea funcției este incompatibilă cu regulile de conduită impuse avocaţilor",BC
"5.  Avocatul X a fost desemnat de Serviciul de Asistență Judiciară al baroului să asigure asistența juridica gratuită obligatorie într-o cauză penală. Cum va proceda acesta dacă, după două termene de judecată, se prezintă în cauză un alt avocat angajat de persoana în cauză:","A. se retrage din cauză având în vedere că încetează mandatul său
B. continuă să asigure asistența juridică având în vedere că a primit însărcinarea de la Serviciul de Asistență Judiciară
C. solicită avocatului angajat în cauză plata cheltuielilor efectuate până la acel moment în cauză",A
"6.  Avocatul AA, suspendat din exerciţiul profesiei, la cererea sa, a solicitat consiliului baroului X să fie înscris pe tabloul avocaţilor, cu menţiunea că este avocat suspendat. Consiliul Baroului X a respins cererea lui AA cu motivarea că un avocat suspendat din exerciţiul profesiei nu are nici un interes să fie trecut în tabloul avocaţilor. Împotriva acestei hotărâri avocatul AA a formulat o contestaţie, pe care Consiliul U.N.B.R.:","A. a admis-o, cu motivarea că şi avocatul suspendat din exerciţiul profesiei se bucură de dreptul de a figura în conţinutul tabloului avocaţilor şi că radierea din tabloul avocaţilor poate fi dispusă de la data încetării calităţii de avocat
B. a respins-o ca lipsită de interes
C. a respins-o, cu motivarea că numai după ridicarea suspendării, avocatul AA va putea fi trecut în tabloul avocaţilor baroului X",A
7.  Fondurile financiare încredințate avocatului de către client:,"A. pot fi reținute direct de către avocat pentru a-și obține onorariul pe care clientul refuză să-l plătească
B. vor fi trecute în cadrul unei evidențe contabile distincte care se păstrează o perioadă de 10 ani după încetarea contractului de reprezentare cu clientul
C. vor putea fi plasate în conturi bancare purtătoare de dobânzi, acestea (dobânzile) putând fi utilizate de către avocat pentru acoperirea onorariilor restante",B
8.  Contactul dintre avocat şi clientul său:,"A. nu poate fi stânjenit sau controlat, direct sau indirect, de niciun organ al statului
B. poate fi restricţionat în cazul în care clientul se află în stare de arest preventiv şi interesele bunei administrări a justiţiei impun acest lucru
C. în cazul în care clientul se află în stare de detenţie, administraţia locului de detenţie are obligaţia de a lua măsurile necesare pentru asigurarea acestui contact",AC
"9.  În activitatea pe care o desfăşoară, avocatul:","A. este obligat să se abţină de la asistarea şi sfătuirea conştientă a unui client în activităţi infracţionale
B. avocatul nu poate iniţia, în nicio situaţie, demersuri pentru o consiliere comună a părţilor aflate în conflict
C. sfătuirea clientului se va rezuma la expunerea unor prevederi legale şi nu va avea în vedere şi consecinţele de ordin moral, economic, social şi politic care ar putea avea relevanţă în situaţia respectivă",A
10.  Acordarea asistenţei judiciare obligatorii se face:,"A. numai la solicitarea persoanelor lipsite de posibilităţi financiare de a angaja un apărător
B. numai ca urmare a solicitării motivate din partea instanţei, a organului de urmărire penală, a organului de cercetare penală sau a organului administraţiei publice locale, adresată baroului
C. numai la propunerea decanului baroului",B
"11.  Formele de exercitare a profesiei de avocat sunt supuse, printre altele, următoarelor principii:","A. avocatul asociat poate avea calitatea de avocat colaborator în cadrul profesiei
B. avocatul titular al cabinetului individual poate avea, în acelaşi timp, calitatea de avocat colaborator în cadrul profesiei
C. avocatul colaborator are dreptul de a avea clientelă proprie numai prin intermediul formei de exercitare a profesiei la care colaborează şi cu condiţia informării corespunzătoare a baroului",C
12.  În contractul de asistență juridică părțile pot insera clauze cu privire la:,"A. suprafața de teren care va reveni avocatului în cazul în care clientul său va câștiga procesul având ca obiect revendicarea unui teren
B. un onorariu de succes pentru situaţia achitării clientului pentru fapta penală ce face obiectul procesului penal
C. suportarea de către client a cheltuielilor estimate a fi efectuate în interesul procesual al clientului",C
"13.  În activitatea sa, avocatul:","A. nu este obligat să motiveze refuzul preluării unui caz ce se propune a-i fi încredinţat, dacă acesta nu corespunde crezului său profesional, cu excepţia dosarelor repartizate obligatoriu sau a gratuităţilor
B. avocatul poate folosi ca mijloc de probă copii ale actelor încredinţate de client, păstrând actele originale în vederea prezentării la cererea instanţei
C. în scopul asigurării secretului profesional, păstrează lucrările numai la sediul profesional sau la locuinţa sa (care nu este în acelaşi timp şi sediu profesional)",AB
14.  În cazul în care un avocat încheie un contract de asistenţă juridică cu un client:,"A. avocatul este împuternicit să efectueze orice act specific profesiei pe care îl consideră necesar pentru realizarea intereselor clientului, cu condiţia ca aceste acte să fie menţionate expres în contractul de asistenţă juridică
B. avocatul se legitimează, în baza acestui contract, faţă de terţi prin prezentarea originalului sau a unei copii certificate a contractului
C. pentru activităţile prevăzute expres în cuprinsul obiectului contractului de asistenţă juridică, acesta reprezintă un mandat special",C
"15.  Avocatul AA a încheiat un contract de asistenţă juridică cu clientul X pentru a-l reprezenta pe acesta într-un dosar de apel ce se afla pe rolul Curţii de Apel Bucureşti. Pentru reprezentarea în faţa instanţei de apel se stabileşte un onorariu de angajare de 3500 de lei, onorariu achitat la semnarea contractului şi un onorariu de succes e 10000 de lei pentru obţinerea unei soluţii de respingere a apelului ca neîntemeiat. Curtea de apel, după cinci termene de judecată, respinge respectivul apel ca neîntemeiat. Avocatul angajat de clientul X nu s-a prezentat la nici un termen de judecată şi nu a depus nici un act de procedură la dosarul cauzei. După pronunţarea soluţiei din apel, avocatul AA îl notifică pe clientul X să-i achite onorariul de succes de 10000 de lei, în caz contrar urmând a declanşa executarea silită. În acest caz:","A. clientul X nu poate formula vreo reclamaţie sau contestaţie cu privire la onorariul de 10000 de lei deoarece a semnat contractul de asistenţă juridică, contract care este titlu executoriu pentru onorariile neîncasate
B. clientul X se poate adresa cu o contestaţie sau reclamaţie privind onorariul de 10000 de lei la decanul baroului din care face parte avocatul AA
C. clientul X se poate adresa cu o contestaţie sau reclamaţie privind onorariul de 10000 de lei la consiliul baroului din face parte avocatul AA care se va pronunţa, în termen de cel mult 30 de zile de la data sesizării, prin hotărâre motivată",B
"16.  Avocat MM a fost suspendat din exerciţiul profesiei urmare a faptului că a fost trimis în judecată pentru infracţiunea de vătămare corporală din culpă ca urmare a unui accident de circulaţie auto. Avocat MM a atacat hotărârea de suspendare, iar Consiliul U.N.B.R. a decis:","A. menţinerea hotărârii de suspendare, cu motivarea că un consiliu al unui barou se bucură de un drept suveran de apreciere în privinţa gravităţii infracţiunii săvârşite de un avocat şi care, prin atingerea adusă prestigiului profesiei de avocat, ar justifica luarea măsurii suspendării din exerciţiul profesiei
B. anularea hotărârii de suspendare, cu motivarea că infracţiunea pentru care avocatul MM a fost trimis în judecată nu este de natură a aduce atingere prestigiului profesiei de avocat
C. anularea hotărârii de suspendare, cu motivarea că avocatul MM nu a fost condamnat definitiv pentru infracţiunea pentru care a fost trimis în judecată",B
17.  Avocatul răspunde disciplinar pentru:,"A. refuzul nejustificat de a prelua un caz atunci când este desemnat să acorde ajutor public judiciar
B. nerespectarea deciziilor obligatorii adoptate de organele de conducere ale baroului, de organele profesiei la nivel naţional, precum şi pentru orice fapte săvârşite care sunt de natură să prejudicieze onoarea şi prestigiul profesiei de avocat sau ale instituţiei
C. pentru neplata taxelor profesionale pe o perioadă de 2 luni",AB
18.  Obligaţia avocaţilor de realizare a pregătirii profesionale continue:,"A. se realizează în cadrul barourilor
B. se realizează în cadrul Institutului Naţional pentru Pregătirea şi Perfecţionarea Avocaţilor
C. nu se poate realiza în cadrul formelor de exercitare a profesiei",AB
19.  În ceea ce priveşte atribuţiile consiliul baroului:,"A. consiliu verifică şi constată îndeplinirea condiţiilor legale ale cererilor de primire în profesie şi aprobă primirea în profesie cu scutire de examen
B. consiliul alege decanul baroului
C. consiliul aprobă proiectul de buget anual al baroului, la propunerea decanului",A
20.  Comisia centrală de disciplină judecă:,"A. ca instanţă de fond, în complet de 3 membri, abaterile membrilor Consiliului U.N.B.R. şi ale membrilor consiliului baroului
B. în recurs, în complet de 3 membri, contestaţiile declarate de avocatul interesat, împotriva deciziilor pronunţate de comisiile de disciplină ale barourilor
C. în complet de 5 membri, contestaţiile declarate de decanul baroului şi de preşedintele",B
"21.  A, B și C au moștenit, în cote egale, un imobil – construcție, în suprafață utilă de 250 mp. Întrucât imobilul este adecvat desfășurării activității unui cabinet dentar, A și B au încheiat un contract de locațiune, pe termen de 5 (cinci) ani, cu clinica dentară Beauty Smile, la data de 1 septembrie 2014. C nu a fost este de acord cu actul încheiat de frații săi A și B și vă întreabă ce ar trebui sa știe din punct de vedere legal pentru a-și proteja drepturile. Selectați din cele de mai jos:","A. să exercite, înainte de partaj, o acțiune posesorie împotriva terțului care a intrat în posesia bunului comun în urma încheierii actului, pentru restituirea posesiei în folosul tuturor coproprietarilor
B. având în vedere că nu a consimțit expres sau tacit la încheierea contractului de locațiune, acesta nu îi este opozabil
C. contractul de locațiune a imobilului reprezintă un act de administrare cu privire la bunul comun care poate fi făcut cu acordul coproprietarilor ce dețin majoritatea cotelor – părți",AB
"22.  X, pus sub interdicție prin hotărâre judecătorească, se află în dușmănie cu vecinul său Y de multă vreme. Profitând de faptul că vecinul și familia acestuia erau plecați din țară în vacantă, X, într-un moment de furie, a pătruns în curtea vecină și a incendiat un garaj în care vecinul își ținea un autoturism de lux și diverse alte obiecte. Prejudiciul produs se ridică la peste 250.000 lei. Y vă întreabă care dintre ipotezele de mai jos este legală:","A. întrucât este pus sub interdicție, X nu răspunde pentru fapta sa ilicită, chiar dacă se dovedește că avea discernământ
B. X răspunde pentru fapta sa ilicită dacă se dovedește că avea discernământ la data faptei
C. X poate fi obligat la plata unei indemnizații către victimă, chiar dacă a acționat fără discernământ, în cazul în care nu poate fi angajată răspunderea persoanei care avea, potrivit legii, îndatorirea de a-l supraveghea",BC
"23.  N.P. este proprietarul unei turme de 100 de oi pentru care a încheiat un contract de uzufruct cu U.Z., la data de 15 martie 2015. Acesta din urmă a plecat cu turma la munte unde are o stână și câțiva ciobani angajați care asigură paza oilor. Într-una din nopți, în timpul unei furtuni cu tunete și trăznete, animalele s-au speriat și au scăpat din adăpost, iar ciobanilor le-a fost imposibil să le mai adune. Peste 60 de oi au căzut într-o prăpastie și au murit. Nudul proprietar a fost înștiințat de către uzufructuar despre nenorocire. Acesta din urmă vă cere sfatul cu privire la posibilitățile pe care le are din punct de vedere legal pentru a-și recupera turma de oi de la uzufructuar. În acest caz:","A. uzufructuarul este obligat să restituie numai pieile animalelor pierite, sau valoarea acestora
B. nudul proprietar se poate îndrepta împotriva ciobanilor, în temeiul răspunderii pentru prejudiciile cauzate de animale
C. dacă turma nu a pierit în întregime, uzufructuarul este obligat să înlocuiască animalele pierite cu cele de prăsilă",C
"24.  La data de 15 octombrie 2013, părtile au încheiat, prin înscris sub semnatură privată, un contract de vânzare cu privire la un teren situat în intravilanul comunei pe care cumparătorul intenționa să-și construiască o casă de locuit. La data semnării actului, vânzătorul a predat posesia terenului către cumpărător, iar acesta din urmă a plătit prețul convenit. După o perioadă de timp, când cumpărătorul a încercat să facă demersuri pentru obținerea autorizaței de construire, a aflat că nu a devenit proprietarul terenului, întrucât actul trebuia încheiat în formă autentică la notar. Care dintre sfaturile juridice de mai jos credeți că este/sunt corect/e din punct de vedere legal?","A. contractul nul poate fi refăcut cu respectarea tuturor condițiilor prevăzute de lege la data refacerii lui, respectiv forma autentică cerută pentru vânzarea terenurilor
B. contractul refăcut în formă autentică produce efecte de la data încheierii între părți a actului sub semnătură privată
C. contractul, nul ca vânzare, poate produce - prin conversiune - efectele unei promisiuni bilaterale de vânzare, dacă sunt îndeplinite condițiile de fond și de formă prevăzute de lege pentru aceasta",AC
"25.  În urma admiterii unei acțiuni în revendicare, locatorul a pierdut dreptul de proprietate asupra unui imobil care făcea obiectul unui contract de locațiune încheiat pe termen de 5 ani. La momentul rămânerii definitive a hotărârii judecătorești, mai erau 3 ani și 5 luni din termenul locațiunii. La data încheierii contractului, locatarul s-a asigurat că locatorul are dreptul de a închiria bunul, acesta fiind înregistrat în cartea funciară ca titular exclusiv al dreptului de proprietate. În plus, la acel moment, nu exista niciun litigiu pe rol împotriva locatorului. Selectați sfatul juridic corect din punct de vedere legal pentru locatar:","A. desființarea dreptului locatorului determină încetarea de drept a contractului de locațiune, chiar dacă locatarul a fost de bună-credință la încheierea locațiunii, așa încât acesta trebuie să restituie imediat spațiul închiriat către adevăratul proprietar
B. locațiunea va continua să producă efecte până la expirarea duratei termenului contractual de 5 ani
C. locațiunea va continua să producă efecte, dar nu mai mult de un an de la data desființării titlului locatorului, dacă locatarul a fost de bună-credință la încheierea contratului",C
"26.  B.E. a primit o ofertă de donație, în formă autentică, de la O.D., cu privire la o casă de vacanță în Bușteni. După ce a acceptat donația în formă autentică, B.E. s-a îmbolnăvit și a neglijat să i-o comunice ofertantului. Între timp, B.E. a decedat, iar moștenitorii săi au găsit și comunicat acceptarea ofertei către O.D. Din păcate, aceștia au aflat că și ofertantul decedase între timp, înainte de comunicarea acceptării. Moștenitorii lui B.E. vă întreabă în ce măsură oferta și acceptarea manifestate separat au produs efecte în sensul încheierii donației?","A. decesul ofertantului atrage caducitatea ofertei de donație
B. moștenitorii destinatarului ofertei pot să accepte oferta de donație după decesul destinatarului ei
C. moștenitorii destinatarului defunct pot să comunice acceptarea făcută de acesta dar, ca urmare a decesului ofertantului, acceptarea este caducă",C
"27.  Minorul R, în vârstă de 17 ani și 10 luni, a făcut o mișcare bruscă în curtea școlii și a lovit-o, fără să vrea, pe colega lui de clasă, N. Din cauza loviturii, aceasta a suferit niște contuzii minore care au necesitat câteva zile de îngrijiri medicale. Tatăl minorei N a fost revoltat de întregul incident și, de față cu aceasta și alți colegi, l-a amenințat pe R cu plângere la poliție și reclamații la Inspectoratul școlar, așa încât să-l împiedice să-și dea bacalaureatul. Sub presiunea acestor amenințări R, devenit major între timp, a acceptat încheierea unei tranzacții prin care și-a asumat plata unor despăgubiri în sumă de 15.000 euro (echivalentul în lei la data plății). Cuantumul despăgubirilor era vădit excesiv față de prejudiciul real suferit de victimă și circumstanțele faptei, dar R era speriat de amenințările tatălui victimei și nu voia să rateze examenul de bacalaureat. Întrucât lui R i-a fost imposibil să procure suma menționată, a fost chemat în judecată recent pentru a fi obligat la plată. R vă cere sfatul juridic. Selectați dintre apărările de mai jos:","A. R poate cere anularea contractului de tranzacție pentru vicierea consimțământului prin violență
B. R poate cere anularea contractului de tranzacție pentru leziune
C. R poate opune nulitatea relativă a contractului de tranzacție pe cale de excepție, dacă i se cere executarea acestuia",AC
"28.  X a cumpărat un imobil, care se afla în proprietatea unui terț, de la Y, acesta din urmă obligându-se să asigure transmiterea dreptului de proprietate de la titularul său către X în termen de 3 luni de la încheierea contractului. X a aflat recent că Y a dobândit proprietatea asupra imobilului, dar, deși mai sunt câteva zile până la expirarea termenului de 3 luni, nu l-a înștiințat despre aceasta. Ce consultanță juridică îi acordați lui X:","A. dacă Y nu încheie un nou contract de vânzare pentru transmiterea proprietății către X, acesta din urmă poate cere rezoluțiunea contractului, restituirea prețului și daune interese, dacă este cazul
B. proprietatea se strămută de drept cumpărătorului din momentul dobândirii bunului de către vânzător, așa încât obligația vânzătorului de transmitere a dreptului de proprietate se consideră executată
C. X poate cere instanței să pronunțe o hotărâre care să țină loc de contract de vânzare",B
"29.  D.R. locuiește în străinătate de câțiva ani și a moștenit un imobil, situat în oraşul P, de la tatăl său. Întrucât nu a fost în măsură să se ocupe de această proprietate, la sfatul unui avocat, a dat o declarație în formă autentică prin care a renunțat la dreptul de proprietate, iar declarația a fost înregistrată în cartea funciară, la data de 10.08.2015. Din câte știe, consiliul local al oraşului P a luat act de renunțarea lui printr-o hotărâre. Recent, D.R. a găsit un posibil cumpărător al imobilului și s-a răzgândit cu privire la renunțare. Întrucât în cartea funciară este înregistrată doar declarația lui și nu figurează un alt proprietar, vă întreabă dacă poate reveni asupra declarației de renunțare pentru a vinde imobilul. Selectați răspunsul/rile pe care îl/le considerați corect/e din cele de mai jos:","A. imobilul la care D.R. a renunțat a intrat în domeniul privat al oraşului P prin hotărârea consiliului local
B. imobilul la care D.R. a renunțat nu poate fi dobândit de oraşul P fără înscriere în cartea funciară
C. dreptul de proprietate al lui D.R. s-a stins prin înscrierea în cartea funciară, în condițiile legii, a declarației de renunțare",AC
"30.  L era logodnica lui V și urmau să se căsătorească în câteva luni. Cei doi locuiau împreună iar L, care era studentă, se afla în întreținerea logodnicului său care lucra într-o companie multinațională. Într-o dimineață, în timp ce se îndrepta spre locul de muncă, V a fost acroșat de un autoturism care circula haotic și în viteză și aruncat câțiva metri de la locul impactului. V a suferit traumatisme grave și a decedat în salvare, în drum spre spital. S-a dovedit că autorul accidentului era în stare de ebrietate. L a urmărit îngrozită întreaga scenă și a suferit o trauma emoțională serioasă care necesită consiliere psihologică pe termen lung. L vă întreabă dacă ar putea obține despăgubiri de la autorul accidentului, potrivit legii.","A. L poate obține despăgubiri pentru restrângerea posibilităților sale de viață familială și socială
B. L nu ar putea obține despăgubiri materiale de la autorul accidentului întrucât, chiar dacă V îi presta întreținere în mod curent, nefiind căsătorită cu victima, nu era îndreptățită prin lege la întreținere din partea acesteia
C. L ar putea obține despăgubiri de la autorul faptei ilicite pentru durerea încercată prin moartea victimei, dacă poate face dovada existenței unui astfel de prejudiciu",C
"31.  L a data de 15 martie 2013, P, în calitate de locator, a încheiat un contract de locațiune pe durată nedeterminată cu C, în calitate de locatar, cu privire la un imobil situat în zona de nord a capitalei. Părțile au prevăzut dreptul fiecăreia de a denunța unilateral contractul, cu un termen de preaviz de 60 de zile, precum și încetarea contractului de locațiune în caz de înstrăinare a imobilului. Contractul a fost notat în cartea funciară. După doi ani, P a încheiat un contract de vânzare a apartamentului cu D care nu dorește continuarea locațiunii. D vrea să știe în ce măsură contractul de locațiune îi este opozabil și când ar putea obține restituirea bunului de la locatar:","A. D poate denunța unilateral contractul cu respectarea unui termen de preaviz de 60 de zile
B. locațiunea rămâne opozabilă lui D pentru un termen de două ori mai mare decât cel prevăzut pentru notificarea denunțării contractului, respectiv 120 de zile de la data notificării înstrăinării către locatar
C. locațiunea va continua să producă efecte și după notificarea înstrăinării către locatar, dar nu mai mult de un an de la data înstrăinării dreptului de către locator",B
32.  Eroarea:,"A. de drept nu poate fi considerata viciu de consimțământ, chiar dacă privește o normă juridică determinantă, potrivit voinței părților, pentru încheierea contractului
B. provocată de manoperele frauduloase ale celeilalte parți, viciază consimțământul chiar dacă nu a fost esențială
C. care poartă asupra unui element cu privire la care riscul de eroare trebuia să fie asumat de cel care o invocă, nu atrage anularea contractului",BC
33.  În materia contractului de mandat:,"A. mandatarul datorează dobânzi, începând din ziua întrebuințării, pentru sumele întrebuințate în folosul său cu care a rămas dator
B. mandantul nu este obligat să plătească mandatarului remunerația convenită, dacă mandatul cu titlu oneros nu a putut fi executat, independent de culpa mandatarului
C. mandantul poate oricând revoca tacit un mandat dat în formă autentică, chiar dacă a fost declarat irevocabil",C
34.  Prejudiciul:,"A. cauzat prin pierderea unei șanse de a obține un avantaj se acoperă numai în cazul răspunderii civile delictuale nu și a celei contractuale
B. pe care creditorul l-ar fi putut evita cu o minimă diligență nu dă dreptul la despăgubiri
C. se stabilește și prin includerea cheltuielilor pe care creditorul le-a făcut, într-o limită rezonabilă, pentru evitarea sau limitarea prejudiciului",BC
35.  Bunurile proprietate publică:,"A. nu pot fi dobândite de terți prin uzucapiune însă, dacă sunt mobile, pot fi dobândite prin posesie de bună-credință
B. pot fi donate în interes public
C. pot fi dobândite prin legat, acceptat în condițiile legii, dacă, prin natura lor sau prin voința dispunătorului, devin de uz ori de interes public",C
36.  Reprezentarea succesorală operează:,"A. chiar dacă reprezentantul este nedemn față de reprezentat
B. chiar daca reprezentantul este nedemn față de cel care lasă moștenirea
C. chiar dacă reprezentantul a renunțat la moștenirea lăsată de reprezentat",AC
37.  În materia îmbogățirii fără justă cauză:,"A. cererea de restituire are caracter subsidiar și nu poate fi admisă dacă cel prejudiciat are dreptul la o altă acțiune pentru a obține ceea ce îi este datorat
B. restituirea este datorată de cel care s-a îmbogățit fără justă cauză, în mod imputabil, în măsura pierderii patrimoniale suferite de cealaltă persoana
C. restituirea nu este datorată decât dacă îmbogățirea subzistă la data sesizării instanței",AC
38.  Rezoluțiunea:,"A. operează de plin drept, ori de cate ori s-a convenit că rezultă din simplul fapt al neexecutării
B. produce efecte și asupra clauzelor referitoare la soluționarea diferendelor
C. unilaterală poate fi declarată de partea interesată și atunci când comportamentul celeilalte parți face imposibilă executarea contractului de întreținere în condiții conforme bunelor moravuri",A
39.  Prescripția dreptului la acțiune:,"A. curge între soți dacă sunt separați în fapt
B. în răspundere pentru viciile ascunse ale unei lucrări executate, alta decât o construcție, curge de la împlinirea unui an de la data recepției finale a lucrării, chiar dacă viciul a fost descoperit mai înainte
C. nu poate fi aplicată de organul de jurisdicție chiar dacă ar fi în interesul statului sau al unităților sale administrativ-teritoriale",AC
40.  Decăderea din beneficiul termenului:,"A. face ca obligația sa devina de îndată exigibila
B. a unui debitor solidar este opozabila și celorlalți codebitori
C. poate fi cerută și atunci când debitorul ajunge în situația de a nu mai satisface o condiție considerată, în mod tacit, esențială de creditor la data încheierii contractului, chiar dacă nu este stipulată expres posibilitatea sancțiunii decăderii",A
41.  În ceea ce priveşte contestaţia privind tergiversarea procesului:,"A. aceasta se poate face în scris sau verbal în şedinţă şi se depune la instanţa superioară instanţei învestite cu soluţionarea procesului în legătură cu care se invocă tergiversarea procesului
B. aceasta se soluţionează de îndată sau în termen de cel mult 5 zile, cu citarea părţilor
C. când instanţa apreciază contestaţia ca fiind întemeiată, va pronunţa o încheiere nesupusă nici unei căi de atac",C
"42.  Prin cererea de chemare în judecată reclamantul AA solicită, în contradictoriu cu pârâtul BB, constatarea nulităţii unui contract încheiat între aceștia, pentru cauză ilicită. În acest caz:","A. competența materială a instanței se stabilește în funcție de valoarea obiectului contractului, numai dacă se solicită repunerea părților în situația anterioară
B. competența materială a instanței se stabilește în funcție de valoarea obiectului contractului, chiar dacă nu se solicită repunerea părților în situația anterioară
C. reclamantul poate alege, din punct de vedere teritorial, între instanța de la domiciliul pârâtului și cea a locului prevăzut în contract pentru executarea, fie chiar în parte, a obligației contractuale",BC
"43.  Prin cererea introdusă la Judecătoria Y, reclamantul AA, cu domiciliul în localitatea X, cheamă în judecată pe pârâtul BB, cu domiciliul în localitatea Y, solicitând instanţei obligarea pârâtului la plata unei sume de bani reprezentând despăgubiri rezultate din săvârşirea de către pârât a unei fapte ilicite pe teritoriul localităţii Z. La primul termen, verificându-şi competenţa, instanţa constată din oficiu că nu este competentă teritorial şi, după punerea în discuţia părţilor a excepţiei necompetenţei teritoriale, declină competenţa în favoarea Judecătoriei Z, în a cărei circumscripţie s-a săvârşit fapta ilicită. În acest caz Judecătoria Y:","A. a procedat corect declinând competenţa în favoarea Judecătoriei Z., întrucât potrivit regulilor competenţei teritoriale, în acest caz, competenţa aparţine exclusiv instanţei în a cărei circumscripţie s-a săvârşit fapta ilicită
B. a procedat corect deoarece la primul termen de judecată, în primă instanţă, la care părţile sunt legal citate, judecătorul este obligat să verifice, din oficiu, competenţa generală, materială şi teritorială
C. a procedat greşit, întrucât este un caz de competenţă teritorială alternativă, iar reclamantul are alegerea între instanţele deopotrivă competente, instanţa neputând, din oficiu, să invoce excepţia de necompetenţă teritorială şi să decline soluţionarea cauzei",C
"44.  Clienta AA se adresează avocatului X,  solicitându-i să formuleze acțiune având ca obiect: ”să se constate că AA este singura moştenitoare a defunctului D, decedat la 10.11.2014, în calitate de nepoată”. Întrebată fiind, de către avocat, cine ar avea calitate de pârât, clienta a arătat că este singura moştenitoare a defunctului şi nu are cu cine să se judece. În aceste condiții:","A. avocatul va formula o cerere în procedură necontencioasă, pentru a i se recunoaşte şi a i se consolida petentei dreptul obţinut prin succesiune
B. avocatul nu va declanșa o acțiune în justiție, explicându-i clientei sale că orice cerere de chemare în judecată trebuie să cuprindă, printre altele, numele şi domiciliul părţilor, sub sancţiunea nulităţii; în speță, nu este determinat pârâtul și, în lipsa acestui element esențial, o astfel de cerere ar fi declarată nulă
C. avocatul va putea formula o cerere în procedură contencioasă, în contradictoriu cu Statul român, pentru a i se recunoaşte şi a i se consolida reclamantei dreptul obţinut prin succesiune",B
45.  Încheierea prin care se respinge ca inadmisibilă cererea de intervenție voluntară:,"A. are caracter interlocutoriu, este motivată și nu poate fi atacată decât odată cu fondul
B. are caracter interlocutoriu, este motivată și poate fi atacată separat numai cu apel, atunci când cererea de intervenție s-a făcut în fața primei instanțe
C. nu este supusă nici unei căi de atac",B
46.  În ceea ce priveşte excepţia de litispendenţă:,"A. dacă instanţele sunt de acelaşi grad, aceasta se invocă înaintea primei instanţe sesizate
B. dacă instanţele sunt de grad diferit, aceasta se invocă înaintea instanţei de grad superior
C. aceasta se va soluţiona printr-o încheiere care poate fi atacată numai odată cu fondul",C
47.  În cazul procedurii de asigurare a probelor:,"A. încheierea de admitere a cererii de asigurare este executorie şi nu este supusă nici unei căi de atac
B. încheierea de respingere a cererii de asigurare poate fi atacată separat cu recurs
C. încheierea prin care se constată administrarea probele asigurate nu este supusă nici unei căi de atac",AC
"48.  Prin cererea de chemare în judecată, reclamantul AA a solicitat evacuarea pârâtului BB, pentru neplata chiriei şi stricăciuni aduse locuinţei, proprietatea reclamantului. La al doilea termen de judecată, pârâtul BB a achitat chiria restantă şi cheltuielile de întreținere. La acelaşi termen, reclamantul, observând că din probele administrate în cauză rezultă că pârâtul a întreţinut locuinţa în mod corespunzător, a depus o precizare de acţiune prin care a solicitat evacuarea lui BB pentru lipsa titlului locativ, invocând faptul că, în realitate, acesta nu avea contract de închiriere cu proprietarul apartamentului. În acest caz:","A. pârâtul se poate opune la primirea acestei ”precizări”, motivând că este o modificare a cererii de chemare în judecată, făcută peste termenul prevăzut de lege
B. „precizarea” de acţiune a reclamantului va fi primită de instanță și analizată,   pentru că nu reprezintă o modificare a acțiunii ale cărei elemente esențiale rămân neschimbate (părți, obiect, cauză)
C. instanța va primi modificarea cererii de chemare în judecată peste termenul prevăzut de lege, dacă pârâtul își exprimă acordul expres în acest sens",AC
49.  În cazul în care intervine nulitatea unui act de procedură:,"A. desfiinţarea actului de procedură atrage întotdeauna şi desfiinţarea actelor de procedură subsecvente actului de procedură afectat de nulitate
B. această nulitate nu împiedică faptul că acest act de procedură afectat de nulitate să producă alte efecte juridice decât cele care decurg din natura lui proprie
C. actul de procedură afectat de nulitate este desfiinţat de la data constatării nulităţii de către instanţa de judecată",B
"50.  După repunerea cauzei pe rol, suspendată pentru lipsa părţilor, în primă instanţă, pârâtul PP invocă excepţia perimării şi excepţia litispendenţei. De la termenul la care s-a dispus suspendarea cauzei din vina părţilor până la data repunerii pe rol au trecut mai mult de 6 luni, fără ca termenul de perimare să fi fost întrerupt sau suspendat. În acest interval reclamantul RR a introdus o nouă cerere de chemare în judecată împotriva pârâtului PP, având acelaşi obiect şi aceeaşi cauză, cerere care a fost soluţionată în primă instanţă şi se află în curs de judecată în apel. Instanţa în faţa căreia se invocă cele două excepţii:","A. va admite excepţia de litispendenţă, iar dosarul va fi trimis instanţei de apel
B. va constata perimarea, însă dosarul va fi trimis instanţei de apel ca efect al litispendenţei
C. va constata perimarea, pronunţând o hotărâre în acest sens, această excepţie trebuind examinată cu prioritate faţă de excepţia de litispendenţă",C
51.  Sancțiunea procedurală a decăderii nu intervine:,"A. în cazurile în care termenul imperativ reglementat de lege este prevăzut pentru un act ce trebuie efectuat de către procuror
B. atunci când legea permite părții care putea invoca decăderea să renunțe la acest drept
C. atunci când aceasta priveşte pe una din părţile legate printr-un raport de solidaritate sau indivizibilitate, iar cel puţin una dintre celelalte părţi a efectuat actul de procedură în termen",AB
"52.  Procesul a fost suspendat prin încheierea dată la termenul din 4 mai 2015, pentru lipsa părţilor legal citate, iar una din părţi decedează la data de 4 octombrie 2015. În aceste condiţii:","A. la termenul din 10 noiembrie 2015, în urma repunerii pe rol, din oficiu, instanţa va constata că a intervenit perimarea cererii de chemare în judecată
B. la termenul din 10 noiembrie 2015, în urma repunerii pe rol, instanţa va constata că cererea de chemare în judecată nu s-a perimat
C. cursul termenului de perimare, în acest caz, începe să curgă din nou de la data decesului părţii",B
"53.  Reclamantul AA introduce o cerere de chemare în judecată, în contradictoriu cu pârâtul BB, având ca obiect revendicarea unui bun imobil (casă de locuit şi teren aferent). La termenul din 10 martie 2015, termen de încuviinţare a probelor, instanţa de judecată, la cererea reclamantului, încuviinţează o expertiză tehnică care avea ca obiective stabilirea datelor topometrice ale terenului şi suprafaţa acestuia, respectiv valoarea construcţiei revendicate. Pentru efectuarea expertizei este desemnat expertul judiciar X. Pârâtul învederează instanţei că ştie că expertul X este rudă de gradul patru cu avocatul reclamantului AA, dar că are încredere în acesta, fiind un bun specialist în materie, sens în care nu se opune acestei desemnări. Pentru efectuarea expertizei şi depunerea raportului de expertiză se acordă termen în data de 11 aprilie 2015. La acest termen, având în vedere că raportul de expertiză nu a fost depus, deşi onorariul expertului era achitat:","A. pârâtul BB este în termen să-l recuze pe expertul X pe motivul că este rudă de gradul patru cu avocatul reclamantului AA
B. pârâtul BB nu-l va putea recuza pe expertul X pe motivul că este rudă de gradul patru cu avocatul reclamantului AA deoarece o asemenea cerere ar fi inadmisibilă, recuzarea expertului nefiind permisă de Codul de procedură civilă
C. pârâtul BB nu-l va putea recuza pe expertul X pe motivul că este rudă de gradul patru cu avocatul reclamantului AA deoarece este decăzut din acest drept",C
54.  Cererea de ridicare a sechestrului asigurător:,"A. se soluţionează în şedinţă publică, de urgenţă şi cu citarea în termen scurt a părţilor, dacă debitorul a dat garanţie îndestulătoare
B. se soluţionează prin încheiere supusă, în toate cazurile, apelului în termen de 5 zile de la pronunţare
C. se soluţionează prin încheiere definitivă, dată fără citarea părţilor, dacă cererea principală în temeiul căreia a fost încuviinţat sechestrul asigurător a fost anulată prin hotărâre definitivă",C
55.  În ceea ce priveşte excepţia autorităţii de lucru judecat:,"A. aceasta poate fi invocată de instanţă din oficiu, în orice stare a procesului, chiar înaintea instanţei de recurs
B. aceasta nu poate fi invocată de parte direct înaintea instanţei de recurs dacă partea nu a invocată la instanţa de fond, fiindu-i respinsă
C. ca efect al admiterii acestei excepţii, părţii i se poate crea în propria cale de atac o situaţie mai nefavorabilă decât cea din hotărârea atacată",AC
56.  În ceea ce priveşte calea de atac a apelului:,"A. aceasta are carecter devolutiv chiar şi atunci când se solicită anularea hotărârii de primă instanţă şi respingerea cererii de chemare în judecată ca urmare a invocării unei excepţii peremptorii
B. în apel va putea fi invocată compensaţia legală
C. apelantului nu i se poate crea, în nici un caz, în propria cale de atac, o situaţie mai rea decât cea din hotărârea atacată",B
"57.  AA o introdus o cerere de chemare în judecată, în contradictoriu cu pârâtul BB, prin care a solicitat instanţei să-l oblige pe pârât numai la plata sumei de 3500 de lei, reprezentând împrumut acordat şi nerestituit la scadenţă conform convenţiei încheiate între părţile litigante. Instanţa admite cererea de chemare în judecată şi obligă pe pârâtul BB la plata sumei de 3500 de lei reprezentând împrumut nerestituit la scadenţă şi la plata dobânzii legale în cuantum de X lei aferente perioadei de la scadenţă până la momentul pronunţării hotărârii. Această hotărâre este comunicată părţilor în data de vineri 13 februarie 2015. Întrucât instanţa, prin soluţia pronunţată, a dat mai mult decât s-a cerut (dobânda legală nu fusese solicitată de AA), pârâtul BB intenţionează să atace, pe acest motiv, cu revizuire, hotărârea pronunţată. În acest caz, revizuirea va putea fi formulată, sub sancţiunea decăderii:","A. cel mai târziu la data de luni 16 martie 2015
B. cel mai târziu la data de luni 2 martie 2015
C. cel mai târziu la data de vineri 13 martie 2015",C
58.  Instanţa se pronunţă asupra cererii de restituire a cauţiunii:,"A. cu citarea părţilor
B. printr-o încheiere supusă numai recursului dacă cererea este de competenţa tribunalului
C. printr-o încheiere supusă recursului ce urmează a fi soluţionat de completul de 5 judecători de la Î.C.C.J., dacă cu privire la cererea de restituire a cauţiunii se pronunţă una dintre secţiile Î.C.C.J",AB
"59.  AA, în calitate de soţ, introduce o cerere de divorţ în contradictoriu cu soţia BB (divorţ fără copii minori) prin care solicită desfacerea căsătoriei din culpă comună, revenirea soţiei la numele purtat anterior căsătoriei şi plata unei despăgubiri de 10000 de lei, de către soţia pârâtă BB, reprezentând despăgubire pentru prejudiciu moral suferit ca urmare a desfacerii căsătoriei. Pârâta BB depune, în termen legal, întâmpinare prin care solicită respingerea cererii de divorţ ca nefondată, având în vedere faptul că motivele de divorţ (neînţelegeri majore în plan financiar şi ocupaţional) invocate nu sunt reale, aspect ce urmează a fi dovedit prin probe. La primul termen de judecată formulează o cerere de intervenţie principală CC - mama pârâtei BB, solicitând evacuarea reclamantului AA din locuinţa familiei, având în vedere faptul că CC este proprietara imobilului care reprezenta locuinţa familiei şi că, odată cu declanşarea procesului de divorţ, nu mai este de acord ca AA să mai locuiască în acest imobil. În acest context:","A. AA va putea obţine despăgubirea de 10000 de lei pentru prejudiciu moral suferit ca urmare a desfacerii căsătoriei dacă va proba existenţa motivelor care să conducă la desfacerea căsătoriei din culpă comună şi existenţa, respectiv întinderea prejudiciului moral
B. dacă din probele încuviinţate şi administrate va rezulta culpa exclusivă a reclamantului, atunci instanţa va pronunţa divorţul din culpa exclusivă a soţului AA
C. instanţa va respinge cererea de intervenţie formulată de CC ca inadmisibilă",C
"60.  AA, în calitate de creditor, a început executarea silită împotriva debitorului BB, în baza hotărârii judecătoreşti definitive nr. X/2014, prin care debitorul fusese obligat la plata sumei de 3000 de lei. După efectuarea mai multor acte de executare silită prin care fusese recuperată parţial suma de 1500 de lei din cei 3000 de lei, executarea silită a fost desfiinţată ca urmare a introducerii, de către debitorul BB, a unei contestaţii la executare. În cadrul acestei contestaţii la executare, debitorul BB nu a solicitat şi întoarcerea executării silite. În acest context, debitorul BB:","A. nu mai poate solicita, pe cale separată, întoarcerea executării cu privire la suma de 1500 de lei deoarece acest capăt de cerere trebuia introdus obligatoriu odată cu contestaţia la executare
B. va putea solicita, pe cale separată, întoarcerea executării silite cu privire la suma de 1500 de lei, printr-o cerere introdusă la instanţa competentă material potrivit criteriului valoric
C. va putea solicita , pe cale separată, întoarcerea executării silite cu privire la suma de 1500 de lei, printr-o cerere introdusă la instanţa de executare",C
61.  În aplicarea legii penale mai favorabile după judecarea definitivă a cauzei potrivit 6 din Codul penal:,"A. în cazul tentativei, limita maximă a pedepsei ce trebuie avută în vedere este maximul prevăzut de lege pentru forma tentată (maximul special al pedepsei prevăzute de lege pentru infracţiunea consumată, redus sau înlocuit conform dispoziţiilor privind tratamentul sancţionator al tentativei)
B. în cazul tentativei, limita maximă a pedepsei ce trebuie avută în vedere este maximul prevăzut de lege pentru forma consumată (maximul special al pedepsei prevăzute de lege pentru infracţiunea consumată, fără a fi redus sau înlocuit conform dispoziţiilor privind tratamentul sancţionator al tentativei)
C. în cazul infracţiunilor continuate, prin sintagma „maxim special prevăzut de legea nouă pentru infracţiunea săvârşită"" se înţelege maximul special prevăzut de lege pentru infracţiune, fără luarea în considerare a cauzei de majorare a pedepsei prevăzută pentru infracţiunea continuată",AC
"62.  Soțul inculpatei a venit seara acasă în stare avansată de ebrietate și a amenințat-o pe aceasta că a doua zi o va pedepsi, pentru că nu a făcut curățenie în casă. După ce soțul a adormit, inculpata i-a aplicat acestuia mai multe lovituri cu un corp contondent provocându-i o infirmitate. În apărare, inculpata a susținut că se temea pentru viața ei, deoarece victima o agresase anterior în repetate rânduri, fiind o persoană foarte violentă. În cauză:","A. sunt incidente dispozițiile privind legitima apărare
B. sunt incidente dispozițiile privind excesul neimputabil
C. nu sunt incidente nici dispozițiile privind legitima apărare nici cele privind excesul neimputabil",C
63.  Fapta se comite din culpă atunci când:,"A. făptuitorul prevede rezultatul faptei sale și, deși nu-l urmărește, acceptă posibilitatea producerii lui
B. făptuitorul prevede rezultatul faptei sale, dar nu îl acceptă, socotind fără temei că el nu se va produce
C. făptuitorul prevede rezultatul faptei sale și acceptă posibilitatea producerii lui, dar, în realitate, se produce un rezultat mai grav",B
"64.  Recent eliberat din penitenciar, după executarea unei pedepse de trei ani închisoare pentru ucidere din culpă (în urma comiterii unui accident de circulație, inculpatul a luat hotărârea de a exercita violențe asupra victimei (o rudă a persoanei decedate în accident) ori de câte ori o va întâlni. Astfel, inculpatul a lovit victima timp de trei zile consecutiv. Ultima dată, inculpatul a exercitat violențe și asupra altei persoane care o însoțea pe victimă. În cauză vor fi incidente dispozițiile privind:","A. infracțiunea continuată
B. concursul de infracțiuni
C. recidiva",AB
65.  Instigarea la comiterea unei fapte prevăzute de legea penală:,"A. se realizează doar cu intenție
B. nu este condiționată de o anumită conduită a autorului
C. presupune o contribuție a autorului ce realizează cel puțin o tentativă pedepsibilă",AC
"66.  Inculpatul a comis o tentativă la infracțiunea de omor prin depășirea limitelor stării de necesitate și se află în stare de recidivă. În cauză, limitele speciale ale pedepsei pentru infracțiunea de omor:","A. se reduc prin aplicarea succesivă în ordine, a dispozițiilor privitoare la circumstanțele atenuante și tentativă, după care, limitele rezultate se majorează prin aplicarea dispozițiilor privind pedeapsa în caz de recidivă
B. se reduc prin aplicarea succesivă în ordine, a dispozițiilor privitoare la tentativă și circumstanțele atenuante, după care, limitele rezultate  se majorează prin aplicarea dispozițiilor privind pedeapsa în caz de recidivă
C. se majorează prin aplicarea dispozițiilor privind pedeapsa în caz de recidivă, după care, limitele rezultate se reduc prin aplicarea succesivă în ordine, a dispozițiilor privitoare la circumstanțele atenuante și tentativă",B
67.  Bunurile care au fost folosite la comiterea faptei prevăzute de legea penală:,"A. se confiscă în parte, prin echivalent bănesc, dacă au o valoare vădit disproporționată față de natura și gravitatea faptei
B. se pot confisca și în cazul faptelor săvârșite prin presă
C. se confiscă prin echivalent dacă nu pot fi găsite",AC
68.  Măsura internării într-un centru de detenţie:,"A. poate fi dispusă pe o perioadă de 15 ani în cazul unui minor care a săvârşit o infracţiune de omor calificat
B. se dispune în mod obligatoriu faţă de minorul care a săvârşit o nouă infracţiune cu intenţie în perioada în care se află internat într-un centru educativ
C. poate fi dispusă atunci când pedeapsa prevăzută de lege pentru infracțiunea comisă este de 7 ani",AC
69.  Reprezintă pedeapsă complementară care se aplică persoanelor juridice:,"A. plasarea sub supraveghere judiciară
B. amenda
C. dizolvarea persoanei juridice",AC
70.  În cazul infracţiunilor pentru care punerea în mişcare a acţiunii penale este condiţionată de introducerea unei plângeri prealabile:,"A. acţiunea penală nu poate fi niciodată pusă în mişcare din oficiu
B. acţiunea penală poate fi pusă în mişcare din oficiu dacă persoana vătămată a decedat înainte de expirarea termenului prevăzut de lege pentru introducerea plângerii
C. dacă acţiunea penală a fost pusă în mişcare din oficiu, retragerea acesteia produce efecte numai dacă este însuşită de procuror",BC
"71.  I. a participat la o petrecere, unde, profitând de un moment de neatenţie, a sustras de pe o masă un telefon mobil aparţinând lui V. După aproximativ două ore între I. şi V. s a iscat un conflict determinat de faptul că lui I. nu i plăcea muzica pusă de V. În acest context I. i a aplicat lui V. o lovitură cu o statuetă de bronz în cap, iar acesta din urmă a decedat. Încadrarea juridică exactă a faptelor ce se vor reţine în sarcina lui I. este:","A. infracţiunea de omor calificat comisă pentru a înlesni sau a ascunde săvârşirea altei infracţiuni
B. infracţiunea de omor calificat comisă pentru a înlesni sau a ascunde săvârşirea altei infracţiuni în concurs cu infracţiunea de furt
C. infracţiunea de furt în concurs cu infracţiunea de omor",C
"72.  X i-a aplicat cu intenţie o lovitură de cuţit lui Y în braţul drept provocându-i o leziune ce a necesitat inițial pentru vindecare 12 zile de îngrijiri medicale. Din cauza unor complicaţii generate de vătămare, victima a decedat după 20 de zile. Fapta reprezintă infracţiunea de:","A. ucidere din culpă
B. lovirile sau vătămările cauzatoare de moarte
C. omor",B
"73.  Dacă în urma unui accident rutier se constată că autorul a depăşit viteza legală, fără a i se reţine o altă împrejurare imputabilă, iar victima necesită pentru vindecare 90 de zile de îngrijiri medicale:","A. fapta reprezintă vătămarea corporală din culpă (art. 196 C.pen.)
B. fapta reprezintă lovirea sau alte violenţe (art. 193 C.pen.)
C. fapta nu reprezintă infracţiune",C
74.  Fapta tatălui de a întreține raporturi sexuale cu fiica sa în vârstă de 5 ani reprezintă:,"A. infracțiunea de viol în varianta agravată
B. infracțiunea de act sexual cu un minor
C. infracțiunea de viol în concurs cu infracțiunea de incest",A
"75.  În urma unei înţelegeri anterioare, X şi Y hotărăsc ca primul să pătrundă în sediul unui magazin cu scopul de a sustrage mărfuri, iar al doilea să asigure paza. Imediat după pătrunderea lui X în magazin, Y s-a speriat și a părăsit locul de unde trebuia să asigure paza, fapt sesizat de X doar după ce a părăsit locul cu bunurile sustrase. În această situaţie Y:","A. nu va răspunde penal deoarece s-a desistat
B. va răspunde pentru complicitate la tentativă la furt
C. va răspunde pentru complicitate la infracţiunea consumată de furt",C
76.  Există infracţiunea de tâlhărie în cazul în care:,"A. furtul este urmat de întrebuinţarea de ameninţări pentru păstrarea bunului furat
B. furtul este săvârşit prin ameninţarea victimei cu o armă anterior luării bunului
C. furtul este săvârşit asupra unei persoane care se afla în stare de inconştienţă",AB
"77.  X i-a dat cu împrumut lui Y un autoturism timp de o săptămână. La împlinirea termenului, Y a refuzat să i restituie bunul lui X, deși acesta l-a solicitat în repetate rânduri. Fapta lui Y reprezintă infracţiunea de:","A. furt
B. abuz de încredere
C. înşelăciune",B
78.  Situaţia premisă la infracţiunea de tăinuire poate fi realizată şi atunci când:,"A. fapta anterioară, din care provine bunul, a fost comisă în condiţii de neimputabilitate (minoritate, iresponsabilitate)
B. fapta anterioară din care provine bunul nu este o infracţiune contra patrimoniului
C. fapta anterioară, din care provine bunul, a fost dezincriminată",AB
79.  Are calitatea de funcționar public în conformitate cu dispozițiile art. 175 C.pen. și prin urmare poate fi subiect activ al infracțiunii de luare de mită:,"A. avocatul
B. expertul tehnic judiciar
C. medicul angajat cu contract de muncă într-o unitate spitalicească din sistemul public de sănătate",BC
"80.  Fapta şoferului angajat la o persoană juridică, însărcinat să transporte marfă, de a prezenta documente false cu ajutorul cărora a ridicat de la un furnizor o cantitate mai mare de marfă, folosind o parte din ea în interes propriu reprezintă:","A. infracţiunea de fals în înscrisuri sub semnătură privată în concurs cu infracţiunea de înşelăciune
B. infracţiunea de fals în înscrisuri sub semnătură privată în concurs cu infracţiunea de gestiune frauduloasă
C. infracţiunea de fals în înscrisuri sub semnătură privată în concurs cu infracţiunea de delapidare",A
81.  Apelul declarat într-o cauză penală privind o infracţiune săvârşită de un avocat se judecă de către:,"A. Înalta Curte de Casaţie şi Justiţie
B. Curtea de apel
C. Tribunal",A
82.  Organele judiciare pot respinge o cerere privitoare la administrarea unor probe atunci când:,"A. proba este dificil de obținut
B. proba este imposibil de obţinut
C. proba nu este necesară, întrucât faptul este notoriu",BC
83.  Pot renunța în mod expres la calea de atac a apelului:,"A. persoana vătămată, după pronuntarea hotărârii și până la expirarea termenului de declarare a apelului
B. părţile, după pronunţarea hotărârii și până la expirarea termenului de declarare a apelului
C. părţile si persoana vătămată, după pronunţarea hotărârii şi până la închiderea dezbaterilor la instanţa de apel",AB
"84.  Încheierea prin care judecătorul de cameră preliminară hotărăște asupra legalității și temeiniciei ordonanței prin care s-a dispus, de către procuror, redeschiderea urmăririi penale:","A. poate fi atacată cu contestație, în termen de 48 de ore de la pronunțare sau, după caz, de la comunicare, de către procuror, suspect sau inculpat
B. este definitivă
C. poate fi atacată cu contestație, în termen de 48 de ore de la pronunțare, numai de către procuror",B
"85.  Persoana vătămată sau succesorii acesteia, care s-au constituit parte civilă în procesul penal:","A. nu pot introduce acțiune în fața instanței civile chiar dacă procesul penal a fost suspendat
B. pot introduce acțiune la instanța civilă dacă, prin hotărâre definitivă, instanța penală a lăsat nesoluționată acțiunea civilă
C. pot introduce acţiune la instanţa civilă, pentru repararea prejudiciului născut ori descoperit după constituirea ca parte civilă",BC
"86.  În cazul în care, în procedura de camera preliminară, judecătorul de cameră preliminară a dispus restituirea cauzei la parchet în temeiul art. 346 alin. (3) lit. a) C.proc.pen., constatând că rechizitoriul este neregulamentar întocmit, iar neregularitatea atrage imposibilitatea stabilirii obiectului sau limitelor judecații:","A. reluarea urmăririi penale este întotdeauna obligatorie, fiind dispusă de conducătorul parchetului ori de procurorul ierarhic superior
B. reluarea urmăririi penale se dispune de conducătorul parchetului ori procurorul ierarhic superior prevăzut de lege, numai atunci când constată că pentru remedierea neregularității este necesară efectuarea unor acte de urmărire penală
C. reluarea urmăririi penale este întotdeauna obligatorie, fiind dispusă de procurorul care a supravegheat sau a efectuat urmărirea penală",B
87.  Tribunalul:,"A. soluţionează conflictele de competenţă ivite între parchetele de pe lângă judecătoriile din circumscripţia sa
B. soluționează cererile de strămutare a judecarii unei cauze de la judecătoria competentă la o alta judecătorie din circumscripţia sa
C. soluționează contestaţiile formulate împotriva hotărârilor pronunţate de judecătorie în cazurile prevăzute de lege",C
88.  Instanța lasă nesoluționată acțiunea civilă în caz de achitare a inculpatului:,"A. pe temeiul prevăzut la art. 16 alin. (1) lit.c) C.p.p. - nu există probe că o persoană a săvârşit infracţiunea
B. pe temeiul prevăzut la art. 16 alin. (1) lit. a) C.p.p. - fapta nu există
C. pe temeiul prevăzut la art. 16 alin. (1) lit. b) teza întâi C.p.p. - fapta nu este prevăzută de legea penală",C
89.  Încheierea prin care instanța de judecată disjunge acțiunea civilă:,"A. poate fi atacată cu contestație
B. este definitivă
C. poate fi atacată separat cu apel",B
"90.  Prin sentinţa penală pronunţată de Tribunalul Bucureşti, Secţia penală, luni, 06 aprilie 2015, inculpatul AB a fost condamnat la o pedeapsă de 5 ani închisoare cu executare pentru săvârşirea infracţiunii de luare de mită. Copia minutei a fost comunicată procurorului, părţilor şi persoanei vătămate miercuri, 08 aprilie 2015. În această situaţie:","A. apelul declarat de procuror vineri, 17 aprilie 2015 este declarat în termen
B. apelul declarat de persoana vătămată luni, 20 aprilie 2015 este declarat în termen
C. apelul declarat de inculpat marţi, 21 aprilie 2015 este declarat în termen",AB
"91.  Pe rolul Judecătoriei Sectorului 3 Bucureşti se află înregistrat dosarul nr. Z/301/2015 în care AB este trimis în judecată pentru săvârşirea infracţiunii de loviri sau alte violenţe – infracţiune pentru care acțiunea penală se pune în mișcare la plângerea prealabilă (art.193 C.pen.). În cursul urmăririi penale persoana vătămată BC s-a constituit parte civilă pentru suma de 5000 lei, reprezentând contravaloarea prejudiciului material produs prin fapta inculpatului. După citirea actului de sesizare, persoana vătămată BC şi-a retras plângerea prealabilă formulată. În această situaţie instanța:","A. poate admite acţiunea civilă dacă pretenţiile persoanei vătămate sunt dovedite prin probele aflate la dosar
B. trebuie să pronunţe, pe latură penală, soluţia încetării procesului penal
C. trebuie să lase nesoluţionată acţiunea civilă",BC
"92.  În cuvântul acordat părţii civile AB, în cadrul dezbaterilor din cauza aflată pe rolul Curţii de Apel Bucureşti, Secţia a II-a penală, aceasta precizează că îşi majorează pretenţiile iniţiale formulate în cererea de constituire de parte civilă de la 30.000 lei la 45.000 lei cu titlul de daune materiale, ca urmare a concluziilor raportului de expertiză întocmit în cursul judecăţii. Rezolvând acţiunea civilă, instanţa penală:","A. va putea acorda părții civile 45.000 lei cu titlul de daune materiale  întrucât partea civilă a procedat la mărirea întinderii pretențiilor cu respectarea dispoziţiilor legale
B. se va pronunţa doar cu privire la daunele materiale indicate în cererea iniţială de constituire de parte civilă în cuantum de 30.000 lei, mărirea întinderii pretențiilor fiind făcută cu încălcarea dispoziţiilor legale
C. va lua în considerare mărirea pretenţiilor doar dacă partea civilă depune şi în formă scrisă cererea de mărire a întinderii pretențiilor formulată în cadrul dezbaterilor",B
"93.  Pe rolul Tribunalului Bucureşti, Secţia penală, se află cauza în care inculpatul AB a fost trimis în judecată pentru săvârşirea infracţiunii de trafic de influenţă prevăzute de art.291 C.pen. Având în vedere legătura existentă între această cauză şi cauza aflată pe rolul Curţii militare de apel Bucureşti în care inculpatul CD, general la data săvârşirii faptei, a fost trimis în judecată pentru săvârşirea infracţiunii de abuz în serviciu prevăzută de art.297 alin.(1) C.pen., cele două cauze au fost reunite considerându-se că reunirea cauzelor se impune pentru buna înfăptuire a justiției. Competenţa de a judeca cauzele reunite aparţine:","A. Curţii de Apel Bucureşti
B. Curţii militare de Apel Bucureşti
C. Tribunalului militar Bucureşti",A
"94.  Prin sentinţa penală pronunţată de Tribunalul Braşov, Secţia penală, faţă de inculpatul minor AB s-a dispus internarea într-un centru de detenţie pentru o perioadă de 3 ani. Împotriva acestei sentinţe au declarat apel în termen BC, reprezentantul legal al minorului, pentru inculpat, solicitând încetarea procesului penal şi Parchetul de pe lângă Tribunalul Braşov, solicitând majorarea perioadei pentru care s-a dispus internarea inculpatului minor. În această situaţie următoarele afirmații sunt adevărate:","A. BC poate să declare apel pentru inculpatul AB
B. inculpatul AB nu poate retrage apelul declarat de BC
C. apelul declarat de Parchet, dacă este retras, poate fi însuşit de inculpat",AB
"95.  În timpul efectuării urmăririi penale în cauza Z/P/2015 în care s-a început urmărirea penală cu privire la săvârşirea infracţiunii de distrugere în variantă agravată (art.253 alin.3 C.pen.), din probele existente în cauză au rezultat indicii rezonabile că fapta a fost săvârşită de către AB, care la data săvârşirii faptei era judecător în cadrul Curţii de Apel Craiova, funcţie pe care o deţine şi în prezent. În consecinţă, organul de cercetare a trimis de îndată cauza procurorului din Parchetul de pe lângă Judecătoria Craiova, care exercita supravegherea în cauză, pentru ca acesta să sesizeze Parchetul de pe lângă Curtea de Apel Craiova ca organ competent. Având în vedere această situaţie:","A. organul de cercetare penală a procedat în mod corect
B. organul de cercetare trebuia să trimită cauza direct la Parchetul de pe lângă Curtea de Apel Craiova
C. organul de cercetare trebuia să trimită cauza direct la Parchetul de pe lângă Înalta Curte de Casaţie şi Justiţie, acesta fiind organul competent potrivit legii",A
"96.  Din probele administrate în dosarul de urmărire penală nr. Z/P/2015 a reieşit că suspectul X nu este persoana care a săvârşit infracţiunea de luare de mită pentru care se efectua urmărirea penală în cauză. Prin ordonanţa din data de 5 mai 2015, faţă de suspectul X s-a dispus soluţia clasării. Ordonanța a fost comunicată în aceeaşi zi lui Y, persoana care a formulat denunţ în cauză. În cazul formularii unei plângeri adresate judecătorului de cameră preliminară de către Y la data de 25 mai 2015, judecătorul:","A. poate dispune începerea judecăţii cu privire la infracțiunea de luare de mită săvârșită de X ca urmare a admiterii plângerii şi desfiinţării soluţiei, dacă acesta apreciază că probele legal administrate sunt suficiente în acest sens
B. poate dispune admiterea plângerii, desființarea soluției atacate și trimiterea cauzei la procuror pentru a pune în mișcare acțiunea penală și a completa urmărirea penală
C. va constata că plângerea este formulată în termenul prevăzut de lege",BC
"97.  Prin încheierea pronunţată la data de 08 iulie 2015, Judecătoria Constanţa a respins cererea inculpatului X de recunoaştere a învinuirii şi de solicitare ca judecata să aibă loc numai pe baza probelor administrate în cursul urmăririi penale şi a dispus începerea cercetării judecătoreşti. După efectuarea actelor de cercetare judecătorească în condiţii obişnuite dacă instanţa va reţine aceeaşi situaţie de fapt ca cea descrisă în actul de sesizare şi recunoscută de inculpat:","A. se reduc la jumătate limitele de pedeapsă în cazul condamnării la pedeapsa închisorii
B. se reduc cu o pătrime limitele de pedeapsă în cazul aplicării pedepsei amenzii
C. se reduc cu o treime limitele de pedeapsă în cazul condamnării la pedeapsa închisorii",BC
"98.  Împotriva sentinţei de condamnare nr. Z pronunţată în cauza penală X/Y/2014 de Judecătoria Sectorului 1, au formulat apel în termen inculpații AB și DC. În apelul său, inculpatul AB a solicitat desfiinţarea hotărârii şi trimiterea cauzei spre rejudecare la Judecătoria Sectorului 1, având în vedere faptul că minuta sentinţei purta semnătura președintelui instanței (JS1), cu motivarea că judecătorul care a participat la dezbateri a intrat în concediu medical. În apelul său, inculpatul DC a solicitat desfiinţarea hotărârii şi trimiterea cauzei spre rejudecare la Judecătoria Sectorului 1, având în vedere faptul că judecata de fond s-a desfășurat în lipsa persoanei vătămate, nelegal citate. În acest caz istanţa de apel va dispune:","A. admiterea ambelor apeluri, desfiintarea sentinței primei instanțe şi rejudecarea cauzei de către Judecătoria Sectorului 1
B. admiterea numai a apelului declarat de AB, desfiinţarea sentinței primei instanțe şi rejudecarea cauzei de către Judecătoria Sectorului 1
C. respingerea ambelor apeluri ca nefondate, menținând hotărârea atacată",B
"99.  Împotriva sentinţei Z pronunţată în cauza penală X/Y/2015 prin care inculpaţii AB si BC (autor, respectiv complice) au fost condamnaţi pentru săvârşirea infracţiunii prevăzute si pedepsite de dispoziţiile art. 244 C.pen. (înşelăciunea), au formulat apel ambii inculpaţi. Prin decizie, instanţa a respins apelul formulat de BC ca tardiv admițând doar apelul lui AB iar, după rejudecare, instanţa l-a achitat pe AB în temeiul dispoziţiilor art.16 lit. b) teza I C. proc. pen. – fapta nu e prevăzută de legea penală, lăsând neschimbată sentința de condamnare în ceea ce îl priveşte pe BC. În această situație, considerați că:","A. decizia instanței de apel este corectă
B. decizia instanței de apel nu este corectă, instanța de apel fiind obligată să facă aplicarea dispozițiilor legale privind efectul extensiv al apelului
C. decizia instanței de apel nu este corectă, instanța de apel fiind obligată să facă aplicarea dispozițiilor legale privind efectul devolutiv al apelului",B
"100.  Împotriva sentinței Y pronunțată în cauza penală X/Z/2015 prin care inculpatul a fost condamnat la 12 ani închisoare și 20000 lei despăgubiri civile materiale către partea civilă BC, pentru săvârșirea infracțiunii prevăzute și pedepsite de dispoziţiile art.188 C.pen. (omor) a formulat apel în termen parchetul, solicitând instanței de apel pe latură civilă, reducerea la jumătate a despăgubirilor civile acordate criticând sentința în sensul că instanța acordase o sumă prea mare ca despăgubiri civile materiale, la dosar fiind probate numai 1/2 din acestea, precum și pe latura penală a cauzei, cerând condamnarea inculpatului la 15 ani închisoare. La primul termen de judecată în fața instanței de apel s-a prezentat procurorul ierarhic superior care a solicitat instanței să ia act că retrage apelul formulat de procurorul ierarhic inferior doar pe latura civilă a cauzei. Sunt corecte următoarele afirmații:","A. procurorul ierarhic superior nu putea retrage parțial, numai cu privire la latura civilă a cauzei, apelul declarat de procurorul ierarhic inferior
B. procurorul ierarhic superior putea retrage parțial, numai cu privire la latura civilă a cauzei, apelul declarat de procurorul ierarhic inferior
C. procurorul ierarhic superior putea renunța la apel, parțial, numai cu privire la latura civilă a cauzei",B
