1.  Imposibilitatea de executare a obiectului obligației:,"A. constând în predarea unor bunuri de gen, din cauza unui eveniment asimilat cazului fortuit poate fi invocată numai pe calea notificării transmise creditorului într-un termen rezonabil
B. dacă este totală și definitivă și privește o obligație contractuală importantă, contractul este desființat de plin drept și fără vreo notificare, chiar din momentul producerii evenimentului fortuit
C. dacă este materială sau juridică, dar temporară și relativă, la data încheierii contractului, nu afectează valabilitatea acestuia, afară de cazul când legea prevede altfel",B
"2.  În caz de violență, cel al cărui consimțământ este viciat are dreptul:","A. de a pretinde anularea contractului și daune-interese
B. de a solicita reducerea prestaţiei sale cu valoarea daunelor-interese care i se cuvin
C. de a cere adaptarea contractului",A
3.  Este sancționată cu nulitatea absolută nerespectarea formei autentice la încheierea:,"A. promisiunii de vânzare a unui bun imobil, în vederea pronunțării unei hotărâri care să țină loc de act autentic
B. convențiilor care strămută sau constituie drepturi reale care urmează a fi înscrise în cartea funciară, afară de cazurile expres prevăzute de lege
C. contractului de comodat care include aprobarea prealabilă a comodantului ca bunul să poată fi folosit și de un terț",B
4.  Uzufructuarul:,"A. poate pretinde, la încetarea uzufructului, despăgubiri pentru îmbunătățirile aduse unui bun mobil, numai atunci când prin acestea a sporit valoarea bunului
B. B.	nu are obligația de a întocmi inventarul bunurilor mobile atunci când uzufructul asupra acestora este dobândit prin uzucapiune
C. este ținut, în orice caz, să respecte destinația dată bunurilor de nudul proprietar",B
5.  În materia gestiunii de afaceri:,"A. moștenitorii gerantului sunt ținuți să continue gestiunea de afaceri începută de gerant, chiar dacă nu aveau cunoștință de aceasta
B. moștenitorii gerantului nu sunt ținuți să continue afacerile începute de gerant, chiar dacă aveau cunoștință de aceasta, însă dovedesc că autorul lor a acționat cu intenția de a gratifica  geratul
C. geratul trebuie să ramburseze gerantului și dobânzile aferente cheltuielilor necesare și utile pe care gerantul le-a efectuat, din ziua în care l-a înștiințat pe gerat despre gestiunea începută",C
6.  Plata:,"A. efectuată de o altă persoană decât debitorul, poate fi refuzată de creditor în cazul în care s-a stipulat expres că obligația poate fi executată numai de către debitor
B. efectuată de un minor în temeiul unui contract anulat ulterior, în mod definitiv, pentru leziune este supusă restituirii
C. făcută cu bună-credință unui moștenitor aparent, în temeiul unui certificat de moștenitor anulat ulterior, în mod definitiv, nu îl exonerează pe debitor de obligația pe care o are față de adevăratul creditor",A
7.  Se află de drept în întârziere:,"A. vânzătorul care a distrus în mod intenționat bunul individual determinat pe care trebuia să-l predea cumpărătorului
B. moștenitorii debitorului unei obligații contractuale de întreținere devenite scadentă ulterior decesului acestuia
C. locatorul care nu predă la termen bunul ce formează obiectul locațiunii, închiriat în vederea prezentării la o expoziție al cărei termen a expirat",A
8.  Confuziunea:,"A. nu operează dacă datoria și creanța se găsesc în același patrimoniu, dar în mase de bunuri diferite
B. când operează între creditor și fideiusor nu profită debitorului principal, ci doar celorlalți fideiusori
C. este definitivă, în sensul că nu încetează odată cu dispariția cauzei care a determinat-o",A
9.  Tranzacția constatată prin hotărâre judecătorească:,"A. poate fi desființată și prin acțiunea în reziliere
B. poate fi atacată și cu acțiune în declararea simulației
C. poate fi anulată pentru eroare de drept referitoare la chestiunile ce constituie obiectul neînțelegerii părților",A
10.  În materia contractului de întreținere:,"A. dreptul la întreținere este transmisibil pentru cauză de moarte
B. dreptul la acțiunea în rezoluțiunea contractului de întreținere se transmite moștenitorilor
C. debitorul este îndreptăţit să scadă valoarea întreţinerii datorate creditorului, atunci când valoarea întreţinerii prestate a depăşit cu mult valoarea dreptului transmis",B
"11.  Asemănător uzufructuarului, comodatarul:","A. folosește bunul altuia, cu obligația de a-l restitui după un anumit timp
B. beneficiază de un drept real de folosință
C. poate transmite, cu titlu oneros, folosința bunului în favoarea unei terțe persoane, chiar atunci când nu are aprobarea prealabilă a comodantului",A
12.  Testamentul:,"A. nul din cauza unui viciu de formă produce efecte dacă îndeplinește condițiile prevăzute de lege pentru altă formă testamentară
B. prin care se recunoaște un copil, întocmit în fața medicului șef al instituției sanitare, cât timp dispunătorul este internat în această instituție și notarul public nu are acces, devine caduc la 15 zile de la data când notarul public are acces în respectiva unitate sanitară
C. prin care se instituie un legat în favoarea unui creditor nu se ia în considerare ca liberalitate, dacă din cuprinsul testamentului nu rezultă contrariul",A
13.  În materia dreptului de opțiune succesorală:,"A. acesta poate fi exercitat de legatarul universal sub condiția suspensivă a inexistenței datoriilor efectuate de defunct în timpul vieții
B. termenul de un an pentru exercitarea opțiunii succesorale poate fi redus de instanța judecătorească pentru motive temeinice, pe calea ordonanței președințiale, pentru un succesibil, la cererea unui creditor al defunctului
C. dreptul la acțiunea în anularea acceptării sau renunțării se prescrie în termen de 6 luni, calculat în caz de violență de la încetarea acesteia",B
14.  Constituie novație:,"A. modificarea termenului de executare a obligației sau schimbarea cuantumului datoriei inițiale
B. convenția prin care debitorul contractează față de creditor o obligație nouă, care înlocuiește și stinge obligația inițială
C. refacerea unui contract nul absolut",B
"15.  Spre deosebire de cesiunea de creanță cu titlu gratuit, în cazul cesiunii cu titlu oneros:","A. contractul nu trebuie să îmbrace forma scrisă, ad validitatem
B. cesionarul devine creditorul debitorului cedat pentru valoarea nominală a creanței cedate
C. cesionarul dobândește toate accesoriile creanței cedate",A
16.  În materia obligaţiei legale de întreţinere:,"A. la stabilirea venitului lunar net în raport de care se calculează pensia de întreţinere datorată de un părinte ce lucrează în sectorul de apărare naţională, ordine publică şi siguranţă naţională, nu se include şi echivalentul valoric al normei de hrană pe care o primeşte acesta potrivit legii
B. soţul care a contribuit la întreţinerea copilului celuilalt soţ este obligat să presteze întreţinere copilului cât timp acesta este minor, însă numai dacă părinţii săi fireşti au murit
C. chiar dacă obligaţia de întreţinere are caracter personal, instanţa va putea dispune compensaţia obligaţiilor de întreţinere datorate de fiecare părinte copilului care nu locuieşte cu acesta, până la limita celei mai mici dintre ele şi în măsura în care compensaţia nu contravine interesului superior al copilului",A
17.  În materia autorităţii părinteşti:,"A. instanţa nu poate limita, în nicio situaţie, dreptul părintelui la care copilul nu locuieşte în mod statornic de a avea legături personale cu minorul
B. părinţii pot să împiedice corespondenţa şi legăturile personale ale copilului în vârstă de 15 ani, însă numai în baza unor motive temeinice
C. până la soluţionarea cererii de redare a exerciţiului drepturilor părinteşti, instanţa poate îngădui părintelui să aibă legătur personale cu copilul, dacă aceasta este în interesul superior al copilului",C
18.  Constituie caz de revocare a donației:,"A. nașterea unui copil al donatorului, ulterior intrării în vigoare a Codului civil din 2009
B. dacă donatarul știa că fratele său intenționează să atenteze la viața unei persoane apropiate donatorului și nu l-a înștiințat pe acesta din urmă
C. neexecutarea fără justificare a sarcinilor la care s-a obligat donatarul",B
19.  În materia contractului de comision:,"A. dacă părțile nu au stabilit cuantumul comisionului, atunci se prezumă caracterul gratuit al contractului
B. dacă părțile nu au stabilit cuantumul comisionului, atunci se prezumă caracterul gratuit al contractului
C. dacă prin lege nu se prevede altfel, forma scrisă este necesară numai pentru dovada contractului",C
20.  Locatarul,"A. la încetarea locațiunii, trebuie să restituie bunul luat în locațiune în starea în care l-a primit, în afară de ceea ce a pierit sau s-a deteriorat din cauza vechimii
B. poate să încheie o sublocațiune ori chiar să cedeze locațiunea bunului imobil care face obiectul contractului, doar dacă această facultate a fost stipulată în mod expres prin contract
C. are obligația de a suporta reparațiile de întreținere curentă, în lipsă de stipulaţie contrară",A
21.  În materia vânzării:,"A. dacă în momentul vânzării unui bun individual determinat, acesta pierise în întregime, cumpărătorul are dreptul la restituirea prețului, numai dacă nu cunoștea acest fapt
B. sub sancțiunea nulității relative, tutorele nu poate cumpăra bunurile persoanei pe care o reprezintă, cu excepția cazului în care acestea au fost vândute prin licitație publică
C. dacă mai multe bunuri sunt vândute în bloc și pentru un preț unic și global, proprietatea se strămută cumpărătorului îndată ce contractul s-a încheiat, chiar dacă bunurile nu au fost individualizate",C
"22.  Spre deosebire de fratele defunctului, fiul acestuia din urmă:","A. dacă a renunțat la moștenire, poate fi reprezentat de către descendentul său nedemn faţă de defunct
B. înlătură de la moștenire pe tatăl defunctului, în cazul moştenirii legale
C. este moștenitor rezervatar",B
23.  În materia preluării datoriei:,"A. obligația transmisă este supusă regimului stabilit de normele în vigoare la data încheierii contractului de preluare a datoriei
B. dacă creditorul a refuzat preluarea, cel care a încheiat contractul cu debitorul este obligat să îl libereze pe acesta
C. contractul încheiat cu debitorul este considerat acceptat de creditor, dacă acesta nu răspunde, în termenul rezonabil de la comunicarea contractului, stabilit în acest sens",B
"24.  Părțile pot, prin acordul lor expres, să stabilească faptul că:","A. dreptul la acţiune izvorât din contractul de asigurare se prescrie într-un termen de 1 an
B. acțiunea confesorie de superficie este prescriptibilă în termen de 3 ani de la săvârșirea primului act de împiedicare a  dreptului
C. termenul de prescripție a dreptului la acțiune privind restituirea împrumutului bănesc începe să curgă după trecerea unui an de la scadență",C
"25.  Dacă fapta prin care au fost distruse sau deteriorate bunurile altuia a fost săvârșită în interesul unei terțe persoane, în condițiile stării de necesitate, cel prejudiciat:","A. se poate îndrepta împotriva terţului, în temeiul îmbogățirii fără justă cauză
B. se poate îndrepta împotriva terţului, în temeiul răspunderii civile delictuale
C. nu poate recupera prejudiciul",A
26.  Au caracter interlocutoriu următoarele încheieri premergătoare:,"A. încheierea prin care se statuează asupra concludenței și utilității unei probe
B. încheierea de estimare a duratei cercetării procesului
C. încheierea prin care se soluționează o excepție procesuală sau o altă chestiune litigioasă",C
27.  Este incompatibil judecătorul care:,"A. a pronunțat o încheiere interlocutorie la prima instanță, iar în prezent este membru în completul instanței superioare învestite cu apelul declarat inclusiv împotriva acelei încheieri interlocutorii
B. a pus în discuția părților chestiuni de fapt sau de drept relevante pentru soluționarea cauzei
C. a fost membru în completul care a soluționat recursul, situaţie în care nu poate participa la judecarea contestației în anulare îndreptate împotriva deciziei date în recurs",A
28.  Nelegala citare a unei părți poate fi invocată la termenul la care s-a săvârşit neregularitatea:,"A. din oficiu, precum și de celelalte părți, dar numai dacă partea nelegal citată lipseşte
B. de către partea nelegal citată, dacă aceasta este prezentă la termenul respectiv
C. din oficiu, precum și de celelalte părți, chiar dacă partea nelegal citată este prezentă la termenul respectiv",A
29.  Nu se poate dispune disjungerea în cazul în care:,"A. judecata cererii principale este întârziată de cererea de intervenţie principală prin care se pretinde, în tot sau în parte, însuşi dreptul dedus judecăţii
B. judecata cererii principale ar fi întârziată de soluţionarea cererii de chemare în garanţie
C. anterior s-a dispus conexarea cererilor cu privire la care se ridică problema disjungerii, dacă numai una dintre ele este în stare de judecată",A
30.  Cererea având ca obiect plata daunelor-interese în cuantum de 500.000 lei pentru încălcarea unei obligaţii contractuale este şi de competenţa:,"A. tribunalului domiciliului reclamantului, dacă acesta are calitatea de consumator, iar litigiul decurge dintr-un contract încheiat de acesta cu pârâtul profesionist
B. tribunalului locului prevăzut în contract pentru executarea obligaţiei
C. judecătoriei de la domiciliul pârâtului",A
"31.  Va fi admisă cererea de reexaminare formulată împotriva încheierii de anulare a cererii de chemare în judecată în procedura regularizării, în cazul în care:","A. anularea a fost dispusă pentru neindicarea motivelor de drept şi a probelor
B. odată cu cererea de reexaminare, reclamantul a complinit lipsurile care au determinat anularea cererii
C. reclamantul invocă excepţia necompetenţei materiale a judecătoriei sesizate, în cazul în care cererea sa are ca obiect plata sumei de 300.000 lei",A
32.  Revine ȋn competența exclusivă a judecătoriei:,"A. locului ultimului domiciliu al defunctului, cererea privind anularea certificatului de moştenitor, dacă anterior introducerii cererii de chemare în judecată nu s-a procedat la ieşirea din indiviziune
B. domiciliului reclamantului, cererea de stabilire a paternității, formulată de copil, părinții urmând a fi citați obligatoriu, chiar și din oficiu
C. locului unde se situează imobilul, contestația la executare ȋmpotriva unei urmăriri silite imobiliare, atunci când este formulată de o terţă persoană care invocă un drept real asupra bunului urmărit",A
33.  Cererea reconvenţională:,"A. poate fi formulată cel mai târziu la primul termen la care părţile sunt legal citate în procedura evacuării din imobilele folosite ori ocupate fără drept
B. în procedura divorţului, poate fi făcută până la începerea dezbaterilor în fond, pentru toate faptele anterioare acestui moment, chiar anterioare sesizării instanţei
C. poate fi formulată în termenul prevăzut de lege pentru depunerea întâmpinării în faţa primei instanţe, dacă legea nu dispune altfel",C
"34.  Spre deosebire de cererea de chemare în garanţie, cererea de intervenţie voluntară principală:","A. poate fi formulată şi direct în apel, cu acordul expres al tuturor părţilor
B. va fi făcută în forma prevăzută pentru cererea de chemare în judecată
C. nu este supusă procedurii de regularizare",A
35.  Este necesar acordul pârâtului cu privire la:,"A. proba cu martori propusă de reclamant, în termen şi cu respectarea formelor prevăzute de lege, pentru dovedirea contractului de împrumut în valoare de 10.000 lei, încheiat cu pârâtul, chiar dacă reclamantul face dovada că a pierdut înscrisul constatator al contractului din pricina unui caz de forţă majoră
B. renunţarea la judecata cererii de chemare în judecată, la primul termen la care părţile sunt legal citate sau ulterior acestuia
C. modificarea cererii de chemare în judecată până la primul termen de judecată la care reclamantul este legal citat",B
36.  Intervine decăderea :,"A. reclamantului din dreptul de a transforma cererea de ordonanţă preşedinţială în cerere de drept comun, dacă nu este formulată până la terminarea cercetării procesului în faţa primei instanţe
B. ȋn cazul nerespectării termenului de exercitare a apelului, atunci când partea și-a schimbat domiciliul (locul citării) anterior pronunțării hotărârii, fără a ȋncunoștința instanța despre aceasta, comunicarea hotărârii fiind făcută la vechea adresă
C. ȋn cazul ȋn care partea nu depune lista martorilor ȋn termen de 5 zile de la ȋncuviințarea probei, atunci când necesitatea probei reiese din cercetarea judecătorească și partea nu o putea prevedea",B
37.  În ceea ce priveşte termenul pentru exercitarea căii de atac:,"A. încheierea de respingere a cererii de asigurare a probelor poate fi atacată separat numai cu apel în termen de 5 zile de la pronunţare, dacă s-a dat cu citarea părţilor şi de la comunicare, dacă s-a dat fără citarea lor
B. încheierea prin care se admite ori se respinge cererea de repunere pe rol este supusă recursului pe toată durata suspendării
C. hotărârea dată în recurs de Înalta Curte de Casaţie şi Justiţie prin care se ia act de renunţarea la judecată este supusă recursului în termen de 30 de zile de la comunicare",A
38.  În materia căilor de atac de reformare:,"A. decizia pronunţată în apel cu privire la un conflict de muncă este supusă recursului
B. hotărârea primei instanţe asupra unei cereri în materie de expropriere este supusă numai apelului
C. hotărârea primei instanţe cu privire la contestaţia la executare prin care debitorul invocă lipsa caracterului cert, lichid şi exigibil al creanţei este supusă numai apelului",B
39.  În cazul ivirii divergenţei:,"A. completul de divergenţă va statua asupra chestiunilor rămase în divergenţă exclusiv pe baza probelor aflate la dosar, neavând posibilitatea suplimentării probatoriului
B. pentru reluarea dezbaterilor în completul de divergenţă nu este necesară în nicio situaţie citarea părţilor, dacă acestea au avut termen în cunoştinţă până la data închiderii primelor dezbateri asupra fondului
C. membrii completului de divergenţă au dreptul de a reveni asupra părerii lor care a provocat divergenţa",C
40.  În ceea ce priveşte pronunţarea hotărârii judecătoreşti:,"A. dacă hotărârea s-a dat în folosul mai multor reclamanţi sau împotriva mai multor pârâţi, dispozitivul va arăta ceea ce se cuvine fiecărui reclamant şi la ce este obligat fiecare pârât ori, când este cazul, dacă drepturile şi obligaţiile părţilor sunt solidare sau indivizibile
B. hotărârea se va pronunţa fie în şedinţă publică, fie prin punerea soluţiei la dispoziţia părţilor de către grefa instanţei
C. data hotărârii este data depunerii la dosar a hotărârii redactate integral, după ce aceasta a fost semnată de toţi judecătorii",A
"41.  Spre deosebire de litispendență, în caz de conexitate:","A. excepția de conexitate poate fi invocată de părți sau de instanță din oficiu, numai în faţa primei instanţe
B. excepția se invocă ȋn toate cazurile ȋnaintea instanței ulterior sesizate
C. nu se pot reuni dosare aflate la instanțe de grad diferit",A
42.  În ceea ce privește cererea de recuzare:,"A. a expertului, aceasta se judecă cu citarea părților și a expertului
B. ȋncheierea de respingere a cererii de recuzare, formulată ȋntr-o cerere de stabilire a filiației, pe motiv că unul din judecători este soțul procurorului care a participat la judecata cauzei ȋn prima instanță, este definitivă
C. aceasta se respinge ca rămasă fără obiect, dacă s-a admis declarația de abținere formulată de judecător, chiar dacă aceasta a fost ȋntemeiată pe alt motiv, ȋncheierea nefiind supusă niciunei căi de atac",A
43.  Lipsa dovezii calității de reprezentant:,"A. poate fi invocată numai de partea care are interes, nu şi de procuror, atunci când acesta participă la procesul civil
B. poate fi invocată și de instanța de judecată, din oficiu
C. înaintea primei instanţe, nu poate fi invocată direct ȋn căile de atac",B
44.  În ceea ce privește cheltuielile de judecată:,"A. efectuate de intervenientul accesoriu, acestea se suportă de partea ȋn apărarea căreia a intervenit, dacă aceasta din urmă câștigă procesul
B. dovada existenței și ȋntinderii lor se depune numai până la terminarea cercetării procesului
C. pe care le-a făcut pârâtul, acestea se suportă, la cerere, de reclamantul care renunță la judecată după comunicarea cererii de chemare ȋn judecată",C
45.  Revizuirea pentru motivul legat de descoperirea unor ȋnscrisuri:,"A. se poate formula și ȋmpotriva deciziei prin care s-a respins recursul ca nefondat, dacă ȋnscrisurile sunt determinante pentru soluționarea cauzei
B. se poate formula și motiva ȋn termen de o lună de la descoperirea ȋnscrisurilor ce se invocă
C. nu poate fi admisă dacă ȋnscrisul reprezentat de un contract nu a existat la data pronunțării hotărârii a cărei revizuire se solicită",B
46.  În cazul ȋn care instanța admite ȋn principiu cererea de intervenție voluntară principală prin care se pretinde un drept strâns legat de cel din cererea de chemare ȋn judecată:,"A. reclamantul poate formula o cerere de chemare ȋn judecată a altei persoane care ar putea să pretindă aceleași drepturi ca și intervenientul, până la terminarea cercetării procesului ȋnaintea primei instanțe
B. intervenientul principal poate solicita administrarea de probe cel mai târziu până la primul termen de judecată ulterior admiterii ȋn principiu
C. după admiterea cererii, instanța dispune comunicarea ȋnscrisurilor de la dosar intervenientului principal, care este ȋn drept a formula o cerere de chemare ȋn garanție până la terminarea cercetării procesului ȋn fața primei instanțe",B
47.  Hotărârea judecătorească:,"A. privind evacuarea din imobilele folosite sau ocupate fără drept este executorie de drept și nu poate fi suspendată ȋn ceea ce privește evacuarea ocupantului
B. va produce de drept efecte, în toate cazurile, contra succesorului cu titlu particular al uneia dintre părți, chiar dacă acesta nu a fost introdus ȋn cauză
C. de expedient, pronunțată ȋn procedura ordonanței de plată este definitivă și constituie titlu executoriu",A
48.  Începutul de dovadă scrisă:,"A. pentru a fi valabil, trebuie datat
B. este reprezentat și de o copie legalizată a ȋnscrisului sub semnătură privată, atunci când originalul este imposibil a fi prezentat
C. nu trebuie să fie semnat de partea căreia i se opune",B
49.  Amânarea judecății:,"A. nu intervine atunci când partea care a propus un martor s-a obligat să ȋl prezinte la proces, iar acesta nu a venit, fără a fi citat, instanța putând păși la judecata pricinii
B. este obligatorie atunci când instanta constată, la termen, că nu este semnată contestația la executare, iar contestatorul lipsește la acel termen, deși a fost legal citat
C. dacă nu provoacă dezbateri, poate fi dispusă de către un singur judecător la instanțele la care completul este compus din mai mulți judecători",B
50.  Termenul de perimare:,"A. poate fi ȋntrerupt printr-o cerere de intervenție principală formulată de un terț care dorește să fie introdus ȋn cauză, dacă aceasta este legal timbrată și ȋntrunește condițiile pentru a fi admisă ȋn principiu
B. nu curge dacă suspendarea judecății a intervenit ca urmare a sesizării Înaltei Curți de Casație și Justiție cu pronunțarea unei hotărâri prealabile pentru dezlegarea unei chestiuni de drept, chiar și după pronunțarea acesteia
C. nu curge ȋmpotriva incapabililor",B
"51.  Spre deosebire de concursul real de infracțiuni, în cazul concursului formal:","A. toate infracțiunile din structura sa se consumă la același moment
B. toate infracțiunile din structura sa se comit cu aceeași formă de vinovăție
C. o infracțiune nu poate fi săvârșită pentru a ascunde cealaltă infracţiune din structura concursului, deja comisă",C
52.  Prin hotărârea prin care instanța dispune amânarea aplicării pedepsei închisorii stabilite pentru o infracțiune:,"A. nu poate dispune măsura de siguranță a confiscării extinse
B. poate dispune renunțarea la aplicarea pedepsei pentru o altă infracțiune, concurentă cu cea pentru care a dispus amânarea aplicării pedepsei
C. poate stabili și pedeapsa complementară a degradării militare pentru respectiva infracțiune",A
"53.  În termenul de supraveghere al amânării aplicării unei pedepse de 2 ani închisoare, dispuse pentru comiterea unei infracțiuni sancționate de lege cu pedeapsa închisorii de la unu la 5 ani, intervine o lege nouă care prevede, pentru acea faptă, pedeapsa închisorii de la 3 luni la un an sau amenda. În acest caz, în aplicarea legii penale mai favorabile:","A. se poate stabili pedeapsa amenzii în locul pedepsei închisorii
B. pedeapsa stabilită se va reduce în mod obligatoriu la un an închisoare
C. pedeapsa stabilită se va reduce în mod obligatoriu la un an închisoare",C
54.  În cazul complicității intelectuale (morale):,"A. contribuția complicelui poate consta într-o omisiune
B. răspunderea complicelui este exclusă atunci când, cu privire la autor, s-a reținut excesul neimputabil în legitimă apărare
C. nu se poate dispune măsura de siguranţă a confiscării speciale a unor bunuri aparţinând complicelui, destinate a fi folosite la comiterea faptei",A
55.  Munca neremunerată în folosul comunității nu se poate dispune:,"A. ca modalitate de executare a pedepsei amenzii după ce condamnatul a plătit o parte din aceasta
B. ca obligație a condamnatului, pe durata termenului de supraveghere al liberării condiționate
C. ca obligație în conținutul pedepsei complementare a interzicerii unor drepturi",B
56.  Termenul de prescripție a executării pedepsei:,"A. în cazul amenzii, se întrerupe prin înlocuirea obligației de plată cu prestarea unei munci neremunerate în folosul comunității
B. curge în paralel cu termenul de reabilitare în cazul pedepsei amenzii
C. în cazul unei pedepse grațiate cu jumătate, antecondamnatoriu şi necondiționat, se calculează în raport de partea negrațiată din pedeapsă",A
"57.  În ipoteza cauzei justificative a legitimei apărări, atacul poate consta:","A. doar într-o infracțiune consumată
B. și într-o tentativă neincriminată
C. și într-o tentativă neidonee (absolut improprie)",B
"58.  În cazul în care un minor în vârstă de 13 ani îl determină pe un major să comită un furt simplu, însă acesta comite doar o tentativă de furt simplu:","A. majorului nu i se poate reține circumstanța agravantă a săvârșirii infracțiunii împreună cu un minor
B. nu suntem în prezența unei forme de participație improprie reglementate de Codul penal
C. răspunderea penală a minorului va fi înlăturată dacă intervine împăcarea între persoana vătămată și reprezentantul legal al minorului",B
59.  O infracțiune nu se poate afla concomitent în stare de recidivă postexecutorie și de pluralitate intermediară:,"A. cu excepția cazului în care primul termen al recidivei este format dintr-un concurs de infracțiuni
B. niciodată
C. dacă pedeapsa prevăzută de norma de incriminare pentru această infracţiune este închisoarea de la 3 luni la 10 luni și infracţiunea a fost comisă în formă continuată",C
60.  Starea de temere ce caracterizează cauza de neimputabilitate a constrângerii morale:,"A. trebuie să se mențină pe toată durata acțiunii sau inacțiunii comise de cel constrâns
B. poate fi determinată de comportamentul spontan al unui animal sălbatic
C. face ca fapta comisă sub imperiul ei să fie săvârșită întotdeauna cu intenție repentină (spontană)",A
"61.  Confiscarea specială se poate dispune în parte, prin echivalent, în cazul bunurilor:","A. folosite la săvârșirea unei infracțiuni prin presă
B. a căror deținere este interzisă de legea penală
C. aparținând unui complice, folosite imediat după comiterea infracțiunii pentru a asigura scăparea autorului",C
62.  Cauza justificativă a consimțământului persoanei vătămate:,"A. poate opera chiar dacă persoana vătămată nu cunoaște identitatea celui care va comite fapta prevăzută de legea penală la care consimte
B. nu poate opera niciodată în cazul în care persoana vătămată este un minor cu vârsta sub 14 ani sau o persoană majoră pusă sub interdicție
C. poate opera în cazul oricărei infracțiuni, cu excepția celor contra vieții",A
63.  Măsura educativă a consemnării la sfârșit de săptămână:,"A. nu poate fi luată față de minorul care, anterior comiterii infracțiunii pentru care este judecat în prezent, a comis o altă infracțiune, pentru care s-a dispus măsura educativă a stagiului de formare civică, pe care a executat-o
B. se poate executa într-un penitenciar, dacă după dispunerea ei infractorul a devenit major și are un comportament necorespunzător
C. este absorbită de pedeapsa amenzii stabilită pentru o infracțiune concurentă comisă de infractorul devenit între timp major",C
64.  Se va reține săvârșirea unei infracțiuni de omor în formă consumată:,"A. în cazul în care un conducător auto a accidentat din neatenție victima, care se deplasa legal cu bicicleta pe carosabil, iar apoi, constatând că aceasta se află în stare de inconștiență în şanţ, a abandonat-o și a părăsit locul accidentului, raportul de expertiză arătând că suferise leziuni incompatibile cu viaţa, iar	decesul a survenit la câteva minute după impact
B. în cazul în care, dorind să facă o glumă, inculpatul, care nu ştia să înoate, a împins victima în apa adâncă a unui râu, într-o zonă în care nu se aflau alte persoane, deşi cunoştea că nici aceasta nu știe să înoate, dacă victima a decedat prin înec
C. în sarcina medicului care a prescris un tratament medicamentos victimei, peste doza de administrare normală, dacă prospectul medicamentului nu prevedea reacții severe în caz de supradozaj, iar în trecut această modalitate de tratament s-a dovedit eficientă, dacă victima a decedat din această cauză",B
65.  Infracţiunea de rele tratamente aplicate minorului:,"A. se poate comite în coautorat şi atunci când fapta se săvârşeşte prin inacţiune
B. se reţine în forma tentativei pedepsibile în cazul în care inculpatul încearcă să o violeze pe fiica sa minoră, fugărind-o în acest scop prin casă, dacă aceasta reuşeşte să se salveze ieşind pe geam
C. se reţine în concurs formal cu infracţiunea de lipsire de libertate în mod ilegal, atunci când se comite de către mamă asupra fiului său în vârstă de 8 ani, prin izolarea lui într-o pivniță întunecată timp de 5 zile, având la dispoziţie hrană şi apă",A
66.  Infracțiunea de lipsire de libertate în mod ilegal se va reține în variantă agravată:,"A. dacă făptuitorul răpește o victimă care se afla în stare de somn profund, cauzată de consumul excesiv de băuturi alcoolice
B. în sarcina profesorului de sport care, pentru a pedepsi mai mulți elevi minori pentru că se stropeau cu apă, i-a încuiat pe durata orei de sport în vestiar
C. dacă făptuitorul avea în rucsac o bară metalică pe care a luat-o pentru a se asigura că poate înfrânge rezistența victimei, însă nu a folosit-o la săvârșirea infracțiunii",B
67.  Infracțiunea de viol se va reţine:,"A. în varianta tip atunci când făptuitorul o violează pe sora mamei sale, victima fiind majoră
B. în concurs cu infracțiunea de vătămare corporală, atunci când făptuitorul, pentru a înfrânge rezistenţa victimei, în timpul raportului sexual, o crestează cu lama unui cuţit pe frunte şi pe obraji
C. și atunci când victima este constrânsă de inculpat să săvârșească acte de penetrare orală cu un obiect",A
68.  Infracțiunea de furt calificat:,"A. se va reține în sarcina inculpatului care, observând că vecinul său a uitat descuiată maşina în care ştia că acesta dormea de o lună de zile, de când rămăsese fără casă, în urma unui incendiu, a pătruns în interiorul autoturismului, de unde a sustras mai multe bunuri de valoare
B. se va reține în sarcina inculpatului care, aflându-se în sediul unei bănci la ora prânzului pentru o operaţiune de schimb valutar, profitând de neatenţia unui angajat al băncii, îi sustrage acestuia telefonul mobil aflat pe birou
C. nu se va reține în sarcina angajatului unui hotel care, într-o după-amiază, primind de la un client cheia mașinii acestuia pentru a o parca, în timp ce conducea spre garaj, a sustras bunuri din respectivul autoturism",A
69.  Se va reține în sarcina inculpatului infracțiunea de tâlhărie calificată:,"A. atunci când, pretinzând că este procuror și prezentând o legitimație falsă, îi cere persoanei vătămate să-i predea telefonul mobil, spunându-i că îi este necesar soluţionării unei cauze, iar aceasta remite imediat bunul
B. atunci când, pretinzând că este procuror, îi spune unui vânzător din piață că, dacă nu îi dă pe loc o parte din profitul obținut în acea zi, va dispune împotriva sa măsura preventivă a reţinerii, iar vânzătorul îi remite imediat respectiva sumă de bani
C. atunci când inculpatul este procuror și îi cere persoanei vătămate să îi dea o sumă de bani, spunându-i că altfel va începe urmărirea penală pentru o faptă pe care aceasta o comisese, dacă suma de bani este remisă imediat",B
"70.  Fapta mecanicului auto care, în perioada în care autoturismul persoanei vătămate se afla în atelierul său pentru reparație, s-a deplasat cu el la munte într-un weekend, iar proprietarului i-a spus că reparaţia nu este încă realizată, constituie infracţiunea de:","A. înșelăciune
B. furt de folosință
C. abuz de încredere",C
"71.  Într-o seară, înainte de a pleca acasă, un bucătar, angajat la un restaurant, a uitat să stingă toate focurile în bucătăria unde lucra, deși avea această obligație, iar fapta sa a avut drept consecinţă declanşarea unui incendiu puternic, care a distrus restaurantul și a condus la decesul unei persoane, angajată a restaurantului care se ocupa întotdeauna de curățenie după ce pleca bucătarul. În sarcina bucătarului se va reţine:","A. infracţiunea de distrugere calificată
B. infracţiunea de distrugere din culpă în varianta tip, în concurs cu infracțiunea de ucidere din culpă
C. infracţiunea de distrugere din culpă care a avut ca urmare un dezastru",B
72.  Infracțiunea de inducere în eroare a organelor judiciare:,"A. săvârşită în modalitatea ticluirii sau producerii de probe nereale în scopul de a dovedi existenţa infracţiunii pentru care inculpatul este cercetat, poate fi reţinută în sarcina procurorului care efectuează urmărirea penală în cauză
B. se va reține în variantă agravată, dacă legea prevede pentru infracțiunea la care se referă sesizarea, pedeapsa închisorii mai mare de 20 de ani sau detențiunea pe viață
C. poate fi pedepsită chiar dacă față de persoana la care se referă sesizarea nu s-a dispus o măsură preventivă sau punerea în mișcare a acțiunii penale",C
73.  În cazul infracțiunii de dare de mită:,"A. un funcţionar public poate fi autor
B. bunurile promise de mituitor funcţionarului public sunt supuse confiscării speciale, prin echivalent, dacă acestea nu se mai găsesc
C. constrângerea mituitorului reprezintă o cauză de nepedepsire şi atunci când este exercitată de un intermediar al funcţionarului public autor al infracţiunii de luare de mită",A
74.  În cazul infracțiunii de delapidare:,"A. se va reţine cauza de nepedepsire a împiedicării producerii rezultatului dacă inculpatul, funcţionar bancar ce îndeplineşte funcţia de casier, sustrage o sumă de bani din casierie, pe care o restituie când încasează salariul, înainte ca fapta să fie descoperită
B. elementul material al laturii obiective nu poate să constea, potrivit legii, în înlesnirea valorificării unui bun
C. autorul răspunde și atunci când bunul este traficat în interesul unui coleg de serviciu, care nu este funcționar public",B
"75.  În cazul în care, cu prilejul întocmirii unui raport de expertiză judiciară, expertul inserează în cuprinsul acestuia aspecte care nu corespund adevărului, cu scopul de a determina achitarea inculpatului, la rugămintea acestuia din urmă:","A. în sarcina expertului se va reține infracțiunea de mărturie mincinoasă
B. în sarcina inculpatului se va reține infracțiunea de influenţare a declaraţiilor
C. în sarcina expertului se va reține infracțiunea de favorizarea făptuitorului în concurs cu infracţiunea de fals intelectual",A
76.  În cursul urmăririi penale:,"A. pentru a se încuviinţa cererea de audiere anticipată formulată de procuror, se analizează utilitatea, pertinența și concludența probei
B. inculpatul nu poate fi ascultat de judecătorul de drepturi și libertăți
C. după schimbarea încadrării juridice nu este necesară punerea din nou în mișcare a acțiunii penale pentru noua încadrare juridică dată faptei",C
77.  Nu suspendă executarea hotărârii contestaţia formulată de procuror împotriva:,"A. încheierii prin care instanța de apel dispune înlocuirea măsurii arestării preventive cu măsura controlului judiciar
B. încheierii prin care judecătorul de cameră preliminară a constatat încetată de drept măsura arestării preventive
C. sentinţei prin care s-a admis cererea de reabilitare judecătorească",A
78.  În cazul revizuirii:,"A. dacă instanţa respinge cererea de suspendare a executării hotărârii, încheierea poate fi contestată în termen de 48 de ore de la pronunţare pentru cei prezenţi şi de la comunicare pentru cei lipsă
B. instanţa poate dispune luarea măsurii arestării preventive când, după ce a suspendat executarea hotărârii supuse revizuirii, nu sunt respectate, cu rea credinţă, obligaţiile impuse
C. în rejudecarea cauzei, dacă s-a dispus anularea hotărârii, operează efectul extensiv",C
"79.  Dispoziţiile din materia apelului privind repunerea în termen sunt aplicabile, în mod corespunzător:","A. în cazul contestaţiei împotriva încheierii prin care judecătorul de drepturi şi libertăţi a dispus luarea măsurii controlului judiciar
B. în cazul contestaţiei în anulare
C. în cazul plângerii împotriva soluţiei de clasare dispusă de procuror",A
"80.  În cazul în care Direcţia Naţională Anticorupţie dispune trimiterea în judecată a inculpatului X, avocat, pentru săvârşirea infracţiunii de trafic de influenţă, şi, prin acelaşi rechizitoriu, dispune clasarea cauzei cu privire la inculpatul Y, şoferul lui X, cercetat sub aspectul săvârşirii infracţiunii de mărturie mincinoasă, plângerea prin care Y contestă temeiul soluţiei de clasare este de competenţa judecătorului de cameră preliminară de la:","A. curtea de apel
B. tribunal
C. judecătorie",B
81.  Acțiunea civilă în procesul penal:,"A. poate avea ca obiect repararea prejudiciului material prin restituirea lucrului
B. nu poate fi exercitată de persoana căreia persoana vătămată i-a transmis, pe cale convențională, mai înainte de constituirea de parte civilă, dreptul la repararea prejudiciului
C. este admisibilă dacă partea civilă a revenit asupra renunţării la pretenţiile civile până la începerea cercetării judecătoreşti",A
82.  Persoana vătămată:,"A. nu poate exercita acţiunea civilă în faţa instanţei penale cu privire la participanţii la săvârşirea infracţiunii care nu au fost trimişi în judecată
B. nu poate exercita niciodată acţiunea civilă în procesul penal doar împotriva părţii responsabile civilmente
C. potrivit legii, trebuie citată în mod obligatoriu în procedura de confirmare a redeschiderii urmăririi penale, atunci când redeschiderea a fost dispusă de către procurorul ierarhic superior, ca urmare a admiterii plângerii pe care persoana vătămată a formulat-o împotriva ordonanţei de clasare",A
"83.  Este întotdeauna incompatibil să soluţioneze contestaţia împotriva încheierii prin care instanţa a dispus menţinerea controlului judiciar, judecătorul care în aceeaşi cauză:","A. a admis contestaţia procurorului şi a înlăturat dispoziţia de excludere a raportului de expertiză
B. a procedat la audierea anticipată a unui martor
C. a respins anterior contestaţia formulată de un coinculpat împotriva aceleiaşi încheieri de şedinţă",B
84.  În cursul urmăririi penale este obligatorie înregistrarea prin mijloace tehnice audio-video a declaraţiei:,"A. martorului protejat
B. martorului vulnerabil
C. persoanei vătămate minore, a cărei audiere s-a făcut prin interpret",A
85.  În cazul controlului judiciar pe cauţiune:,"A. judecătorul de cameră preliminară poate dispune înlocuirea acestei măsuri preventive cu măsura arestării preventive, precum şi confiscarea cauţiunii, dacă inculpatul încalcă cu rea credinţă obligaţiile ce îi revin
B. cererea va fi admisă dacă, după rămânerea definitivă a încheierii prin care s-a admis în principiu cererea de înlocuire a măsurii arestării preventive cu cea a controlului judiciar pe cauţiune, inculpatul depune cauţiunea în termenul fixat
C. în cursul judecăţii, cererea de înlocuire a măsurii arestării preventive cu măsura controlului judiciar pe cauţiune se dispune prin încheiere dată în camera de consiliu",B
86.  Termenul:,"A. de cel puţin 5 zile înainte de expirarea duratei măsurii preventive, în care procurorul, atunci când dispune trimiterea în judecată, trebuie să înainteze rechizitoriul şi dosarul cauzei judecătorului de cameră preliminară de la instanţa competentă, este un termen peremptoriu în privinţa căruia operează prorogarea legală
B. de 48 de ore prevăzut de lege pentru declararea contestaţiei, care curge în întregime numai în zile nelucrătoare, se prorogă până la finalul primei zile lucrătoare
C. de declarare a apelului curge de la data când a fost afişată, potrivit legii, pe uşa locuinţei destinatarului, înştiinţarea privind comunicarea copiei minutei",A
87.  Sancţiunea nulităţii absolute intervine atunci când:,"A. judecătorul de drepturi şi libertăţi soluţionează propunerea de arestare preventivă în şedinţă publică
B. inculpatul nu a fost citat la efectuarea percheziţiei informatice şi aceasta s-a desfăşurat în lipsa lui
C. apelul inculpatului, care a dobândit calitatea de europarlamentar după pronunţarea hotărârii de condamnare de către judecătorie, a fost soluţionat de curtea de apel şi nu de Înalta Curte de Casaţie şi Justiţie",B
"88.  În cazul în care, pe parcursul cercetării judecătoreşti în faţa instanţei de fond, singurul inculpat decedează:","A. soluţionând cauza, instanţa poate obliga succesorii acestuia la plata despăgubirilor civile
B. soţia acestuia nu poate solicita continuarea procesului penal
C. soluţionând cauza, instanţa menţine măsurile asigurătorii instituite în cursul urmăririi penale în vederea acoperirii prejudiciului cauzat părţii civile",B
"89.  Dacă instanţa de fond, dispunând o soluţie de condamnare a inculpatului la o pedeapsă privativă de libertate pentru săvârşirea infracţiunii de luare de mită, omite să se pronunţe asupra măsurii controlului judiciar, până la sesizarea instanţei de apel, la solicitarea procurorului:","A. poate dispune, prin încheiere, îndreptarea erorii materiale strecurate în minuta sentinţei, în urma unei proceduri desfăşurate în prezenţa procurorului, inculpatului şi a apărătorului ales sau din oficiu
B. poate dispune, prin încheiere, îndreptarea omisiunii vădite strecurate în minuta sentinţei, în urma unei proceduri desfăşurate în prezenta procurorului, inculpatului şi a apărătorului ales sau din oficiu
C. va proceda, în prezenţa procurorului, inculpatului şi a apărătorului ales sau din oficiu, la verificarea legalităţii şi temeiniciei măsurii preventive putând dispune revocarea, înlocuirea sau menţinerea acesteia",C
"90.  În cazul în care denunţul formulat de o persoană juridică, societate cu răspundere limitată, nu cuprinde codul unic de înregistrare fiscală şi numărul de înmatriculare în registrul comerţului şi, totodată, a fost depus la un parchet necompetent după calitatea persoanei, acesta va dispune:","A. restituirea denunţului pe cale administrativă, cu indicarea elementelor care lipsesc
B. declinarea competenţei în favoarea parchetului competent
C. trimiterea pe cale administrativă a denunţului la parchetul competent",C
91.  În cazul renunţării la urmărirea penală:,"A. soluţia poate fi dispusă prin rechizitoriu
B. încheierea de respingere a cererii de confirmare poate fi contestată de inculpat
C. termenul stabilit de procuror, în care inculpatul trebuie să îndeplinească obligaţiile impuse, curge de la data la care i-a fost comunicată ordonanţa, nu de la data confirmării renunţării la urmărirea penală",A
92.  Instanţa poate dispune luarea măsurii arestării preventive:,"A. pentru motivul constând în săvârşirea unei noi infracţiuni (furt calificat), doar în cauza în care inculpatul este cercetat pentru noua faptă, nu şi în cauza în care, la momentul comiterii noii infracţiuni, acesta era deja trimis în judecată în stare de libertate, în urma revocării arestului la domiciliu
B. faţă de inculpatul care a fost arestat anterior o perioadă de 180 de zile, în cursul urmăririi penale, pentru aceeaşi faptă
C. cu ocazia soluţionării contestaţiei formulate de parchet împotriva încheierii prin care s-a admis cererea inculpatului şi s-a dispus modificarea controlului judiciar prin încetarea obligaţiei de a nu depăşi limita teritorială a României, dacă se constată că inculpatul se sustrage judecăţii şi a părăsit deja ţara",B
93.  Procurorul:,"A. în cursul urmăririi penale, poate autoriza, pe o durată de maxim 48 de ore, măsuri de supraveghere tehnică, doar dacă pedeapsa prevăzută de lege pentru infracţiunea ce face obiectul cercetărilor este închisoarea de 5 ani sau mai mare
B. în nicio situaţie nu poate interzice accesul apărătorului inculpatului la declaraţiile date de
C. poate încuviinţa continuarea efectuării percheziţiei domiciliare şi în locurile învecinate celor pentru care a fost emis mandatul de percheziţie",B
94.  Măsurile asigurătorii:,"A. în vederea confiscării speciale sau extinse pot fi luate şi la cererea părții civile
B. luate din oficiu de către instanța de judecată pot folosi și părții civile
C. în vederea confiscării speciale sau extinse pot fi luate și asupra bunurilor unei instituții publice",B
95.  Obținerea datelor privind tranzacțiile financiare ale unei persoane:,"A. nu este o metodă de supraveghere tehnică
B. nu se poate dispune de procuror
C. nu poate viza, în nicio situație, datele privind tranzacțiile financiare dintre avocat și suspect, inculpat sau orice altă persoană pe care acesta o apără",A
96.  Tribunalul este competent să judece:,"A. o cauză penală în care adjunctul Avocatului Poporului este trimis în judecată pentru săvârșirea infracțiunii de luare de mită
B. contestația împotriva încheierii de luare a măsurilor asigurătorii de către instanţă într-o cauză având ca obiect infracţiunea de distrugere calificată
C. cererea de abținere a judecătorului de la o judecătorie din raza sa teritorială, care nu poate fi soluționată de niciun alt judecător din cadrul acelei judecătorii",C
97.  Amenda judiciară:,"A. nu poate fi aplicată de un organ de cercetare penală
B. aplicată de procuror poate fi redusă de judecătorul de cameră preliminară
C. poate fi aplicată şi expertului a cărui cerere de înlocuire a fost încuviinţată",C
"98.  În cadrul dezbaterilor, instanța de fond acordă cuvântul, în ordine:","A. procurorului, persoanei vătămate, părții civile, părții responsabile civilmente și inculpatului
B. inculpatului, persoanei vătămate, părții civile, părții responsabile civilmente și procurorului, iar la final, iarăși inculpatului
C. procurorului, inculpatului, persoanei vătămate, părții civile și părții responsabile civilmente, iar la final, iarăși inculpatului",A
99.  Acordul de recunoaștere a vinovăției:,"A. încheiat de un minor are ca efect reducerea cu 1/3 a limitelor prevăzute de lege pentru măsurile educative privative de libertate
B. poate fi încheiat de suspectul minor, doar cu încuviinţarea reprezentantului său legal
C. privește inclusiv forma de executare a pedepsei",A
100.  În cauzele cu infractori minori:,"A. întocmirea referatului de evaluare este obligatorie în cursul urmăririi penale
B. întocmirea referatului de evaluare este obligatorie în cursul judecăţii în situaţia în care nu a fost efectuat în cursul urmăririi penale
C. dacă inculpatul a împlinit 18 ani în ziua rămânerii definitive a încheierii prin care judecătorul de cameră preliminară a dispus începerea judecăţii, judecarea cauzei se va face potrivit procedurii obişnuite",B
