"1.  Potrivit Codului civil, în materia contractului de vânzare:","A. dreptul convenţional de preempţiune se stinge prin moartea preemptorului, cu excepţia situaţiei în care a fost constituit pe un anume termen
B. dreptul de preempţiune este indivizibil
C. dreptul de preempţiune se poate ceda prin înscris autentic.",AB
2.  În materia donaţiei:,"A. nulitatea căsătoriei atrage caducitatea donaţiei făcute soţului de bună sau de rea-credinţă
B. oferta de donaţie nu mai poate fi acceptată după decesul destinatarului ei
C. dreptul la acțiunea prin care se solicită executarea sarcinii se prescrie în termen de un an de la data la care sarcina trebuia executată.",B
3.  Tranzacţia:,"A. nu poate fi încheiată în faza executării silite
B. pentru a fi valabilă, trebuie să fie încheiată în scris, indiferent de obiectul tranzacţiei
C. încheiată pe baza unor înscrisuri dovedite ulterior că fiind false este nulă.",C
4.  În materia contractului de întreţinere:,"A. în cazul înlocuirii întreţinerii prin rentă, dacă prin contractul de întreţinere nu s-a convenit altfel, obligaţia de plată a rentei rămâne indivizibilă între debitori
B. atunci când comportamentul celeilalte părţi face imposibilă executarea contractului în condiţii conforme bunelor moravuri, cel interesat poate cere rezoluțiunea contractului
C. drepturile creditorului întreţinerii nu pot fi supuse urmăririi decât în limita a ¼ din veniturile sale.",AB
"5.  În lipsă de stipulație contrară şi dacă nu există uzanțe, chiria se plăteşte:","A. în cazul unei locațiuni cu o durata de 5 ani, în prima zi lucrătoare a fiecărui trimestru
B. în avans pentru toată durata contractului, dacă aceasta nu depăşeşte o lună
C. în ultima zi lucrătoare a fiecărei luni, dacă durata locațiunii este mai mare de o lună, dar mai mică de un an.",AB
6.  În materia gestiunii de afaceri:,"A. în privinţa actelor juridice, gestiunea ratificată produce, de la data ratificării, efectele unui mandat
B. decesul geratului atrage încetarea de drept a gestiunii, de la data decesului acestuia
C. cel care ignoră împotrivirea titularului afacerii este răspunzător pentru prejudiciile cauzate chiar şi din cea mai uşoară culpă.",C
7.  În materia răspunderii civile delictuale:,"A. cel care, în temeiul unui contract, este obligat să supravegheze o persoană pusă sub interdicţie, răspunde pentru prejudiciul cauzat de aceasta, numai dacă se dovedeşte că interzisul a acţionat cu discernământ la data săvârşirii faptei
B. cel care, în orice fel, a întârziat chemarea în judecată a autorului faptei ilicite răspunde solidar cu acesta din urmă
C. dreptul la despăgubire pentru atingerile aduse drepturilor inerente personalităţii oricărui subiect de drept va putea fi cedat numai în cazul în care a fost stabilit printr-o tranzacţie sau printr-o hotărâre judecătorească definitivă.",BC
8.  În cazul imputaţiei plăţii făcute de creditor:,"A. acesta nu poate imputa plata asupra unei datorii litigioase
B. atunci când acesta remite debitorului o chitanţă liberatorie, este dator să facă imputaţia prin acea chitanţă
C. acesta este obligat să facă imputaţia cu prioritate asupra datoriilor negarantate sau pentru care are cele mai puţine garanţii.",AB
9.  Cesiunea unei universalităţi de creanţe:,"A. poate avea că obiect numai creanţe exigibile la momentul cesiunii
B. permite cesionarului să efectueze acte de conservare cu privire la drepturile cedate
C. nu poate fi făcută cu titlu gratuit.",B
10.  În materie de confuziune:,"A. aceasta nu operează dacă datoria şi creanţa se găsesc în acelaşi patrimoniu, dar în mase de bunuri diferite
B. dispariţia cauzei care a determinat-o face să renască obligaţia de la data dispariţiei cauzei
C. confuziunea nu aduce atingere drepturilor dobândite anterior de terţi, în legătură cu creanţa stinsă pe această cale, cu condiţia ca drepturile terţilor să fi fost dobândite de aceştia prin acte cu titlu oneros şi cu bună credinţă.",A
11.  În materia nulității:,"A. nulitatea contractului poate fi constatată sau declarată prin acordul părţilor, dacă prin lege nu se prevede altfel
B. de regulă, nulitatea relativă a contractului poate fi opusă oricând, chiar şi după împlinirea termenului de prescripţie a dreptului la acţiunea în anulare, de către partea căreia i se cere executarea contractului
C. în cazul refacerii unui contract nul, efectele contractului refăcut se produc retroactiv.",AB
"12.  Cererea pentru stabilirea, pe cale judiciară, a termenului, ca modalitate a actului juridic:","A. se soluţionează potrivit regulilor aplicabile ordonanţei preşedinţiale
B. este imprescriptibilă extinctiv
C. va fi respinsă în cazul în care cererea vizează stabilirea unui termen suspensiv.",A
13.  În materia mandatului fără reprezentare:,"A. mandantul are la îndemână împotriva terţului o acţiune oblică pentru valorificarea drepturilor născute din executarea mandatului, indiferent dacă şi-a executat sau nu propriile obligaţii faţă de mandatar
B. terţul are la îndemână o acţiune directă împotriva mandantului, pentru îndeplinirea obligaţiilor născute din executarea mandatului
C. mandatarul este obligat să transmită mandantului bunurile mobile supuse unor formalităţi de publicitate.",C
14.  În cazul admiterii acţiunii în revendicare imobiliară:,"A. pârâtul va fi obligat, la alegerea sa, să restituie bunul sau să plătească despăgubiri către proprietar
B. pârâtul are dreptul la restituirea cheltuielilor necesare, chiar dacă a fost de rea-credinţă
C. toate fructele culese până la pronunţarea hotărârii de admitere se cuvin pârâtului, dacă acesta a fost de bună-credinţă la data intrării în posesia imobilului.",B
"15.  Autorul de rea-credinţă al unei lucrări autonome cu caracter durabil, realizate pe terenul altuia:","A. nu este îndreptăţit să aleagă modalitatea de stabilire a despăgubirilor pe care i le va plăti proprietarul terenului
B. poate fi obligat la ridicarea construcţiei pe propria cheltuială
C. nu poate fi obligat să cumpere terenul la valoarea de circulaţie pe care acesta ar fi avut-o dacă lucrarea nu s-ar fi realizat.",AB
16.  Uzufructuarul:,"A. unei turme care a pierit în întregime din cauze neimputabile acestuia va restitui numai pieile ori valoarea acestora
B. va suportă reparaţiile mari atunci când acestea sunt determinate de neefectuarea reparaţiilor de întreţinere
C. poate ceda dreptul sau unui terţ numai prin act juridic cu titlu oneros.",AB
17.  Posesia:,"A. proprietarului asupra unui bun imobil încetează prin înscrierea în cartea funciară a declaraţiei de renunţare la dreptul sau de proprietate asupra imobilului respectiv
B. nu este utilă atât timp cât posesorul o exercită cu intermitenţe anormale în raport cu natura bunului
C. de rea-credinţă presupune lipsa elementului intenţional.",AB
18.  Limitele legale de interes privat în exercitarea dreptului de proprietate privată:,"A. pot fi desfiinţate temporar prin acordul părţilor
B. nu pot fi modificate prin manifestarea unilaterală de voinţă a proprietarului
C. includ toate limitele determinate de raporturile de vecinătate.",AB
19.  Este de drept nedemnă de a moşteni:,"A. soţia celui care lasă moştenirea, care, prin violenţă, l-a împiedicat pe acesta să revoce testamentul întocmit în favoarea sa
B. persoana care, cu rea-credinţă, a distrus testamentul defunctului
C. persoana condamnată penal pentru săvârşirea unei infracţiuni cu intenţia de a-l ucide pe cel care lasă moştenirea.",C
20.  Reprezentarea succesorală operează chiar dacă:,"A. reprezentantul a renunţat la moştenirea lăsată de reprezentat
B. reprezentatul este nedemn faţă de defunct, cu condiţia ca reprezentatul să nu fie în viaţă la data deschiderii moştenirii defunctului
C. reprezentantul nu îndeplineşte toate condiţiile generale pentru a-l moşteni pe defunct.",A
"21.  În materia moştenirii legale, bunicul defunctului:","A. este înlăturat de la moştenire de copilul fratelui defunctului
B. nu înlătură de la moştenire pe fratele tatălui defunctului
C. nu este înlăturat de la moştenire de soţul supravieţuitor.",AC
"22.  În cazul în care o moştenire legală se împarte între soţia supravieţuitoare, mama defunctului şi o sora a defunctului:","A. mama defunctului va culege 1/6 din moştenire
B. fiecare va culege câte 1/3 din moştenire
C. sora defunctului va culege 1/2 din moştenire.",AC
"23.  Renunţarea la dreptul de a invocă nulitatea relativă a unui contract, pentru violenţă:","A. poate fi făcută numai prin înscris autentic sau sub semnătură privată
B. presupune că, la momentul renunţării, violenţa să fi încetat
C. îşi produce efectele din momentul încheierii contractului.",BC
"24.  Spre deosebire de eroare, ca viciu de consimţământ, dolul:","A. poate angaja răspunderea autorului său, pentru prejudiciile cauzate
B. este aplicabil şi actelor juridice unilaterale
C. nu se presupune.",A
"25.  Cu excepţia cazurilor prevăzute de lege, darurile manuale pot avea că obiect bunuri mobile corporale cu o valoare de până la:","A. 100.000 lei
B. 50.000 lei
C. 25.000 lei.",C
26.  Mandatul judiciar încetează:,"A. prin moartea celui care l-a dat
B. dacă mandantul a devenit incapabil
C. dacă este retras de către moştenitorii celui care l-a dat.",C
27.  În materia recuzării:,"A. cererea se judecă în camera de consiliu, cu ascultarea părţilor, dacă instanţa apreciază că este necesar
B. până la soluţionarea cererii de recuzare nu se va face nici un act de procedură în cauză
C. nu se admite interogatoriul, ca mijloc de dovadă a motivelor de recuzare.",AC
28.  Procurorul poate exercita căile de atac:,"A. atunci când a participat la judecată, în condiţiile legii
B. în orice proces civil, dacă apreciază că este necesar pentru apărarea ordinii de drept, a drepturilor şi intereselor cetăţenilor
C. împotriva hotărârilor pronunţate în acţiuni referitoare la drepturile şi interesele legitime ale persoanelor puse sub interdicţie şi ale dispăruţilor, chiar dacă nu a pornit el acţiunea civilă.",AC
29.  Cererea de chemare în garanţie:,"A. poate fi formulată de reclamant sau de intervenientul voluntar numai în faţa primei instanţe, până la închiderea dezbaterilor în fond
B. nu poate fi disjunsă de judecarea cererii principale
C. obligă instanţa să se pronunţe asupra admisibilităţii ei în principiu.",C
30.  Încheierea prin care se dispune asupra admisibilităţii în principiu a cererii de intervenţie voluntară:,"A. nu se poate ataca decât odată cu fondul, în cazul în care cererea de intervenţie a fost admisă în principiu
B. poate fi atacată numai cu apel în termen de 15 zile, care curge de la pronunţare pentru partea prezentă, respectiv de la comunicare pentru partea lipsă, în cazul în care prima instanţă respinge cererea de intervenţie ca inadmisibilă
C. poate fi atacată numai cu recurs la instanţa ierarhic superioară, în cazul în care instanţa de apel respinge cererea de intervenţie ca inadmisibilă.",AC
31.  În cazul transmisiunii calităţii procesuale prin acte între vii cu titlu particular:,"A. succesorul cu titlu particular este obligat să intervină în cauza, dacă are cunoştinţă de existenţa procesului, sau poate să fie introdus în cauza, la cerere ori din oficiu
B. judecată va continuă, în toate cazurile, numai cu succesorul cu titlu particular, care va fi introdus în cauza la cerere sau din oficiu, înstrainatorul fiind scos din proces
C. hotărârea pronunţată contra înstrainatorul ui nu va produce efecte şi contra succesorului cu titlu particular, dacă acesta din urmă nu a fost introdus în cauza, chiar dacă succesorul cu titlu particular a dobândit dreptul cu rea-credinţă.",A
32.  Judecătoria este competentă să soluţioneze:,"A. căile de atac împotriva hotărârilor autorităţilor administraţiei publice cu activitate jurisdicţională şi ale altor organe cu astfel de activitate, în afară de cazurile în care legea prevede altfel
B. cererile referitoare la înregistrările în registrele de stare civilă, potrivit legii
C. cererile referitoare la orice servituţi sau alte limitări ale dreptului de proprietate prevăzute de lege, stabilite de părţi ori instituite pe cale judecătorească.",BC
33.  În cererile privitoare la stabilirea filiaţiei:,"A. părţile nu pot conveni în scris sau, în cazul litigiilor născute, şi prin declaraţie verbală în faţă instanţei, ca acestea să fie judecate de alte instanţe decât acelea care, potrivit legii, ar fi competente teritorial să le judece
B. necompetenţa teritorială poate fi invocată doar de către pârât prin întâmpinare sau, dacă întâmpinarea nu este obligatorie, cel mai târziu la primul termen de judecată la care părţile sunt legal citate în faţa primei instanţe
C. cererea poate fi introdusă şi la instanţa domiciliului reclamantului.",AC
34.  Conflictul de competenţă:,"A. se judecă în camera de consiliu, cu citarea părţilor, printr-o hotărâre definitivă
B. ivit între două instanţe judecătoreşti, se soluţionează de instanţa imediat superioară şi comună instanţelor aflate în conflict
C. nu se poate crea cu Înalta Curte de Casaţie şi Justiţie.",BC
"35.  Spre deosebire de conexitate, în caz de litispendenţă:","A. când instanţele sunt de acelaşi grad, excepţia se invocă în faţa instanţei sesizate ulterior
B. excepţia poate fi invocată şi dacă una dintre pricini se află pe rolul primei instanţe, iar cealaltă în apel
C. excepţia poate fi invocată de părţi sau de instanţă, din oficiu.",B
36.  Termenele imperative:,"A. sunt acele termene înăuntrul cărora este interzis să se îndeplinească un act de procedură
B. pot fi stabilite numai prin lege
C. în caz de nerespectare atrag, de regulă, sancţiunea decăderii.",C
37.  Citarea prin publicitate presupune în mod obligatoriu şi:,"A. afişarea citației la uşa instanţei
B. afişarea citației pe portalul instanţei de judecată competente
C. publicarea citației în Monitorul Oficial al României.",AB
38.  Hotărârea primei instanţe este executorie de drept atunci când:,"A. are ca obiect modul de exercitare a dreptului de a avea legături personale cu minorul
B. prin hotărâre se dispune radierea unui drept din cartea funciară
C. are ca obiect cereri privitoare la posesie, numai în ceea ce priveşte posesia.",AC
"39.  Formalitatea „bun şi aprobat"":","A. presupune că înscrisul să fie scris în întregime cu mâna celui care îl subscrie şi să fie scris cu mâna acestuia „bun şi aprobat"", cu arătarea în litere a sumei sau a cantităţii datorate
B. nu este necesară în raporturile dintre profesionişti
C. nu este necesară în cazul înscrisului sub semnătură privată, prin care o singură parte se obligă către o altă să îi plătească o suma de bani, dacă părţile, de comun acord, au depus singurul original la un terţ ales de ele.",B
40.  Sechestrul asigurător:,"A. se poate institui şi asupra bunurilor imobile urmăribile ale debitorului, aflate în posesia unui terţ
B. va fi ridicat, la cererea debitorului, în cazul nedepunerii cauțiunii în termenul fixat de instanţă
C. asupra unui bun pe care debitorul îl oferă pentru liberarea să, va putea fi înfiinţat, chiar fără a există proces asupra creanţei băneşti a creditorului.",A
"41.  Spre deosebire de renunţarea la judecată, în cazul renunţării la dreptul pretins:","A. aceasta poate avea loc în căile de atac, fără a fi necesar acordul pârâtului
B. când renunţarea este făcută în căile extraordinare de atac, vor fi anulate hotărârile pronunţate în cauză
C. hotărârea prin care se ia act de renunţare în faţa unei secţii a Înaltei Curţi de Casaţie şi Justiţie este supusă recursului, care se judecă de completul de 5 judecători.",AC
42.  În cazul revizuirii pentru hotărâri potrivnice:,"A. cererea se judecă de instanţa mai mare în grad faţă de instanţa care a dat a doua hotărâre
B. aceasta poate fi cerută şi în cazul în care hotărârile potrivnice au fost date de aceeaşi instanţă, în dosare diferite
C. trebuie să se ceară anularea celei de-a doua hotărâri.",AC
43.  În procedura judiciară a divorţului:,"A. cererea de divorţ poate fi semnată de un mandatar comun, cu procură specială autentică, atunci când este întemeiată pe acordul părţilor
B. atunci când niciunul dintre soţi nu are o locuinţa în ţară, părţile pot conveni să introducă cererea de divorţ la orice judecătorie din România
C. cererea de divorţ întemeiată pe culpa soţului pârât se judecă în camera de consiliu, fără citarea părţilor, dacă soţul pârât recunoaşte faptele care au dus la destrămarea vieţii conjugale.",AB
44.  În materie de partaj judiciar:,"A. dacă printre cei interesaţi se află şi dispăruţi, împărţeala nu se poate face decât prin vânzarea bunurilor la licitaţie publică, prin intermediul executorului judecătoresc
B. nu se poate dispune judecarea separată a cererii reconvenționale prin care se solicită completarea masei partajabile
C. în cazul în care partajul nu se poate realiza în niciuna dintre modalităţile prevăzute de lege, instanţa va anula cererea de partaj.",B
"45.  Spre deosebire de contestaţia la titlu vizând un titlu executoriu reprezentat de o hotărâre judecatorescă, cererea de lămurire a unei hotărâri judecătoreşti:","A. poate fi formulată şi cu privire la o hotărâre nesusceptibilă de executare silită
B. se soluţionează potrivit regulilor procedurii necontencioase
C. este supusă aceloraşi căi de atac ca şi hotărârea în legătură cu care s-a solicitat lămurirea.",A
46.  Contestaţia în anulare pentru motivul că nu a fost legal citat contestatorul şi nici nu a fost prezent la termenul când a avut loc judecată:,"A. poate fi exercitată împotriva sentinţelor nesusceptibile de apel, atacate cu recurs, prin care a fost invocat acest motiv şi care a fost respins deoarece avea nevoie de verificări de fapt sau, fără vină părţii, recursul a fost respins fără a fi cercetat în fond
B. poate fi exercitată împotriva hotărârilor susceptibile de executare silită, în termenul de exercitare a contestaţiei la executare
C. se soluţionează de instanţa a cărei hotărâre se atacă, potrivit dispoziţiilor procedurale aplicabile judecăţii finalizate cu hotărârea atacată.",AC
"47.  Potrivit regulilor prevăzute de Codul de procedură civilă, referitoare la aplicarea legii de procedură civilă:","A. hotărârile judecătoreşti sunt supuse căilor de atac, motivelor şi termenelor prevăzute de legea în vigoare la data pronunţării lor
B. procesele în curs de judecată la data schimbării competenţei instanţelor legal învestite vor continua să fie judecate de acele instanţe, potrivit legii sub care au început
C. administrarea probelor preconstituite se face potrivit legii în vigoare la data producerii lor.",B
48.  Părţile au obligaţia de a proba:,"A. textele care nu sunt publicate în Monitorul Oficial al României sau într-o altă modalitate anume prevăzută de lege
B. dreptul internaţional cutumiar
C. prin înscris autentic, orice act juridic, în toate cazurile în care acesta este atacat pentru fraudă.",AB
49.  Încheierea de şedinţă:,"A. este întocmită de grefier pentru fiecare şedinţă de judecată, inclusiv pentru termenul la care au avut loc dezbaterile,hotărârea pronunţându-se în aceeaşi zi
B. este semnată numai de preşedintele completului de judecată, dacă judecata a avut loc în şedinţă publică, fără prezenţa publicului
C. poate fi atacată separat, în cazurile anume prevăzute de lege.",C
50.  Nulitatea hotărârii judecătoreşti intervine dacă:,"A. hotărârea a fost pronunţată înainte de data fixată în acest scop
B. în cuprinsul hotărârii au fost indicate, greşit, calea de atac şi termenul de exercitare a acesteia
C. minuta nu este semnată pe fiecare pagină de către judecători şi, după caz, de magistratul-asistent.",AC
51.  Termenul de reabilitare începe să curgă de la momentul:,"A. rămânerii definitive a hotărârii de condamnare, dacă pedeapsa cu executare aplicată este egală cu durata arestării preventive executate de inculpat anterior condamnării
B. împlinirii termenului de încercare (definitivare) al graţierii totale şi condiţionate, intervenite ulterior condamnării
C. rămânerii definitive a hotărârii prin care s-a dispus înlocuirea pedepsei amenzii cu închisoarea.",A
52.  Amânarea aplicării pedepsei nu se poate dispune niciodată cu privire la:,"A. o pedeapsă principală pe lângă care s-a stabilit şi pedeapsa complementară a degradării militare
B. pedeapsa amenzii pentru care s-a dispus executarea prin prestarea unei munci neremunerate în folosul comunităţii
C. o persoană care a mai fost anterior condamnată pentru o altă infracţiune, comisă din culpă.",AB
53.  În cazul legitimei apărări prezumate:,"A. prezumţia operează doar în favoarea autorului faptei comise în apărare, nu şi în favoarea participanţilor
B. nu se poate lua faţă de autorul faptei comise în apărare măsură de siguranţă a obligării la tratament medical, chiar dacă s-a constatat că suferă de o boală care îl face periculos pentru societate
C. atacul poate consta şi în pătrunderea, în timpul nopţii, în locuinţa altei persoane, profitând de faptul că aceasta a uitat deschisă uşa de acces în locuinţă.",BC
54.  În cazul tentativei:,"A. limitele speciale ale pedepsei complementare a interzicerii unor drepturi se reduc la jumătate
B. forma de vinovăţie poate fi diferită de cea care ar fi caracterizat infracţiunea respectivă în formă consumată
C. se reţin aceleaşi circumstanţe agravante legale generale ce s-ar fi reţinut dacă infracţiunea s-ar fi consumat.",C
55.  În structura unui concurs formal (ideal):,"A. nu poate intra o tentativă şi o altă infracţiune în formă consumată
B. nu pot intra două infracţiuni progresive
C. pot intra două infracţiuni, comise fiecare în formă continuată.",C
56.  În cazul circumstanței atenuante a provocării:,"A. actul provocator este întotdeauna o faptă prevăzută de legea penală
B. infracţiunea provocată (riposta) poate fi comisă cu orice formă de vinovăţie
C. dacă instanţa se opreşte asupra pedepsei amenzii, circumstanţa nu produce efecte asupra sumei corespunzătoare unei zile-amendă.",C
57.  Pedeapsa rezultantă a unui concurs de infracţiuni pentru care instanţa a stabilit doar pedepse cu închisoarea:,"A. poate fi, în anumite condiţii, detențiunea pe viaţă, chiar dacă legea nu prevede pentru niciuna dintre infracţiunile concurente această pedeapsă
B. poate ajunge până la totalul aritmetic al pedepselor stabilite pentru infracţiunile concurente
C. poate face obiectul renunţării la aplicarea pedepsei.",A
"58.  Dacă o pedeapsă de 2 ani închisoare aplicată pentru o infracţiune de furt a fost graţiată condiţionat cu 1/2 printr-o lege intrată în vigoare ulterior rămânerii definitive a hotărârii de condamnare, dar înainte de începerea executării:","A. pedeapsa respectivă nu mai poate constitui prim termen al unei recidive
B. în caz de sustragere de la executarea părţii negrațiate din pedeapsa aplicată, termenul de prescripţie a executării pedepsei se va calcula în raport de durata acestei părţi
C. termenul de definitivare (încercare) al graţierii condiţionate începe să curgă după executarea părţii negrațiate din pedeapsă.",B
"59.  X l-a convins pe Y să îl ucidă pe Z, iar apoi i-a dat un topor cu care să comită fapta. Două zile mai târziu, Y l-a ucis pe Z, dar nu cu toporul primit, ci lovindu-l intenţionat cu autoturismul pe care el îl avea în proprietate, în timp ce victima traversa stradă. În acest caz:","A. dacă, după comiterea faptei, Y a închiriat autoturismul unei firme de taximetrie, se confiscă şi sumele de bani încasate de Y din închiriere până la data rămânerii definitive a hotărârii de condamnare
B. remiterea toporului de către X este un act de complicitate intelectuală (morală), absorbit de instigare
C. autoturismul lui Y nu va fi supus confiscării speciale, întrucât autovehiculele implicate în accidente rutiere nu se confiscă.",B
"60.  X a fost condamnat la o pedeapsă de 3 ani închisoare pentru comiterea, asupra unei victime majore, a unei infracţiuni intenţionate pentru care legea prevedea pedeapsa închisorii de la unu la 5 ani. În cursul executării a intrat în vigoare o lege nouă, care prevede pentru infracţiunea respectivă pedeapsa închisorii de la 6 luni la 3 ani sau amendă. În acest caz:","A. dacă pe lângă pedeapsa aplicată s-a luat şi măsura de siguranţă a confiscării extinse, aceasta va fi înlăturată, nemaifiind îndeplinite condiţiile pentru dispunerea ei
B. pedeapsa aplicată poate fi înlocuită cu amendă, dacă instanţa apreciază că această pedeapsă este suficientă pentru reeducarea condamnatului, ţinând seama şi de partea executată din pedeapsa închisorii
C. dacă legea nouă prevede că fapta constituie infracţiune doar dacă a fost comisă asupra unui minor, pedeapsa de 3 ani aplicată nu mai poate constitui prim termen al unei recidive.",C
61.  Constrângerea fizică se aseamănă cu starea de necesitate prin aceea că:,"A. înlătură aceeaşi trăsătură generală a infracţiunii
B. au aceeaşi sferă a cauzelor aflate la originea lor (acţiune umană, comportament al unui animal, fenomen natural etc)
C. ambele presupun o proporţionalitate între urmarea produsă şi cea care s-ar fi produs în absenţa intervenţiei autorului faptei prevăzute de legea penală.",B
62.  Infracţiunea de omor calificat:,"A. se reţine întotdeauna când omorul a fost comis asupra unui poliţist aflat în exercitarea atribuţiilor de serviciu
B. îmbracă întotdeauna forma unităţii naturale de infracţiune
C. în modalitatea săvârşirii pentru a înlesni comiterea altei infracţiuni, se reţine indiferent dacă autorul respectivei infracţiuni este chiar autorul omorului sau o altă persoană.",C
63.  Infracţiunea de vătămare corporală:,"A. în oricare din formele sale, poate fi comisă şi prin inacţiune.
B. poate fi reţinută în concurs formal (ideal) cu infracţiunea de loviri sau vătămări cauzatoare de moarte comisă asupra aceleiaşi victime
C. săvârşită în modalitatea punerii în primejdie a vieţii victimei, este o infracţiune continuă.",A
64.  Constituie întotdeauna furt calificat:,"A. furtul care a produs o pagubă materială mai mare de 2.000.000 lei
B. furtul săvârşit de 3 persoane împreună
C. furtul comis prin folosirea cheii pe care autorul a sustras-o cu o zi înainte din buzunarul persoanei vătămate.",C
65.  Infracţiunea de ultraj:,"A. se poate reţine în concurs formal (ideal) cu o infracţiune de ultraj judiciar
B. se poate comite şi printr-o faptă cu efect vădit intimidant care nu este prevăzută de legea penală
C. se reţine şi atunci când autorul exercită violențe asupra unei persoane ce nu are calitatea de funcţionar public sau vreo legătură cu acesta, pe care o confundă însă cu funcţionarul pe care dorea să se răzbune.",A
66.  Infracţiunea de viol se reţine în formă agravată întotdeauna când:,"A. autorul pretinde, în mod nereal, că este noul director al liceului şi că o va exmatricula pe victimă, elevă în vârstă de 17 ani, dacă nu întreţine cu el un raport sexual, victima fiind astfel constrânsă să accepte cererea
B. victima era însărcinată, fapt cunoscut de autor, iar comiterea violului a avut ca urmare pierderea sarcinii
C. victima este un membru de familie al autorului.",B
67.  În cazul infracţiunii de abuz de încredere:,"A. bunul remis în baza titlului poate proveni din comiterea unei infracţiuni
B. actul de executare poate consta în folosirea pe nedrept a bunului mobil
C. forma de vinovăţie este întotdeauna intenţia directă, datorită scopului special.",AB
68.  Infracţiunea de distrugere poate avea ca obiect material:,"A. doar un bun care aparţine altei persoane
B. un bun ce aparţine făptuitorului, în anumite variante normative
C. un înscris sub semnătură privată.",BC
"69.  Victima infracţiunii, care, în calitate de persoană vătămată în procesul penal declanşat în urmă sesizării din oficiu a organelor de urmărire penală, face declaraţii necorespunzătoare adevărului, în scopul exonerării de răspundere a inculpatului, săvârșeste infracţiunea de:","A. favorizare a făptuitorului
B. mărturie mincinoasă
C. inducere în eroare a organelor judiciare.",A
70.  Infracţiunea de luare de mită:,"A. se reţine în sarcina notarului public care solicită o suma de bani pentru a îndeplini în regim de urgenţă un act care intră în atribuţiile sale
B. poate avea ca subiect activ o persoană care nu are calitatea de funcţionar public
C. presupune că înţelegerea între mituitor şi mituit trebuie să intervină doar înainte de îndeplinirea actului de către funcţionarul public.",B
71.  În cazul infracţiunii de purtare abuzivă:,"A. este posibilă participaţia sub formă coautoratului
B. legătură de cauzalitate trebuie dovedită în toate cazurile
C. suntem întotdeauna în prezenţa unei infracţiuni complexe.",A
72.  Infracţiunea de uz de fals:,"A. poate fi comisă de o persoană juridică
B. este absorbită în infracţiunea de fals material în înscrisuri oficiale, atunci când este săvârşită de autorul falsului
C. este absorbită în infracţiunea de fals în înscrisuri sub semnătură privată, atunci când este săvârşită de autorul falsului.",AC
73.  Infracţiunea de violare de domiciliu:,"A. poate îmbraca forma unei infracţiuni continue comisă în formă continuată
B. poate avea că subiect activ chiar pe proprietarul imobilului
C. este întotdeauna absorbită de furtul calificat comis prin efracţie.",AB
74.  Dacă o instituţie publică săvârșeste o infracţiune:,"A. nu răspunde niciodată penal, în măsura în care respectivă instituţie publică poate desfăşura şi activităţi care nu fac obiectul domeniului privat
B. nu este aplicabilă dispoziţia referitoare la majorarea limitelor speciale ale zilelor-amendă în cazul în care instituţia publică a urmărit obţinerea unui folos patrimonial
C. nu i se pot aplica pedepse accesorii.",C
75.  Infracţiunea de lipsire de libertate în mod ilegal:,"A. se reţine în cazul inculpatei care pătrunde în sediul unei maternităţi, şi, fără drept, ia un nou-născut pe care îl ascunde într-o sacoşă şi părăseşte spitalul cu el
B. se reţine în formă agravată ori de câte ori a fost comisă prin folosire de calităţi mincinoase
C. se consumă în momentul în care victima îşi redobândeşte libertatea.",A
76.  Nu este incompatibil:,"A. să soluţioneze o propunere de arestare preventivă judecătorul care a emis mandatul de percheziţie domiciliară a locuinţei inculpatului în aceeaşi cauză
B. să judece cauza în fond judecătorul care, în procedura camerei preliminare, a dispus excluderea ca nelegale a unor probe administrate în cursul urmăririi penale
C. să fie judecător de cameră preliminară judecătorul care, în cursul urmăririi penale, a emis în cauză un mandat de aducere a suspectului în faţă procurorului în vederea audierii.",AB
77.  Persoana vătămată majoră:,"A. se poate constitui parte civilă în cursul judecăţii numai înainte de citirea actului de sesizare a instanţei
B. poate solicita continuarea procesului penal în cazul decesului inculpatului
C. se poate constitui parte civilă în cursul urmăririi penale, putând ulterior să majoreze întinderea pretenţiilor până la terminarea cercetării judecătoreşti.",C
78.  În ipoteza în care din probele administrate se reţine că inculpatul a împiedicat producerea rezultatului actelor de executare pe care le-a comis:,"A. instanţa va dispune o soluţie de achitare
B. instanţa va lasă acţiunea civilă nesoluţionată
C. inculpatul poate solicita continuarea procesului penal.",C
79.  Excepţia de necompetenţă:,"A. personală a instanţei inferioare celei competente poate fi invocată cel târziu până la pronunţarea hotărârii în primă instanţă
B. materială poate fi invocată din oficiu de instanţa superioară celei competente potrivit legii, până cel mai târziu la începerea cercetării judecătoreşti, încălcarea acestor norme de competenţă atrăgând sancţiunea nulităţii absolute
C. teritorială a organelor de urmărire penală poate fi invocată de persoana vătămată şi înainte de punerea în mişcare a acţiunii penale.",C
80.  În procesul penal:,"A. instanţa nu poate în nici un caz audia ca martor pe fostul soţ al inculpatului
B. judecătorul de drepturi şi libertăţi nu poate audia partea civilă potrivit procedurii audierii anticipate
C. organul de cercetare penală nu poate proceda în niciun caz la audierea ca martor a unei persoane care se află într-o situaţie care îi pune la îndoială, în mod rezonabil, capacitatea de a fi martor.",B
81.  Percheziţia domiciliară:,"A. poate fi încuviinţată şi de judecătorul de cameră preliminară
B. poate fi efectuată şi în lipsa apărătorului ales al inculpatului
C. nu poate fi încuviinţată de judecătorul de drepturi şi libertăţi după reluarea urmăririi penale.",B
82.  În procedura de cameră preliminară:,"A. nerespectarea termenului de 60 de zile prevăzut de lege pentru finalizarea procedurii se sancţionează cu decăderea
B. judecătorul de camera preliminară trebuie să verifice periodic, din oficiu, legalitatea şi temeinicia controlului judiciar
C. judecătorul de camera preliminară poate dispune, din oficiu, luarea măsurii arestului la domiciliu.",C
83.  Cauţiunea depusă de inculpat nu se restituie:,"A. dacă s-a dispus înlocuirea controlului judiciar pe cauţiune cu arestul la domiciliu, pe motiv că inculpatul, cu rea-credinţă, nu a informat organul judiciar cu privire la schimbarea locuinţei
B. dacă se dispune revocarea controlului judiciar pe cauţiune pe motiv că procurorul a descoperit împrejurări anterioare dispunerii măsurii care justifică luarea arestării preventive
C. în toate situaţiile în care se descoperă că inculpatul a comis, după luarea controlului judiciar pe cauţiune, o nouă fapta prevăzută de legea penală.",A
84.  Măsura preventivă a arestului la domiciliu:,"A. poate dura mai mult de 5 ani în cursul judecăţii
B. poate fi prelungită de judecătorul de cameră preliminară, numai la cererea procurorului, dacă pedeapsa prevăzută de lege pentru infracţiune este mai mare de 4 ani
C. poate fi luată de instanţa de judecată, din oficiu, prin sentinţa penală de condamnare a inculpatului.",A
85.  Asistenţa juridică este obligatorie:,"A. în cursul urmăririi penale, pentru inculpatul major, aflat în stare de libertate, care a comis infracţiunea de care este acuzat în timp ce era minor
B. dacă inculpatul se află în executarea măsurii internării într-un centru educativ, aplicată într-o altă cauză
C. la examinarea admisibilităţii în principiu a cererii de revizuire formulate de condamnatul privat de libertate.",B
86.  Nulitatea:,"A. absolută nu presupune existenţa unei vătămări procesuale
B. relativă poate fi incidentă dacă sunt încălcate dispoziţiile legale referitoare la asistarea de către avocat a persoanei vătămate, atunci când asistenţa juridică este obligatorie
C. hotărârii definitive constituie un caz de contestaţie în anulare, atunci când judecata a avut loc în şedinţă publică, deşi conform normelor procedurale aceasta trebuia să fie nepublică.",B
87.  Judecătorul de camera preliminară care soluţionează plângerea formulată împotriva unei soluţii de clasare:,"A. poate schimba temeiul de drept al soluţiei de clasare, chiar dacă această a fost dispusă faţă de un suspect
B. poate dispune începerea judecăţii, chiar dacă plângerea este formulată de persoană care a avut calitatea de inculpat
C. poate dispune trimiterea cauzei la procuror în vederea punerii în mişcare a acţiunii penale.",AC
"88.  În cazul în care inculpatul, arestat preventiv, este trimis în judecată prin rechizitoriu:","A. judecătorul de cameră preliminară poate exclude unele probe administrate în cursul urmăririi penale şi sesiza procurorul care le va readministra în termen de cel mult 5 zile de la comunicarea încheierii
B. în procedura camerei preliminare judecătorul nu poate dispune, în aceeaşi cauză, începerea judecăţii şi pentru infracţiunile pentru care procurorul a dispus clasarea prin rechizitoriu
C. omisiunea judecătorului de cameră preliminară de a desemna un avocat din oficiu pentru inculpatul care nu avea angajat un avocat ales atrage nulitatea absolută care poate fi invocată de inculpat în orice stare a procesului penal.",B
89.  În cursul judecăţii:,"A. cererea inculpatului de înlocuire a arestului la domiciliu cu măsura controlului judiciar pe cauţiune se soluţionează în camera de consiliu
B. procesul se poate desfăşura şi în lipsa inculpatului arestat preventiv dacă acesta a solicitat judecata în lipsă
C. inculpatul arestat în altă cauză poate fi reprezentat la judecarea cauzei dacă instanţa apreciază că prezenţa sa la judecată nu este necesară, chiar dacă acesta nu a solicitat judecata în lipsă.",AB
90.  Judecata poate avea loc potrivit procedurii abreviate a recunoaşterii învinuirii:,"A. numai dacă instanţa a fost sesizată prin rechizitoriu
B. chiar dacă inculpatul solicită schimbarea încadrării juridice a faptelor descrise în rechizitoriu şi recunoscute de el
C. în cazul în care inculpatul, absent de la proces, recunoaşte comiterea faptelor de care este acuzat, prin intermediul avocatului său ales.",B
91.  Acordul de recunoaştere a vinovăţiei se poate încheia:,"A. între procuror şi inculpatul major care a comis fapta împotriva unui minor
B. numai dacă inculpatul recunoaşte toate infracţiunile pentru care a fost pusă în mişcare acţiunea penală
C. chiar dacă fapta cu privire la care se efectuează urmărirea penală a intrat sub incidenţa unei legi de graţiere totală şi necondiţionată.",AC
92.  În cazul în care se dispune revocarea renunţării la urmărirea penală:,"A. nu se poate dispune ulterior o soluţie de clasare pentru aceeaşi faptă
B. se poate încheia un acord de recunoaştere a vinovăţiei prin care să se agreeze soluţia amânării aplicării pedepsei
C. nu se poate dispune o nouă renunţare la urmărirea penală în aceeaşi cauză.",BC
"93.  În cazul în care organul de cercetare penală respinge, prin ordonanţă nemotivată, efectuarea unei expertize solicitate de către inculpat:","A. judecătorul de cameră preliminară va dispune restituirea cauzei la parchet dacă apreciază că expertiza era utilă în cauză
B. procurorul care supraveghează urmărirea penală poate încuviinţa din oficiu efectuarea expertizei
C. această cauză de nulitate relativă poate fi invocată până la primul termen de judecată cu procedura legal îndeplinită.",B
94.  Partea responsabilă civilmente poate fi introdusă în procesul penal până la începerea cercetării judecătoreşti:,"A. de către instanţa de judecată, din oficiu
B. la cererea procurorului, atunci când exercită acţiunea civilă
C. la cererea inculpatului.",B
95.  Reunirea a două cauze care au acelaşi obiect şi privesc pe acelaşi inculpat se poate dispune:,"A. din oficiu, de către procuror, în cursul urmăririi penale
B. din oficiu, de către instanţă, în cursul judecăţii în primă instanţă
C. numai la cererea părţilor, în calea contestaţiei declarate de către acestea.",AB
96.  Confirmarea mandatului de arestare emis în lipsa inculpatului care s-a sustras urmăririi penale se poate dispune de:,"A. judecătorul de drepturi şi libertăţi care a luat măsura
B. judecătorul de cameră preliminară care verifică legalitatea trimiterii în judecată a inculpatului
C. numai de judecătorul de drepturi şi libertăţi de la locul unde a fost prins inculpatul.",AB
97.  Hotărârile penale definitive sunt puse în executare de către:,"A. tribunalul în raza căruia domiciliază condamnatul, ori de câte ori infracţiunea comisă a produs o pagubă materială mai mare de 2.000.000 lei
B. tribunalul militar, ori de câte ori condamnarea a fost pronunţată de o instanţă militară
C. Tribunalul Bucureşti, dacă hotărârea de condamnare priveşte un judecător al Curţii Constituţionale.",C
98.  Are competenţă de a soluţiona o cerere de anulare a reabilitării judecătoreşti:,"A. Tribunalul Bucureşti, atunci când hotărârea de condamnare a fost pronunţată în primă instanţă de Înalta Curte de Casaţie şi Justiţie
B. instanţa în a cărei circumscripţie domiciliază condamnatul, corespunzătoare în grad celei care a judecat în primă instanţă cauza în care s-a pronunţat condamnarea
C. Judecătoria Sectorului 2 Bucureşti, ori de câte ori infracţiunea care a atras condamnarea a fost săvârşită în străinătate.",B
99.  Cererea de revizuire trebuie adresată:,"A. procurorului de la parchetul de pe lângă instanţa care a judecat cauza în primă instanţă
B. instanţei care a judecat cauza în primă instanţă, dacă priveşte netemeinicia hotărârii de condamnare
C. instanţei care a judecat cauza în primă instanţă, chiar dacă priveşte doar latura civilă.",B
"100.  Soluţionarea cererii avocatului prin care solicită anularea amenzii judiciare ce i-a fost aplicată în cursul urmăririi penale, este de competenţa:","A. judecătorului de cameră preliminară
B. judecătorului de drepturi şi libertăţi, în cazul în care amenda a fost aplicată de procuror
C. judecătorului de drepturi şi libertăţi de la instanţa superioară celei din care face parte judecătorul care a aplicat amenda.",B
