1.  Dreptul de concesiune corespunzător dreptului de proprietate publică:,"A. permite concesionarului să înstrăineze bunurile rezultate din realizarea concesiunii pentru a asigura exploatarea bunului
B. permite concesionarului să păstreze fructele bunului concesionat
C. este apărat, de către concedent, pe calea acțiunii confesorii",B
2.  În cazul condiției suspensive:,"A. atunci când aceasta produce efecte retroactive, actele încheiate de proprietarul sub condiție suspensivă sunt valabile și, în cazul îndeplinirii condiției, produc efecte de la data îndeplinirii acesteia
B. partea în al cărei interes exclusiv a fost stipulată condiția poate renunța unilateral la aceasta, anterior îndeplinirii ei
C. preluarea datoriei care este afectată de condiție și care a fost convenită cu debitorul își va produce efectele numai în cazul în care creditorul își dă acordul",B
3.  Este lovit de nulitate absolută:,"A. legatul prin care o persoană cu capacitate deplină de exercițiu dispune cu titlu gratuit de toate bunurile sale în favoarea unei persoane care urmează să fie determinată după anumite criterii care vor fi stabilite ulterior datei decesului dispunătorului
B. actul sub semnătură privată prin care au fost enumerate și evaluate bunurile mobile ce fac obiectul unui contract de donație
C. contractul de împrumut de consumație încheiat printr-un înscris sub semnătură privată",A
4.  În materia răspunderii civile delictuale:,"A. lipsa discernământului nu îl scutește pe autorul prejudiciului de plata unei indemnizații către victimă, ori de câte ori nu poate fi angajată răspunderea persoanei care avea, potrivit legii, îndatorirea de a-l supraveghea
B. răspunderea pentru prejudiciile cauzate integrității fizice sau psihice ori sănătății nu poate fi înlăturată ori diminuată decât în condițiile legii
C. proprietarul unui câine nu răspunde de prejudiciul cauzat de acesta dacă dovedește că animalul a scăpat de sub paza sa datorită unui defect de fabricație al lesei",A
5.  Este indivizibilă:,"A. obligația persoanelor care răspund împreună pentru comiterea unei fapte prejudiciabile în temeiul răspunderii civile delictuale
B. obligația de a executa prin echivalent o obligație indivizibilă
C. obligația de garanție contra evicțiunii între debitori",C
6.  În materia reparării prejudiciului în cazul răspunderii civile delictuale:,"A. în toate cazurile, instanța va putea acorda celui care și-a pierdut parțial mobilitatea o despăgubire provizorie pentru acoperirea nevoilor urgente
B. dreptul la despăgubire pentru atingerile aduse drepturilor inerente personalității oricărui subiect de drept, dedus judecății, poate face obiectul unui contract de cesiune de creanță în cursul judecății privind stabilirea respectivului drept
C. instanța, în caz de deces al victimei, ținând cont de împrejurări, poate acorda despăgubiri pentru repararea prejudiciului nepatrimonial și celui căruia victima îi presta întreținere în mod curent, fără a avea o obligație legală în acest sens, numai dacă dovedește existența unui asemenea prejudiciu",A
7.  Contractul de vânzare:,"A. este nul absolut dacă prețul este fictiv
B. când are ca obiect o moștenire poate conține o clauză prin care este înlăturată obligația vânzătorului de a garanta calitatea sa de moștenitor
C. care conține stipulația prin care obligația de garanție contra evicțiunii a vânzătorului este înlăturată, presupune ca, totuși, în cazul în care cumpărătorul a fost evins de întregul bun sau de o parte îndeajuns de însemnată, acesta să poată obține de la vânzător restituirea prețului, chiar dacă cumpărătorul și-a asumat riscul producerii evicțiunii",B
8.  În materia dreptului de uzufruct:,"A. dacă bunul care face obiectul acestuia a fost distrus în întregime, din culpa exclusivă a unui terţ, dreptul de uzufruct va continua asupra sumei de bani plătite de terţ cu titlu de despăgubire
B. indiferent de împrejurări, uzufructuarul nu are drept de dispoziţie asupra bunului care face obiectul uzufructului
C. dreptul de uzufruct constituit până la data la care un terţ va ajunge la o anumită vârstă se stinge dacă uzufructuarul decedează înainte de această dată",A
9.  Acţiunea posesorie:,"A. nu poate fi introdusă în termenul legal de prescripție de un an de la deposedare de cel care exercită o posesie viciată, chiar dacă deposedarea sa a fost violentă
B. nu poate fi introdusă împotriva unui terț de titularul unui drept de uzufruct viager asupra unei locuințe, întrucât acesta are la dispoziție acțiunea confesorie
C. poate fi introdusă dacă există motive temeinice să se considere că bunul posedat poate fi distrus ori deteriorat ca urmare a unor lucrări, precum efectuarea unor săpături pe fondul învecinat",C
10.  Poate veni la moştenire descendentul condamnat penal definitiv:,"A. pentru tentativă de omor asupra celui care lasă moștenirea, dar care a fost iertat ulterior de acesta printr-o menţiune expresă, cuprinsă în contractul de donaţie, valabil încheiat, prin care de cujus i-a donat o locuinţă, împreună cu terenul aferent
B. pentru tentativă de omor asupra celui care lasă moștenirea, faptă pentru care a intervenit reabilitarea judecătorească anterior decesului lui de cujus
C. pentru săvârşirea unor fapte grave de violenţă fizică, cu intenţie, asupra celui care lasă moștenirea, în condiţiile în care acţiunea în declararea nedemnităţii judiciare, formulată de către celălalt descendent, a fost respinsă ca tardiv introdusă",A
11.  În materia contractului de donaţie:,"A. revocarea operează de drept dacă donatarul nu execută, fără justificare, sarcinile la care s-a obligat
B. revocarea promisiunii de donaţie operează de drept când, anterior executării sale, promitentul a devenit insolvabil
C. se încalcă principiul irevocabilităţii donaţiilor atunci când contractul conţine o clauză care prevede întoarcerea bunului donat în cazul când donatarul ar predeceda donatorului",B
12.  În cazul aplicării în timp a legii civile:,"A. actul juridic afectat de o cauză de ineficacitate sub imperiul legii vechi, alta decât una care atrage nulitatea, este considerat eficace dacă legea nouă înlătură cauza de ineficacitate
B. dispozițiile legii noi sunt aplicabile efectelor viitoare ale situațiilor juridice născute anterior intrării în vigoare a acesteia, derivate din obligația legală a moștenitorului persoanei care a fost obligată la întreținerea unui minor de a continua întreținerea pe perioada cât cel întreținut este minor, dacă părinții acestuia au murit, în limita valorii bunurilor moștenite, dacă această situație juridică subzistă după intrarea în vigoare a legii noi
C. prescripţia începută sub imperiul legii vechi, neîmplinită la momentul intrării în vigoare a legii noi, este supusă dispoziţiilor legale ale legii noi, dacă acestea permit împlinirea prescripţiei în condiţii mai favorabile",B
13.  În cazul regimului comunității legale:,"A. sunt bunuri proprii bunurile dobândite prin donație, chiar dacă dispunătorul a prevăzut, în mod expres, că ele vor fi comune
B. în toate cazurile, actele de înstrăinare având ca obiect bunuri comune nu pot fi încheiate decât cu acordul ambilor soți
C. sunt datorii comune ale soților obligațiile pe care aceștia le-au contractat împreună",C
14.  În materia autorităţii părinteşti:,"A. se prezumă că un părinte are consimţământul celuilalt părinte, atunci când îndeplineşte singur un act curent, pentru exercitarea drepturilor și îndeplinirea îndatoririlor părintești, în raport cu terții de bună- credinţă
B. părintele nu este obligat să acorde întreţinere copilului său în cazul în care instanţa de tutelă a pronunţat decăderea din drepturile părinteşti
C. decăderea din exerciţiul drepturilor părinteşti pronunţată faţă de unul dintre copii se întinde asupra tuturor copiilor, născuţi sau nenăscuţi la data pronunţării hotărârii",A
15.  În materia viciilor de consimțământ:,"A. eroarea de drept este esențială atunci când privește o normă juridică determinantă, potrivit voinței părților, pentru încheierea contractului
B. violenţa exercitată de un terţ poate atrage anularea contractului dacă partea al cărei consimţământ nu a fost viciat cunoştea sau, după caz, ar fi trebuit să cunoască violenţa săvârşită de către terţ
C. contractul de întreţinere cu titlu oneros poate fi anulat pentru leziune",A
16.  Simulația:,"A. nu permite succesorilor cu titlu universal ai părţilor să invoce contractul secret împotriva terţilor care, întemeindu-se cu bună-credinţă pe contractul public, au dobândit drepturi de la achizitorul aparent
B. se aplică atât actelor juridice patrimoniale, cât şi celor nepatrimoniale
C. poate fi dovedită de părți cu orice mijloc de probă, atunci când pretind că aceasta are caracter ilicit",A
17.  În materia prescripţiei extinctive:,"A. renunţarea la beneficiul prescripţiei, făcută de unul dintre debitori, produce efecte și în privința codebitorilor, în cazul obligaţiilor solidare
B. părţile care au capacitatea deplină de exercițiu pot, prin acord expres, să convină asupra unei clauze contractuale prin care declară drept imprescriptibilă acţiunea în anularea actului juridic în caz de violență
C. când este vorba de prestaţii succesive, prescripţia dreptului la acţiune începe să curgă de la data la care fiecare prestaţie devine exigibilă, iar dacă prestaţiile alcătuiesc un tot unitar, de la data la care ultima prestaţie devine exigibilă",C
"18.  În materia contractului de vânzare, în lipsa unei stipulaţii legale sau convenționale contrare:","A. proprietatea se transmite de drept cumpărătorului, la momentul încheierii contractului, numai atunci când bunul a fost predat anterior, indiferent dacă preţul a fost sau nu plătit
B. vânzătorul datorează cumpărătorului garanţie împotriva evicţiunii ce rezultă din pretenţiile unui terţ, indiferent de data naşterii dreptului terţului
C. indiferent dacă le-a cunoscut sau nu, vânzătorul garantează contra acelor vicii ale bunului vândut care, la data predării, nu puteau fi descoperite fără asistenţă de specialitate, de către un cumpărător prudent şi diligent şi care fac bunul vândut impropriu întrebuinţării la care este destinat sau care îi micşorează în asemenea măsură întrebuinţarea sau valoarea încât, dacă le-ar fi cunoscut, cumpărătorul nu ar fi cumpărat sau ar fi dat un preţ mai mic",C
19.  În cazul contractului de locaţiune:,"A. dacă acesta este încheiat prin înscris sub semnătură privată care a fost înregistrat la organele fiscale sau dacă a fost încheiat în formă autentică constituie titlu executoriu pentru toate obligațiile părţilor, care decurg din acesta
B. dacă obiectul acestuia îl constituie o locuinţă și este încheiat fără determinarea duratei, în lipsa unei convenţii contrare, chiriaşul poate denunţa contractul prin notificare, cu respectarea unui termen de preaviz care nu poate fi mai mic decât sfertul intervalului de timp pentru care s-a stabilit plata chiriei
C. dacă obiectul acestuia îl constituie o locuinţă, este considerată nescrisă orice clauză în temeiul căreia chiriaşul se obligă să recunoască sau să plătească în avans, cu titlu de reparaţii locative, sume stabilite pe baza estimărilor făcute exclusiv de locator",B
20.  În cazul contractului de mandat:,"A. fără reprezentare, o parte, numită mandatar, încheie acte juridice în nume propriu, dar pe seama celeilalte părţi, numită mandant, şi îşi asumă faţă de terți obligaţiile care rezultă din aceste acte, chiar dacă terții aveau cunoștință despre mandat
B. creditorii mandatarului nu pot urmări bunurile dobândite de acesta în nume propriu, dar pe seama mandantului, dacă mandatul fără reprezentare are dată certă şi aceasta este anterioară luării oricărei măsuri asigurătorii sau de executare
C. cu reprezentare, mandantul va restitui mandatarului toate cheltuielile avansate de acesta din urmă pentru executarea mandatului, împreună cu dobânzile legale aferente, calculate de la data efectuării cheltuielilor",A
21.  În cazul contractului de întreţinere:,"A. acesta se poate încheia prin înscris sub semnătură privată, dacă a fost înregistrat ulterior la organele fiscale
B. întreținerea continuă a fi datorată în aceeaşi măsură chiar dacă, în cursul executării contractului, bunul care a constituit capitalul a pierit total, dintr-o cauză pentru care creditorul întreținerii nu este ţinut să răspundă
C. părţile pot stabili că rezoluțiunea poate fi declarată unilateral, prin notificarea scrisă a debitorului, atunci când comportamentul acestuia face imposibilă executarea contractului în condiţii conforme bunelor moravuri",B
22.  Compensaţia:,"A. nu poate fi opusă împotriva creditorului popritor (Primus) de către debitorul (Secundus) care, fiind terţ poprit, dobândeşte o creanţă asupra creditorului popritor (Primus)
B. nu operează dacă una dintre cele două datorii compensabile este afectată de un termen de graţie neîmplinit încă
C. care operează între creditor și unul dintre debitorii ținuți de o obligație indivizibilă, stinge obligaţia şi îi liberează pe ceilalţi codebitori, aceştia rămânând însă ţinuţi să plătească celui dintâi echivalentul părţilor lor din obligaţie",A
23.  Creditorii personali:,"A. ai unuia dintre soţi nu pot urmări bunurile comune ale acestora
B. ai succesibilului pot accepta moştenirea, pe cale oblică, în limita îndestulării creanței lor
C. ai unui coproprietar nu pot să intervină în partajul cerut de coproprietari ori de un alt creditor",A
24.  Este de drept în întârziere:,"A. debitorul, atunci când creditorul a depus împotriva sa o cerere de chemare în judecată la instanţa competentă
B. debitorul, atunci când a refuzat să îşi execute obligaţia cu executare succesivă în mod repetat
C. în privinţa obligației sale de preluare a bunurilor, cumpărătorul care a plătit prețul pentru bunuri mobile supuse deteriorării rapide, însă nu le-a preluat în termenul convenit",B
25.  Servituţile:,"A. se sting prin neuz timp de 10 ani, termenul începând să curgă de la data ultimului act contrar în cazul servituților continue
B. de trecere se pot stinge prin răscumpărare, atunci când există o disproporţie vădită între utilitatea care o procură fondului dominant şi inconvenientele sau deprecierea provocată fondului aservit
C. de a nu construi peste o anumită înălţime sunt servituţi aparente",B
26.  În legătură cu modul în care se consemnează depoziția martorului se aplică legea de la data:,"A. nașterii raportului juridic dedus judecății
B. administrării probei
C. începerii procesului",B
27.  Este incompatibil absolut:,"A. judecătorul care, pronunțând o hotărâre asupra fondului în primă instanță, este chemat să rejudece aceeași cauză ca urmare a trimiterii spre rejudecare, în urma admiterii căii de atac, pe motiv că judecata la prima instanță a avut loc fără legala citare a părților
B. procurorul care, participând la judecata cauzei în primă instanță, pune concluzii în apelul formulat în respectiva cauză
C. judecătorul care este investit să judece apelul împotriva hotărârii prin care a respins cererea de chemare în judecată având ca obiect o cerere de partaj, fără a se pronunța pe fond, deoarece părțile nu au solicitat introducerea în cauza a terțului care avea calitatea de coproprietar al bunurilor supuse împărțelii",A
28.  Cererea de intervenție voluntară principală formulată în primă instanță prin care un terț solicită să i se lase în deplină proprietate un bun ce face obiectul procesului de partaj:,"A. nu poate fi formulată după pronunțarea încheierii de admitere în principiu a cererii de partaj judiciar
B. după ce a fost admisă în principiu, ar putea fi disjunsă, dacă judecata acesteia ar întârzia judecata în cererea principală
C. dacă este respinsă ca inadmisibilă, încheierea de respingere poate fi atacată de cel care a formulat cerere de intervenție odată cu fondul",C
29.  Reprezentarea convențională:,"A. poate înceta prin revocarea mandatului în cursul termenului pentru exercitarea căilor de atac
B. a persoanei juridice se poate realiza numai prin consilier juridic sau avocat, în condițiile legii
C. poate conferi mandatarului dreptul de a răspunde la interogatoriu în locul părții, dacă procura autentică cuprinde o mențiune expresă în acest sens, iar partea, persoana fizică, se află în străinătate",A
30.  Cererea prin care se solicită constatarea cotelor părți ce revin reclamantului și pârâților din dreptul de proprietate asupra unui bun:,"A. este de competența judecătoriei indiferent de valoarea bunului
B. este inadmisibilă, deoarece reclamantul are la dispoziție o acțiune în realizare
C. este de competența teritorială a locului situării imobilului, în toate cazurile",A
31.  Excepția de necompetență:,"A. odată admisă are ca efect anularea necondiționată de vătămare a actelor de procedură efectuate, inclusiv a procedurii de verificare și regularizare a cererii de chemare în judecată, care se va relua la instanța în favoarea căreia a operat declinarea de competență
B. teritorială, atunci când unul dintre pârâți a fost chemat în judecată numai în scopul sesizării instanței competente pentru el, poate fi invocată la primul termen de judecată la care părțile sunt legal citate în fața primei instanțe, de oricare dintre pârâți sau de instanță din oficiu
C. teritorială, în cazul unei cereri formulate de un profesionist împotriva unui consumator, la o altă instanță decât cea a domiciliului consumatorului, poate fi invocată chiar și de instanță, din oficiu",C
32.  Cererea de strămutare pentru motiv de bănuială legitimă:,"A. nu poate fi formulată direct în căile de atac, dacă motivul exista și era cunoscut încă de la momentul judecății în primă instanță
B. dacă se întemeiază pe calitatea de parte a tribunalului, revine în competența Înaltei Curți de Casație și Justiție, care se va pronunța printr-o încheiere definitivă
C. va fi respinsă ca inadmisibilă atunci când se întemeiază pe calitatea de judecător a reclamantului, dacă pârâtul nu a invocat mai întâi încălcarea normelor de competență facultativă",B
33.  Nulitatea actelor de procedură este necondiţionată de vătămare:,"A. atunci când o cerere de asigurare a probelor s-a judecat în ședință publică
B. în cazul lipsei dovezii calității de reprezentant
C. în cazul nerespectării normelor de competență teritorială de drept comun",B
34.  Decăderea:,"A. reclamantului din dreptul de a modifica cererea de chemare în judecată poate fi invocată și de instanță, din oficiu
B. nu intervine atunci când partea nu îndeplinește obligațiile stabilite de instanță privind avansarea cheltuielilor referitoare la administrarea probelor, dacă prin aceasta nu se amână judecata
C. din dreptul de a invoca nerespectarea normelor privind competența teritorială de drept comun într-o cerere privind ordonanța președințială intervine dacă pârâtul nu a invocat excepția necompetenței prin întâmpinare",A
35.  Introducerea cererii de chemare în judecată:,"A. întrerupe prescripția dreptului la acțiune, chiar dacă a fost introdusă la o instanță necompetentă absolut
B. fără parcurgerea unei proceduri prealabile, atunci când aceasta este obligatorie potrivit legii, determină anularea cererii de chemare în judecată, excepția putând fi invocată și de instanță din oficiu
C. în cazul competenței teritoriale alternative exprimă alegerea reclamantului, acesta nemaiputând reveni ulterior pentru a solicita judecarea de o altă instanță deopotrivă competentă",A
36.  Cererea reconvențională:,"A. este inadmisibilă într-o cerere privind evacuarea, formulată în procedura evacuării din imobilele folosite sau ocupate fără drept
B. în legătură cu pretențiile din cererea de intervenție principală se va formula până la primul termen de judecată după admiterea în principiu a cererii de intervenție
C. nu este supusă procedurii de verificare și regularizare, în afară de situația în care prin aceasta sunt chemate în judecată în calitate de pârâți și alte persoane decât reclamantul",A
37.  Are termen în cunoștință:,"A. partea care a depus cererea prin mandatar și a luat termenul în cunoștință
B. partea care a fost citată pentru un termen la domiciliul ales, la cabinetul avocatului său, iar citația pentru acel termen a fost primită de persoana însărcinată cu primirea corespondenței
C. deținutul care a fost prezent personal la un termen de judecată",A
38.  În ceea ce privește încheierea de ședință:,"A. redactarea acesteia de grefier cu depășirea termenului de 3 zile de la data ședinței de judecată atrage nulitatea acesteia
B. aceasta va cuprinde întotdeauna calea de atac
C. prin care instanța a respins excepția lipsei calității procesual active, ca neîntemeiată, aceasta are caracter interlocutoriu",C
"39.  Instanța poate încuviința proba cu interogatoriul, în situația în care:","A. intervenientul principal solicită încuviințarea acestei probe la primul termen de judecată ulterior admiterii în principiu a cererii de intervenție
B. reclamantul solicită încuviințarea acestei probe la ultimul termen de judecată, anterior deschiderii dezbaterilor în fond, existând acordul expres al celorlalte părți
C. se solicită această probă pentru dovedirea motivelor de recuzare",A
40.  Instanța poate reveni asupra probei testimoniale încuviințate:,"A. în situația în care, după administrarea probei cu interogatoriu, apreciază că aceasta nu mai este necesară
B. în situația în care martorul nu s-a putut prezenta la termenul la care a fost citat și a dovedit cu acte medicale imposibilitatea prezentării la acel termen de judecată
C. în situația în care partea se obligă să aducă martorul la termen și, în mod imputabil, nu își îndeplinește această obligație",A
41.  Este executorie provizoriu de drept:,"A. încheierea de admitere a cererii de asigurare a probelor
B. orice hotărâre de primă instanță prin care se admite cererea de chemare în judecată formulată de un minor
C. hotărârea de admitere a cererii pronunțată în primă instanță în procedura ordonanței președințiale",A
42.  Instanța va dispune repunerea pe rol a cauzei:,"A. în situația în care, după închiderea dezbaterilor, unul din judecătorii care a luat parte la judecată a promovat la instanța superioară până la momentul pronunțării hotărârii
B. dacă, în timpul deliberării, constată că are nevoie de lămuriri noi
C. dacă, în termenul de amânare a pronunțării, partea care a pretins cheltuieli de judecată depune dovada existenței și întinderii acestora",B
43.  Se poate formula recurs:,"A. împotriva unei hotărâri date în apel ce privește o cerere care are ca obiect grănițuire
B. împotriva unei hotărâri date ca urmare a renunțării la dreptul pretins, chiar dacă hotărârea este pronunțată de o secție a Înaltei Curți de Casație și Justiție
C. împotriva încheierii prin care s-a dispus suspendarea, chiar dacă încheierea de suspendare a fost pronunțată de instanță într-o cauză în care hotărârea ce urmează a se da asupra fondului este definitivă, cu excepția situației în care încheierea a fost pronunțată de Înalta Curte de Casație și Justiție",B
44.  Perimarea cererii de chemare în judecată:,"A. la fel ca perimarea executării silite, lipsește de efecte toate actele efectuate anterior constatării perimării, indiferent de efectele produse de acestea
B. nu poate fi ridicată pentru prima oară în instanța de apel
C. la fel ca perimarea instanței, presupune lăsarea în nelucrare a cererii din motive imputabile părții",B
45.  Autoritatea de lucru judecat:,"A. nu se manifestă în privința hotărârii prin care a fost respinsă, ca neîntemeiată, cererea de chemare în judecata dată în procedura cu privire la cererile cu valoare redusă
B. sub aspectul efectului negativ se invocă pe cale de excepție, care se analizează înaintea excepției prescripției extinctive a dreptului la acțiune
C. încetează odată cu forța executorie a hotărârii judecătorești, atât sub aspectul efectului pozitiv, cât și al celui negativ",B
46.  Poate declara apel principal:,"A. reclamantul, în situația în care prima instanță a omis să se pronunțe asupra cererii sale de acordare a cheltuielilor de judecată
B. procurorul care a participat la judecată în procesul civil, deși participarea acestuia nu era obligatorie potrivit legii
C. pârâtul care a executat în tot hotărârea de primă instanță prin care s-a dispus obligarea sa la strămutarea hotarului",B
47.  Este admisibilă proba cu martori:,"A. în cazul în care legea cere forma scrisă pentru validitatea unui act juridic, dacă partea dovedește că s-a aflat în imposibilitate morală de întocmire a unui înscris
B. pentru dovedirea faptului că starea sănătății unui soț face imposibilă continuarea căsătoriei
C. pentru dovedirea unor fapte contrare celor constatate personal de agentul procedural care a întocmit procesul-verbal de înmânare a citației",B
"48.  La încuviințarea de executare silită, instanța verifică:","A. dacă au fost respectate dispozițiile legale privind competența organului de executare sesizat
B. dacă hotărârea sau, după caz, înscrisul prezentat, constituie, potrivit legii, titlu executoriu
C. prescripția dreptului de a obține executarea silită",A
49.  Pentru înființarea sechestrului asigurător:,"A. este obligatorie deținerea de creditor a unei creanțe constatate prin act scris
B. este obligatorie individualizarea de creditor a bunurilor asupra cărora solicită să se înființeze sechestrul
C. instanța decide de urgență, în camera de consiliu, fără citarea părților, prin încheiere executorie",C
50.  Cererea de revizuire:,"A. este inadmisibilă, dacă se invocă faptul că prima instanță a omis să se pronunțe asupra unui capăt de cerere, atunci când partea nu a formulat cerere de completare a hotărârii
B. se soluționează printr-o hotărâre care este în toate cazurile supusă căilor de atac prevăzute pentru hotărârea atacată
C. pe motiv că obiectul pricinii nu se află în ființă se poate exercita în termen de o lună de la cel din urmă act de executare",C
51.  Împăcarea:,"A. împiedică luarea măsurii de siguranță a confiscării extinse în raport de infracțiunea în privința căreia a intervenit
B. nu mai poate interveni în cursul urmăririi penale dacă anterior a intrat în vigoare o lege care grațiază total și necondiționat pedepsele cel mult egale cu maximul special al pedepsei prevăzute de lege pentru infracțiunea comisă de inculpat
C. în cazul în care persoana vătămată este un minor, produce efecte doar dacă este însușită de procuror",A
52.  Constituie infracțiunea de omor calificat omorul comis în situația în care:,"A. X s-a gândit să o ucidă pe Y, colega sa de serviciu, din răzbunare pentru că aceasta fusese promovată înaintea lui, motiv pentru care X s-a documentat timp de câteva zile cu privire la diverse substanțe letale, iar apoi a cumpărat o astfel de substanță pe care a administrat-o timp de o săptămână în cafeaua lui Y, până ce substanța și-a făcut efectul, Y decedând, raportul de expertiză medico-legală arătând că Y era însărcinată în 10 săptămâni, aspect necunoscut de X
B. T, care executase anterior o pedeapsă cu închisoarea de 2 ani pentru infracțiunea de ucidere la cererea victimei, a ucis-o pe W, persoană minoră de sex feminin, iar ulterior, pentru ca fapta să nu fie descoperită, a secționat cadavrul și a incendiat părțile astfel rezultate, cenușa fiind ascunsă într-un recipient amplasat într-o groapă din pădure
C. la ora 20.30, Z a aflat că vecinul său V a retras de la bancomat o sumă importantă de bani, astfel încât a luat un cuțit din casă și a mers să-l aștepte pe V la un colț de stradă, pentru a-i lua banii, iar la ora 20.40, văzând că se apropie o persoană despre care a crezut că este V, a înjunghiat-o cu putere, de mai multe ori, în zona inimii, cu consecința decesului acesteia, luându-i portofelul, ulterior descoperindu-se că persoana înjunghiată nu era, în realitate, V",A
53.  Vom fi în prezența unei pluralități intermediare dacă autorul comite o infracțiune din culpă:,"A. în termenul de reabilitare judecătorească aferent condamnării pentru o infracțiune intenționată comisă anterior
B. în termenul de supraveghere al amânării aplicării pedepsei dispuse pentru o infracțiune intenționată
C. în timpul executării pedepsei închisorii care a înlocuit o pedeapsă cu amenda aplicată pentru o infracțiune intenționată",C
54.  În cazul infracțiunii de șantaj:,"A. constituie variantă agravată ameninţarea cu darea în vileag a unei fapte imaginare, compromiţătoare pentru un membru de familie al persoanei amenințate, comisă în scopul de a dobândi în mod injust un folos nepatrimonial
B. împăcarea înlătură răspunderea penală
C. mobilul nu prezintă relevanță pentru existența infracțiunii",C
55.  Măsura educativă a internării într-un centru educativ:,"A. se aplică în limite reduse la jumătate, dacă infracțiunea a rămas în forma tentativei pedepsibile
B. atrage revocarea suspendării sub supraveghere a executării unei pedepse aplicate pentru o infracțiune comisă de aceeași persoană după majorat, dacă infracțiunea care a atras luarea măsurii educative a fost descoperită în termenul de supraveghere al suspendării
C. luată de instanță pe o perioadă de un an și 6 luni, se prescrie într-un termen de 2 ani",C
"56.  Atât infracțiunea de violare de domiciliu, cât și cea de violare a sediului profesional:","A. se rețin în variantă agravată dacă sunt comise prin folosire de calități mincinoase
B. se absorb în mod natural în infracțiunea de tâlhărie calificată comisă în aceste modalități
C. pot fi comise și prin refuzul de părăsire a spațiului în care a avut loc, cu drept, pătrunderea, manifestat ca urmare a cererii adresate în acest sens de către orice persoană",A
57.  Reabilitarea de drept nu poate interveni dacă o persoană a executat o pedeapsă cu închisoarea:,"A. din care a fost liberată condiționat și s-a împlinit termenul de supraveghere de doi ani al liberării condiționate precum și termenul de reabilitare de drept
B. dacă pentru aceeași faptă s-a luat și măsura de siguranță a confiscării extinse
C. care a înlocuit o pedeapsă de 200 zile-amendă ca urmare a neplății cu rea-credință a acestei amenzi",A
58.  În cazul infracțiunilor de abuz de încredere și gestiune frauduloasă:,"A. obiectul material constă doar în bunuri mobile corporale
B. persoana juridică nu poate fi subiect activ
C. acţiunea penală se pune în mişcare la plângerea prealabilă a persoanei vătămate",C
"59.  În cazul infracțiunii comisive prin omisiune, obligația de a acționa:","A. nu poate reveni unei persoane care nu are capacitate deplină de exercițiu
B. poate fi doar o obligație legală în cazul în care subiectul activ este un minor care răspunde penal
C. poate privi și protecția unei valori sociale ce nu aparține unei persoane fizice",C
60.  Infracțiunea de distrugere:,"A. poate avea ca obiect material un înscris sub semnătură privată care aparţine altei persoane şi serveşte la dovedirea unui drept de natură patrimonială, chiar dacă prin distrugerea respectivului înscris nu s-a produs o pagubă
B. se va reține în variantă agravată dacă are ca obiect material un dispozitiv electronic de supraveghere folosit pentru monitorizarea electronică în cadrul unor proceduri judiciare sau execuţional penale
C. nu poate fi reținută dacă are ca obiect material un bun al făptuitorului, chiar dacă bunul face parte din patrimoniul cultural",B
61.  Obiectul material al infracțiunii:,"A. este întotdeauna supus confiscării speciale
B. poate exista și în cazul tentativei
C. nu poate exista în cazul infracțiunilor comisive prin omisiune",B
62.  Infacțiunile de viol și agresiune sexuală:,"A. au același element material
B. pot fi reținute în concurs real, chiar dacă sunt comise împotriva aceluiași subiect pasiv
C. se rețin în variantă agravată atunci când au fost comise față de un minor, chiar dacă autorul nu are antecedente penale",B
63.  Vom fi în prezența unei legi de dezincriminare atunci când în cursul procesului penal intră în vigoare o lege nouă care:,"A. prevede că fapta pentru care inculpatul minor a fost trimis în judecată este tipică doar dacă a fost comisă de un major
B. prevede o cauză de nepedepsire incidentă în speță, care nu era reglementată de legea veche
C. extinde sfera de aplicare a unei cauze justificative generale, astfel încât aceasta devine incidentă cu privire la fapta comisă de inculpat",A
64.  Infracțiunea de uzurpare de calități oficiale se va reține:,"A. în concurs real cu infracțiunea de înșelăciune în variantă agravată dacă autorul, pretinzând că este funcționar la Primărie, îi solicită unei persoane suma de 500 de lei pentru a nu o amenda pentru încălcarea autorizației de construire a unei case
B. în variantă agravată dacă un funcţionar public continuă să exercite o funcţie ce implică exerciţiul autorităţii de stat, după ce a pierdut acest drept conform legii
C. în variantă agravată în cazul în care X, șomer, de plictiseală, îmbracă o uniformă de polițist de la Brigada Rutieră și dirijează circulația într-o intersecție din oraș",C
65.  Instigarea:,"A. se reține în cazul lui X care, aflând că Y a decis să comită un furt simplu, îl sfătuiește că ar fi mai bine să comită fapta în timpul nopții și, în consecință, Y comite un furt calificat
B. se poate comite cu intenție spontană (repentină)
C. atrage reținerea în sarcina instigatorului a unei tentative de omor atunci când, deși el instigase la uciderea victimei, a fost informat de către autor că victima a supraviețuit tentativei, cu toate că, în realitate, victima decedase pe loc",B
66.  În materia influențării declarațiilor:,"A. nu constituie infracţiune înţelegerea patrimonială dintre persoana vătămată și autorul unei tentative la infracțiunea de omor
B. se va reține infracțiunea și dacă B îi oferă o sumă de bani lui C, pârât într-o cauză civilă în care fratele lui B era reclamant, pentru ca C să nu prezinte probe, chiar dacă acesta refuză respectiva sumă și nu dă curs rugăminții lui B
C. infracțiunea se va reține în concurs cu cea de hărțuire, dacă autorul, pentru a determina victima să dea declarații mincinoase într-o cauză penală, o urmărește în mod repetat, fără drept sau interes legitim, cauzându-i astfel o stare de temere",B
"67.  În cazul în care o infracțiune sancționată de lege cu închisoarea de la unu la 5 ani este comisă în condițiile unei circumstanțe agravante legale generale și rămâne în forma tentativei (incriminate), este legal aplicată o pedeapsă cu închisoarea de:","A. 6 luni
B. 4 ani
C. 4 ani și 6 luni",A
68.  În cazul infracțiunilor de luare de mită și trafic de influență:,"A. elementul material poate consta și în acceptarea promisiunii unor foloase materiale, indirect, pentru o altă persoană decât autorul
B. subiectul activ este necircumstanțiat (general)
C. nu se poate dispune confiscarea bunurilor pretinse de autor, dacă ulterior acestea nu au fost primite",A
69.  Termenul de prescripție a executării unei pedepse principale aplicate persoanei fizice începe să curgă concomitent cu:,"A. termenul de supraveghere în cazul în care s-a dispus condamnarea la o pedeapsă cu închisoarea a cărei executare a fost suspendată sub supraveghere
B. executarea pedepsei complementare a interzicerii exercitării unor drepturi, atunci când pedeapsa principală este amenda
C. termenul de încercare (definitivare) al grațierii totale și condiționate a pedepsei principale",B
70.  În cazul infracțiunilor de abuz în serviciu și neglijență în serviciu:,"A. paguba cauzată prin comiterea faptei se poate produce și în patrimoniul unei persoane juridice
B. se va aplica, pe lângă pedeapsa principală, și interzicerea exercitării dreptului de a ocupa o funcţie publică
C. subiect activ poate fi și persoana care exercită, temporar, fără remuneraţie, o însărcinare în cadrul unei persoane juridice de drept privat",A
"71.  În cazul revocării liberării condiționate din executarea pedepsei detențiunii pe viață ca urmare a comiterii, de către condamnatul în vârstă de 50 de ani, a unei noi infracțiuni în termenul de supraveghere, infracțiune pentru care instanța aplică pedeapsa închisorii:","A. revocarea este facultativă dacă noua infracțiune este din culpă
B. pedeapsa rezultantă se determină prin cumul juridic între noua pedeapsă și termenul de supraveghere al liberării condiționate (10 ani)
C. pedeapsa principală rezultantă nu se stabilește potrivit sistemului cumulului aritmetic",C
72.  Infracțiunea de fals material în înscrisuri oficiale:,"A. se pedepsește și în forma tentativei
B. se reține în concurs real cu infracțiunea de uz de fals dacă, ulterior falsificării unei diplome de bacalaureat, autorul o arată unui prieten pentru a se lăuda
C. se reține în variantă agravată dacă este săvârşită de un funcţionar public, chiar dacă acesta nu se afla în exerciţiul atribuţiilor de serviciu la momentul comiterii faptei",A
73.  Suntem în prezența unei participații improprii reglementate de Codul penal:,"A. dacă autorul acționează din culpă, iar complicele se află într-o eroare culpabilă cu privire la caracterul ilicit al faptei
B. dacă instigatorul acționează cu intenție, iar instigatul este un minor în vârstă de 17 ani care comite o infracțiune intenționată
C. dacă autorul comite infracțiunea cu intenție, iar cel care înlesnește săvârșirea acesteia acționează sub imperiul unei erori culpabile (vincibile) asupra unui element constitutiv al infracțiunii",A
74.  Infracțiunea de punere în circulaţie sau conducere a unui vehicul neînmatriculat:,"A. se reține în concurs formal cu infracțiunea de vătămare corporală din culpă dacă H, conducând neatent pe drumul public un autoturism neînmatriculat, lovește un pieton, cauzându-i leziuni ușoare, care nu necesită zile de îngrijiri medicale
B. poate fi reținută în concurs formal cu infracțiunea de conducere a unui vehicul fără permis de conducere
C. poate viza și o remorcă",B
75.  Infracțiunea de abandon de familie:,"A. se reține în concurs formal cu infracțiunea de nerespectarea hotărârilor judecătorești în cazul neexecutării, cu rea-credinţă, de către cel condamnat a prestaţiilor periodice stabilite prin hotărâre judecătorească, în favoarea persoanelor îndreptăţite la întreţinere din partea victimei unei infracţiuni de ucidere din culpă
B. săvârșită prin neplata cu rea-credință, timp de 3 luni, a pensiei de întreținere instituită printr-o singură hotărâre judecătorească în favoarea celor 3 copii ai inculpatului, constituie o infracțiune unică
C. poate fi comisă și prin alungarea, de către persoana care are obligaţia legală de întreţinere, a celui îndreptăţit la întreţinere, expunându-l pe acesta din urmă la suferinţe morale",B
76.  În cazul acordului de recunoaștere a vinovăției:,"A. inculpatul nu poate reveni niciodată asupra consimțământului său valabil exprimat
B. hotărârea definitivă prin care a fost admis acordul este supusă revizuirii atunci când față de același inculpat se pronunțase anterior o altă hotărâre definitivă pentru aceeași faptă
C. ședința de judecată este nepublică, dacă unicul inculpat din cauză este minor la data sesizării instanței",C
77.  Nerespectarea dispozițiilor legale privind asistența juridică:,"A. a inculpatului persoană juridică, în cursul judecății, în cauzele în care legea prevede pentru infracțiunea săvârșită pedeapsa închisorii mai mare de 5 ani, poate atrage incidența nulității relative
B. a inculpatului, la momentul încheierii cu acesta a acordului de recunoaștere a vinovăției, este sancționată cu nulitatea absolută
C. a persoanei vătămate minore care este constituită parte civilă în procesul penal atrage incidența nulității absolute",B
"78.  În cursul judecății în primă instanță s-a luat măsura arestării preventive a inculpatului, muncitor necalificat, trimis în judecată pentru comiterea unei tentative la infracțiunea de omor. Instanța, ulterior dispunerii arestării, dar anterior soluționării căii de atac împotriva acesteia, a schimbat încadrarea juridică din tentativă la infracțiunea de omor în infracţiunea de lovire sau alte violențe prevăzută de art. 193 alin. (1) C.pen. În acest caz, calea de atac împotriva încheierii prin care s-a dispus arestarea preventivă:","A. se soluționează de tribunal
B. se soluţionează de curtea de apel
C. poate fi admisă chiar dacă soluționarea ei are loc după ce prima instanță a verificat legalitatea și temeinicia măsurii preventive și a dispus menținerea acesteia",B
79.  Poate avea calitatea de martor:,"A. o persoană lipsită de capacitate de exercițiu
B. colaboratorul căruia i-a fost atribuită o altă identitate decât cea reală
C. sora unuia dintre inculpați, doar cu privire la faptele celorlalți coinculpați",A
80.  Reprezintă un act procesual:,"A. citaţia
B. predarea și percheziționarea trimiterilor poștale
C. încuviințarea audierii investigatorului sub acoperire",C
81.  Este necesară punerea în mișcare a acțiunii penale anterior:,"A. audierii anticipate a unui martor
B. dispunerii măsurii supravegherii tehnice
C. luării măsurii controlului judiciar pe cauțiune",C
82.  Cheltuielile judiciare avansate de stat în caz de încetare a procesului penal:,"A. sunt suportate de inculpat, atunci când acesta a împiedicat producerea rezultatului infracțiunii şi nu a solicitat continuarea procesului penal
B. în caz de împăcare sunt suportate în totalitate de persoana vătămată căreia i s-a respins cererea de schimbare a încadrării juridice din infracțiunea de furt în infracțiunea de însușire a bunului găsit sau ajuns din eroare la făptuitor
C. pot fi reduse în apel doar atunci când privesc cheltuielile efectuate în faza de judecată",A
83.  Contestația formulată împotriva:,"A. măsurii asigurătorii luate de procuror este suspensivă de executare
B. sentinței prin care instanța respinge cererea de reabilitare se judecă în ședință nepublică
C. încheierii judecătorului de cameră preliminară, prin care se constată că instanța sesizată nu are competența de a judeca în primă instanță respectiva cauză, se poate formula în termen de 3 zile de la comunicare",B
84.  Este admisibilă contestația împotriva încheierii pronunțate de judecătorul de drepturi și libertăți de la instanța căreia i-ar reveni competența să judece cauza în primă instanță prin care:,"A. se admite în principiu cererea de înlocuire a măsurii arestului la domiciliu cu măsura controlului judiciar pe cauțiune, chiar dacă contestația vizează exclusiv valoarea cauțiunii
B. se dispune revocarea internării nevoluntare în vederea efectuării expertizei psihiatrice, înainte de expirarea duratei acesteia, pe motiv că internarea nu mai este necesară
C. se respinge cererea formulată de procuror de efectuare a examinării fizice",A
85.  Contestația formulată de către inculpat împotriva încheierii prin care judecătorul de drepturi și libertăți de la instanța căreia i-ar reveni competența să judece cauza în primă instanță a dispus luarea măsurii arestării preventive pentru o durată de 15 de zile:,"A. poate fi admisă, situație în care se poate dispune respingerea propunerii de luare a măsurii arestării preventive
B. este suspensivă de executare, dacă este formulată de procuror
C. se poate soluționa în lipsa inculpatului minor care lipsește nejustificat, doar dacă este prezent unul dintre părinți sau reprezentantul legal, precum și apărătorul ales sau desemnat din oficiu",A
86.  Reluarea urmăririi penale:,"A. după suspendare este supusă confirmării judecătorului de cameră preliminară, în termen de cel mult 3 zile, sub sancțiunea nulității
B. intervine și în cazul în care suspectul nu și-a îndeplinit cu rea-credință obligația de a cere public scuze persoanei vătămate, obligație impusă prin ordonanța de renunțare la urmărirea penală
C. se dispune de către conducătorul parchetului ori procurorul ierarhic superior atunci când judecătorul de cameră preliminară a admis plângerea împotriva soluției de clasare şi a trimis cauza la procuror în vederea completării urmăririi penale",B
87.  Plângerea prealabilă:,"A. formulată oral se consemnează într-un proces-verbal de către organul judiciar care o primește
B. nu este necesar a fi formulată pentru ca organul de cercetare penală să constate săvârșirea infracțiunii flagrante pentru care acţiunea penală se pune în mişcare la plângere prealabilă
C. va fi respinsă prin ordonanță de către organul de cercetare penală atunci când acesta constată tardivitatea ei",A
88.  Constituie măsuri de supraveghere tehnică:,"A. localizarea sau urmărirea prin mijloace tehnice, obținerea datelor privind tranzacțiile financiare ale unei persoane, interceptarea comunicaţiilor ori a oricărui tip de comunicare la distanță
B. accesul la un sistem informatic, supravegherea video, audio sau prin fotografiere, localizarea sau urmărirea prin mijloace tehnice
C. livrarea supravegheată, utilizarea investigatorilor sub acoperire, interceptarea comunicațiilor ori a oricărui tip de comunicare la distanță",B
89.  Redeschiderea urmăririi penale:,"A. se dispune și dacă procurorul care a dispus soluția de clasare constată, ulterior, că nu a existat împrejurarea pe care se întemeia clasarea și infirmă ordonanța
B. se dispune și dacă procurorul constată că au apărut fapte sau împrejurări noi din care rezultă că a dispărut împrejurarea pe care se întemeia clasarea și revocă ordonanța
C. nu este supusă întotdeauna confirmării judecătorului de cameră preliminară",B
90.  Partea civilă:,"A. poate renunța, în tot sau în parte, la pretențiile civile formulate, doar până la începerea dezbaterilor în apel
B. este întotdeauna subiectul pasiv principal al infracțiunii
C. poate face apel în ceea ce priveşte latura penală a cauzei",C
91.  Atunci când se dispune încetarea procesului penal ca urmare a:,"A. intervenirii amnistiei, instanța nu poate dispune confiscarea cauțiunii
B. împăcării, instanța lasă nesoluționată acțiunea civilă
C. decesului inculpatului, se mențin măsurile asigurătorii luate asupra bunurilor acestuia în vederea reparării pagubei produse prin infracțiunea pentru care a fost trimis în judecată",C
92.  Atrage incidența nulității absolute:,"A. neîntocmirea referatului de evaluare a inculpatului minor în cursul judecății, atunci când acesta nu a fost efectuat în cursul urmăririi penale
B. judecarea de către curtea de apel, în primă instanță, a cererii de revizuire având ca obiect o hotărâre definitivă de condamnare pentru infracțiunea de abuz în serviciu comisă de un funcționar bancar, pronunţată într-o cauză în care urmărirea penală a fost efectuată de Direcția Națională Anticorupţie, cerere întemeiată pe motivul că procurorul a comis o infracțiune în legătură cu acea cauză, împrejurare care a influențat soluția pronunțată
C. menținerea arestării preventive a inculpatului la data de 12.02.2021 de către judecătorul de cameră preliminară, în condițiile în care la data de 11.01.2021 judecătorul de cameră preliminară de la instanța superioară a dispus începerea judecății în aceeași cauză",C
93.  Renunțarea la audierea unui martor:,"A. nu poate fi pusă în dezbatere, din oficiu, de instanța de judecată
B. este urmată de citirea, în cursul cercetării judecătorești, a depoziției date de martor în cursul urmăririi penale
C. intervine și dacă audierea martorului nu mai este posibilă deoarece acesta nu își mai amintește faptele cu privire la care este întrebat",A
"94.  Declarația de martor dată de o persoană care, în aceeași cauză, anterior declarației, a avut calitatea de inculpat:","A. poate fi folosită împotriva sa în altă cauză penală
B. nu poate fi luată în considerare pentru pronunțarea unei soluții de condamnare în cazul celorlalți inculpați
C. poate fi folosită în favoarea sa, în cazul în care redobândește calitatea de inculpat",C
95.  În cursul procedurii de cameră preliminară:,"A. se poate dispune excluderea procesului-verbal întocmit ca urmare a identificării de persoane după fotografii, identificare efectuată de către persoana vătămată, ce s-a desfășurat în lipsa și fără încunoștințarea avocatului din oficiu al inculpatului, care a solicitat să participe la efectuarea actelor de urmărire penală
B. nu pot fi administrate alte mijloace de probă, în afară de proba cu înscrisuri
C. judecătorul de cameră preliminară nu poate invoca, din oficiu, nulitatea relativă",A
96.  Cererea de revizuire:,"A. formulată după expirarea termenului legal se respinge, prin sentință, ca inadmisibilă
B. formulată de procuror nu poate fi întemeiată pe motivul că s-au descoperit fapte sau împrejurări ce nu au fost cunoscute la soluționarea cauzei şi care dovedesc netemeinicia hotărârii definitive de achitare pronunțate în cauză
C. nu poate privi latura civilă a cauzei",A
97.  Instanța de judecată:,"A. poate schimba prin sentință încadrarea juridică dată faptei prin actul de sesizare, inclusiv în situația în care inculpatul este judecat în procedura recunoașterii învinuirii;
B. poate dispune reunirea cauzelor în cazul în care constată că pe rolul altei instanțe se află o cauză având ca obiect o infracțiune săvârşită de notarul public X, în calitate de instigator la infracțiunea de uz de fals comisă de Y, minor în vârstă de 17 ani, ce face obiectul cauzei aflate pe rolul său, ambele cauze aflându-se în faza apelului
C. constată încetată de drept măsura arestului la domiciliu în cursul judecăţii în primă instanţă, dacă durata totală a acesteia (4 ani) a depășit jumătatea maximului special prevăzut de lege pentru infracțiunea care face obiectul sesizării prin acordul de recunoaștere a vinovăției, chiar dacă inculpatul este minor",C
98.  Suspendarea judecăţii:,"A. se dispune întotdeauna când se constată pe baza unei expertize medico-legale că inculpatul suferă de o boală gravă, care îl împiedică să participe la judecată
B. în fața primei instanțe, atunci când s-a cerut extrădarea activă a inculpatului, se dispune prin încheiere care este supusă contestaţiei
C. se dispune în situația în care există un impediment legal temporar pentru punerea în mișcare a acțiunii penale față de o persoană",B
99.  Termenul de 5 zile în care procurorul trebuie să depună propunerea de prelungire a arestării preventive împreună cu dosarul cauzei la judecătorul de drepturi și libertăți:,"A. este un termen regresiv şi peremptoriu
B. este un termen procedural și dilatoriu
C. expiră la sfârșitul primei zile lucrătoare care urmează, dacă ultima zi a termenului cade într-o zi nelucrătoare",A
100.  Contestația:,"A. poate avea ca obiect hotărârea prin care s-a respins cererea condamnatului de a se constata că a intervenit prescripția executării pedepsei
B. declarată după expirarea termenului legal este considerată ca fiind făcută în termen doar dacă a fost formulată în cel mult 48 de ore de la încetarea cauzei temeinice de împiedicare, atunci când are ca obiect ordonanța prin care procurorul a dispus luarea măsurii asigurătorii
C. declarată personal de inculpatul minor poate fi retrasă de acesta, cu încuviințarea reprezentantului său legal",A
