1.  În materia contractului de vânzare:,"A. preţul vânzării este suficient determinat dacă poate fi stabilit potrivit împrejurărilor
B. sub sancţiunea nulităţii relative, printre alţii, practicienii în insolvenţă nu pot cumpăra, direct sau prin persoane interpuse, drepturi litigioase care sunt de competenţa instanţei judecătoreşti în circumscripţia căreia îşi desfăşoară activitatea
C. stipulația prin care vânzătorul îşi rezervă proprietatea bunului până la plata integrală a preţului este valabilă chiar dacă bunul a fost predat.",AC
2.  Este lovită de nulitate absolută:,"A. donaţia indirectă care nu se încheie prin înscris autentic
B. donaţia care impune donatarului plata datoriilor pe care donatorul le-ar contracta în viitor, dacă valoarea maximă a acestora nu este determinată în contractul de donaţie
C. donaţia care permite donatorului să dispună în viitor de bunul donat, chiar dacă donatorul moare fără să fi dispus de acel bun.",BC
3.  Tranzacţia:,"A. constatată printr-o hotărâre judecătorească poate fi atacată cu acţiune revocatorie
B. încheiată pentru executarea unui act juridic lovit de nulitate absolută este nulă, în afară de cazul în care părţile au tranzacţionat expres asupra nulităţii
C. constatată printr-o hotărâre judecătorească nu poate fi atacată cu acţiune în declararea simulației.",AB
4.  Dacă bunul dat în locaţiune este înstrăinat de către locator:,"A. dobânditorul devine răspunzător şi pentru prejudiciile cauzate locatarului anterior înstrăinării, dacă locațiunea îi este opozabilă:
B. locațiunea încetează de drept la data înstrăinării, în cazul în care are ca obiect un bun mobil şi durata locațiunii este de cel mult un an
C. dreptul locatarului este opozabil dobânditorului în cazul imobilelor neînscrise în cartea funciară, dacă data certă a locațiunii este anterioară datei certe a înstrăinării.",C
5.  Contractul de întreţinere:,"A. se încheie în formă autentică, sub sancţiunea nulităţii absolute
B. este revocabil în folosul persoanelor cărora creditorul întreţinerii îi datorează alimente în temeiul legii, doar dacă există fraudă din partea debitorului întreţinerii
C. încheiat pe durată determinată încetează la expirarea acestei durate, cu excepţia cazului în care creditorul întreţinerii decedează mai devreme.",AC
6.  În materia mandatului cu reprezentare:,"A. dacă părţile nu au prevăzut un termen, contractul de mandat încetează în 5 ani de la încheierea lui
B. pentru a încheia compromisuri, mandatarul trebuie împuternicit în mod expres
C. mandatarul datorează dobânzi pentru sumele întrebuinţate în folosul său din ziua în care a fost pus în întârziere.",B
7.  În materia gestiunii de afaceri:,"A. când gestiunea a urmărit să îl apere pe gerat de o pagubă iminentă, gerantul nu răspunde decât pentru prejudiciile cauzate geratului cu intenţie
B. gerantul trebuie să îl înștiințeze pe gerat despre gestiunea începută în cel mult 15 zile de la data la care a început să gestioneze afacerile geratului
C. actele şi cheltuielile care, fără a fi necesare sau utile, au fost efectuate pe perioada gestiunii îl obligă pe gerat la restituire numai în măsura în care i-au procurat vreun avantaj.",C
8.  În materia răspunderii civile delictuale:,"A. sunt valabile clauzele care exclud răspunderea pentru prejudiciile cauzate, printr-o simplă imprudenţa sau neglijenţă, bunurilor victimei
B. declaraţia de acceptare a riscului producerii unui prejudiciu constituie, prin ea însăşi, renunţarea victimei la dreptul de a obţine plata despăgubirilor
C. instanţa civilă este legată de hotărârea definitivă de achitare în ceea ce priveşte existenţa prejudiciului ori a vinovăţiei autorului faptei ilicite.",A
9.  În domeniul răspunderii civile delictuale:,"A. lipsa discernământului nu îl scuteşte pe autorul prejudiciului de plata unei indemnizaţii către victimă ori de câte ori nu poate fi angajată răspunderea persoanei care avea, potrivit legii, îndatorirea de a-l supraveghea
B. în cazul a două persoane care ocupă un imobil, dintre care una îl ocupă fără titlu, iar cealaltă cu titlu, răspunde pentru prejudiciul cauzat prin căderea din imobil a unui lucru doar persoana care îl ocupă în temeiul unui titlu
C. proprietarul unui lucru are paza acestuia, numai dacă se serveşte de lucru în interes propriu.",A
"10.  Potrivit dispoziţiilor Codului civil din materia plăţii, pentru a stabili dacă o obligaţie este de mijloace sau de rezultat, se va ţine seama, între altele, îndeosebi de:","A. influenţa pe care cealaltă parte o are asupra executării obligaţiei
B. bună-credinţă a debitorului obligaţiei, existentă la momentul asumării acesteia
C. numărul persoanelor care şi-au asumat obligaţia.",A
"11.  În afară de alte cazuri prevăzute de lege, subrogaţia se produce de drept:","A. în toate cazurile în care este constatată printr-un înscris
B. în folosul creditorului, chiar chirografar, care plăteşte unui creditor care are un drept de preferinţă, potrivit legii
C. în folosul dobânditorului unui bun care îl plăteşte pe titularul creanţei însoţite de o garanţie asupra bunului respectiv.",BC
12.  În materia compensaţiei:,"A. termenul de graţie acordat pentru plata unei datorii nu împiedică realizarea compensaţiei
B. compensaţia nu are loc atunci când are ca obiect un bun insesizabil
C. părţile nu pot renunţa tacit la compensaţie.",AB
13.  În materia decăderii:,"A. părţile nu pot modifică termenele de decădere de ordine publică, micşorându-le sau mărindu-le, după caz
B. organul de jurisdicţie este obligat, în toate cazurile, să invoce şi să aplice din oficiu termenele de decădere
C. este lovită de nulitate relativă clauza prin care se stabileşte un termen de decădere ce ar face excesiv de dificilă exercitarea dreptului de către partea interesată.",A
14.  În materia prescripţiei extinctive:,"A. întreruperea prescripţiei împotriva debitorului principal sau contra fideiusorului produce efecte împotriva amândurora
B. prescripţia se întrerupe, printre altele, prin depunerea cererii de intervenţie în cadrul urmăririi silite pornite de alţi creditori
C. în cazul în care nulitatea relativă poate fi invocată de o terţă persoană, prescripţia începe să curgă în cel mult 18 luni de la data când terţul a cunoscut, putea sau trebuia să cunoască existenţa cauzei de nulitate.",AB
15.  Părintele decăzut din exerciţiul drepturilor părinteşti:,"A. cu privire la un copil pierde drepturile părinteşti asupra tuturor copiilor, inclusiv asupra celor născuţi după data pronunţării hotărârii
B. rămâne obligat să acorde întreţinere copilului
C. nu mai poate solicita redarea exerciţiului drepturilor părinteşti.",B
16.  În materia acţiunilor privind filiaţia:,"A. moştenitorii mamei pot porni acţiunea în tăgada paternităţii în termen de un an de la data decesului mamei, indiferent de momentul naşterii copilului
B. acţiunea în stabilirea filiaţiei faţă de mamă, introdusă de copil, poate fi continuată de moştenitorii acestuia, în condiţiilelegii
C. acţiunea în tăgada paternităţii introdusă de către cel care se pretinde tată biologic nu se prescrie în timpul vieţii sale.",BC
"17.  Spre deosebire de divorţul pe cale administrativă, divorţul pe cale judiciară din cauza stării sănătăţii unui soţ:","A. poate fi pronunţat şi atunci când există copii minori născuţi din căsătorie
B. nu poate fi admis dacă unul dintre soţi este pus sub interdicţie
C. se pronunţă fără a se face menţiune cu privire la culpa soţilor.",A
"18.  În materia moştenirii legale, poate fi reprezentat:","A. colateralul privilegiat de gradul al IV-lea
B. fratele mamei defunctului
C. descendentul nedemn, chiar aflat în viaţă la data deschiderii moştenirii.",C
19.  Soţului supravieţuitor:,"A. îi poate fi restrâns dreptul de abitație, dacă o parte a locuinţei îi este necesară unuia dintre moştenitori
B. îi revine o jumătate din moştenire, dacă vine în concurs numai cu ascendenţii privilegiaţi
C. nu îi revin mobilierul şi obiectele de uz casnic afectate folosinţei comune a soţilor, cu titlu de drept special de moştenire, în ipoteza în care vine concomitent în concurs atât cu descendenţii defunctului, cât şi cu colateralii privilegiaţi.",BC
"20.  Dacă moştenirea legală de pe urmă lui D. a fost acceptată de NI. (mama defunctului), S. (sora defunctului, din aceiaşi părinţi), P. (fratele uterin al defunctului) şi N. (nepotul defunctului rezultat din căsătoria surorii uterine a defunctului cu fratele consangvin al defunctului, ambii predecedaţi):","A. S. va culege tot atât cât M.
B. N. va culege mai mult decât M.
C. F. va culege mai puţin decât M.",BC
"21.  În materia lucrărilor adăugate voluptuare cu caracter durabil asupra imobilului altuia, proprietarul imobilului:","A. când valoarea lucrării este considerabilă, are dreptul să ceară obligarea autorului să cumpere imobilul la valoarea de circulaţie pe care acesta ar fi avut-o dacă lucrarea nu s-ar fi efectuat
B. are dreptul să ceară obligarea autorului de rea-credinţă la desfiinţarea lucrării, cu readucerea imobilului în situaţia anterioară şi plata de daune-interese
C. are dreptul să devină proprietarul lucrării, numai prin înscriere în cartea funciară, fără nicio obligaţie către autorul lucrării.",B
22.  În materia posesiei:,"A. detentorul precar nu poate exercita acţiunile posesorii
B. dacă detentorul precar înstrăinează bunul prin act translativ de proprietate cu titlu particular unui dobânditor de bună-credinţă, acesta din urmă devine posesor
C. detentorul precar devine posesor dacă încheie cu bună-credinţă un act translativ de proprietate cu titlu particular cu o altă persoană decât proprietarul bunului.",BC
23.  Uzufructuarul:,"A. spre deosebire de titularul dreptului de uz, poate culege şi fructele civile
B. asupra unei păduri poate lua din aceasta araci pentru vie, numai dacă via se află în proprietatea uzufructuarului şi este situată la cel mult un kilometru de marginea pădurii
C. la alegerea sa, are obligaţia de a restitui bunuri de aceeaşi cantitate, calitate şi valoare sau contravaloarea lor, la data stingerii uzufructului care are ca obiect numai bunuri consumptibile.",A
"24.  Spre deosebire de nulitatea relativă, nulitatea absolută:","A. desfiinţează toate efectele contractului
B. nu intervine în cazul contractului plurilateral
C. nu poate fi acoperită prin confirmare decât în cazurile prevăzute de lege.",C
25.  În materia actului juridic civil:,"A. dacă prin lege nu se prevede altfel, bunurile unui terţ pot face obiectul unei prestaţii
B. obiectul trebuie să fie determinat şi licit, sub sancţiunea nulităţii relative
C. spre deosebire de terţul autor al unui dol, terţul autor al unei violențe, independent de anularea contractului pentru viciul de consimţământ respectiv, răspunde pentru prejudiciile ce ar rezulta.",A
26.  În cazul litigiilor în materia protecţiei consumatorilor:,"A. cererile formulate de un consumator, având ca obiect denunţarea unilaterală a contractului încheiat cu un profesionist, se pot introduce şi la instanţa de la sediul profesionistului
B. cererile formulate de un profesionist împotriva consumatorului se pot introduce numai la instanţa de la domiciliul consumatorului, afară de cazul în care părţile au încheiat în mod valabil o convenţie de alegere de competenţă
C. părţile pot conveni alegerea instanţei competente şi înainte de naşterea dreptului la despăgubiri.",AB
"27.  Cererea având ca obiect stabilirea compunerii masei succesorale şi a cotelor succesorale, formulată pe cale principală:","A. este de competenţa judecătoriei sau a tribunalului, în funcţie de valoarea obiectului cererii
B. nu poate fi primită atunci când partea poate cere partajul
C. este de competenţa instanţei celui din urmă domiciliu al defunctului.",C
28.  În materia recuzării:,"A. cererea se soluţionează de instanţa ierarhic superioară, atunci când, din pricina recuzării, nu se poate alcătui completul de judecată pentru soluţionarea recuzării la instanţa respectivă
B. încheierea de admitere a recuzării va arata în ce măsură actele îndeplinite de judecătorul recuzat urmează să fie anulate
C. încheierea prin care s-a admis cererea de recuzare poate fi atacată odată cu hotărârea prin care s-a soluţionat cauza.",A
29.  Mandatarul neavocat al unei persoane fizice:,"A. poate pune concluzii în faţă oricărei instanţe, fără a fi asistat de avocat, dacă este rudă de gradul al treilea cu partea şi este licenţiat în drept
B. poate reprezenta în judecată pe mandant în baza unei procuri generale, atunci când procura este dată unui prepus
C. poate să îşi justifice calitatea printr-o procura sub forma unui înscris sub semnătură privată.",B
30.  În materia strămutării:,"A. până la soluţionarea cererii de strămutare, instanţa poate dispune, dacă este cazul, suspendarea judecăţii, putând obliga partea care solicită suspendarea la plata unei cauţiuni în cuantumul fixat de instanţă
B. în cazul în care instanţa de la care s-a dispus strămutarea a procedat între timp la judecarea procesului, hotărârea pronunţată este desfiinţată de drept prin efectul admiterii cererii de strămutare
C. hotărârea prin care se respinge cererea de strămutare este definitivă.",BC
31.  Constituie derogare de la principiul disponibilităţii:,"A. posibilitatea instanţei de a dispune, din oficiu, îndreptarea erorii materiale privind numele unei părţi, strecurate în cuprinsul unei hotărâri
B. posibilitatea instanţei de a introduce forţat în proces, din oficiu, alte persoane, în cazurile şi condiţiile prevăzute de lege
C. posibilitatea judecătorului de a pune în discuţia părţilor, din oficiu, necesitatea administrării altor probe şi de a le ordona, chiar dacă părţile se împotrivesc.",B
32.  Pe calea contestaţiei la executare nu se poate solicita:,"A. anularea încheierii de învestire cu formulă executorie
B. anularea executării silite pentru motive de fapt şi de drept privitoare la fondul dreptului cuprins în titlul executoriu reprezentat de o hotărâre judecătorească, atunci când aceste motive sunt anterioare pronunţării hotărârii
C. împărţeală bunurilor proprietate comună pe cote-părţi sau în devălmăşie.",B
"33.  În cazul intervenţiei voluntare accesorii, spre deosebire de cazul intervenţiei voluntare principale:","A. cererea de intervenţie accesorie poate fi făcută, în primă instanţă, până la închiderea dezbaterilor
B. intervenientul accesoriu va putea solicita administrarea de probe cel mai târziu până la primul termen de judecată ulterior admiterii în principiu a cererii sale de intervenţie
C. cererea de intervenţie accesorie poate fi făcută şi în căile extraordinare de atac.",C
34.  Repunerea în termenul procedural se dispune:,"A. numai dacă se dovedeşte că pierderea termenului procedural se datorează unor motive temeinic justificate
B. de instanţa competentă să soluţioneze cererea privitoare la dreptul neexercitat în termen
C. şi de instanţă, din oficiu, dacă din dosarul cauzei rezultă motivul pierderii termenului.",AB
35.  Nulitatea este condiţionată de existenţa unei vătămări în cazul încălcării dispoziţiilor legale referitoare la:,"A. ordinea de acordare a cuvântului părţilor în cadrul dezbaterilor
B. reprezentarea procesuală
C. compunerea sau constituirea instanţei.",A
36.  În cazul cererii de chemare în judecată:,"A. comunicarea se va face de instanţa, din oficiu, prin servicii de curierat rapid, atunci când comunicarea prin agenţii procedurali ai instanţei nu este posibilă
B. aceasta nu poate fi comunicată prin afişare, chiar dacă sunt îndeplinite condiţiile citării pârâtului prin publicitate
C. la cererea părţii interesate şi pe cheltuiala sa, comunicarea se poate face în mod nemijlocit şi prin executorii judecătoreşti.",C
"37.  Contestaţia privind lămurirea înţelesului, întinderii sau aplicării titlului executoriu:","A. se introduce la instanţa care a pronunţat hotărârea ce se execută, atunci când titlul executoriu este o hotărâre a unui organ de jurisdicţie
B. se poate face în termen de cel mult 15 zile de la data când contestatorul a luat cunoştinţă de primul act de executare
C. atunci când priveşte un titlu care nu constituie o hotărâre a unui organ de jurisdicţie, se soluţionează printr-o hotărâre care nu este supusă niciunei căi de atac.",A
"38.  Cererea prin care reclamantul măreşte cuantumul obiectului cererii de chemare în judecată, solicitând şi ratele ajunse la termen după sesizarea instanţei:","A. este o cerere adiţională
B. poate fi formulată numai până la primul termen la care toate părţile sunt legal citate
C. atrage declinarea competenţei dacă instanţa iniţial sesizată nu mai este competentă potrivit dispoziţiilor legale referitoare la competenţă după valoarea obiectului cererii.",A
39.  În caz de litispendenţă:,"A. atunci când instanţele sunt de grad diferit, excepţia se invocă înaintea instanţei de grad inferior
B. în orice stare a judecăţii, cererile reunite pot fi disjunse şi judecate separat, dacă numai una dintre ele este în stare de judecată
C. încheierea prin care se respinge excepţia are caracter interlocutoriu şi poate fi atacată numai odată cu fondul.",AC
"40.  Potrivit regulilor prevăzute de Codul de procedură civilă, referitoare la aplicarea în timp a legii de procedură civilă:","A. dispoziţiile legii noi de procedură se aplică, din momentul intrării ei în vigoare, şi executărilor silite începute sub legea veche
B. în caz de trimitere spre rejudecare, dispoziţiile legii noi privitoare la competenţă sunt pe deplin aplicabile
C. în cazul în care instanţa învestită este desfiinţată, dosarele se vor trimite din oficiu instanţei competente potrivit legii noi.",C
41.  Într-un proces având ca obiect o acţiune în revendicare mobiliară:,"A. pârâtul poate formula, pe calea cererii reconvenționale, o acţiune confesorie de uzufruct privind bunul revendicat
B. reclamantul poate formula, pe cale accesorie, o cerere de sechestru asigurător pentru indisponibilizarea bunului până la soluţionarea acţiunii în revendicare
C. pârâtul poate formula cerere reconvențională doar împotriva reclamantului, nu şi a unui alt coproprietar care să fie obligat împreună cu reclamantul la plata contravalorii îmbunătăţirilor aduse bunului.",A
"42.  Fac parte din categoria excepţiilor de fond, absolute şi peremptorii:","A. excepţia prematurităţii, excepţia inadmisibilităţii acţiunii în constatare atunci când este deschisă calea acţiunii în realizare, excepţia conexităţii
B. excepţia autorităţii de lucru judecat, excepţia lipsei calităţii procesuale active, excepţia lipsei de interes
C. excepţia litispendenţei, excepţia lipsei capacităţii procesuale de exerciţiu, excepţia lipsei calităţii procesuale pasive.",B
"43.  După închiderea dezbaterilor în fond, atunci când s-a amânat pronunţarea hotărârii:","A. părţile pot depune înscrisuri în dovedirea cheltuielilor de judecată reprezentând onorariul de avocat achitat ulterior închiderii dezbaterilor
B. în caz de admitere a unei cereri de strămutare înainte de pronunţarea hotărârii, părţile vor pune din nou concluzii în faţa instanţei la care s-a strămutat procesul, chiar dacă au fost păstrate toate actele îndeplinite înainte de strămutare
C. procesul se va repune pe rol dacă judecătorul care a luat parte la judecată a promovat la instanţa superioară între data închiderii dezbaterilor şi data pentru care s-a amânat pronunţarea, părţile fiind citate pentru a pune din nou concluzii în faţa completului de judecată legal constituit.",B
44.  Hotărârea prin care judecătoria constată perimarea:,"A. unei cereri de ordonanţă preşedinţială este supusă căii de atac a apelului în termen de 5 zile de la pronunţare, dacă s-a dat cu citarea părţilor, şi de la comunicare, dacă s-a dat fără citarea lor
B. se dă fără motivare, deoarece grefierul este obligat să întocmească un referat asupra actelor de procedură în legătură cu perimarea
C. lipseşte de efecte toate actele de procedură făcute în acea instanţă, însă probele pot fi folosite de părţi într-un nou proces, chiar dacă a intervenit o modificare legislativă a competenţei materiale în favoarea tribunalului, în măsura în care instanţa astfel învestită socoteşte că nu este necesară refacerea lor.",C
"45.  Reprezintă o trăsătură comună cererii de îndreptare a erorii materiale, cererii de lămurire şi, respectiv, cererii de completare a hotărârii:","A. soluţionarea de urgenţă, în camera de consiliu
B. soluţionarea printr-o încheiere supusă aceloraşi căi de atac ca şi hotărârea în legătură cu care s-au formulat
C. suportarea de către stat a cheltuielilor de judecată făcute de parte, în cazul în care cererea respectivă a fost admisă.",C
"46.  Hotărârile primei instanţe sunt executorii de drept când au ca obiect, printre altele:","A. despăgubiri pentru accidente de muncă, numai dacă s-au acordat sub formă de prestaţii băneşti periodice
B. reparaţii grabnice ale unui bun aflat în locaţiune
C. pretenţii rezultate dintr-un contract de mandat, dacă mandatarul-debitor este insolvabil şi neexecutarea de îndată este vădit prejudiciabilă pentru mandantul-creditor.",B
"47.  Spre deosebire de revizuire, în cazul contestaţiei în anulare:","A. întâmpinarea nu este obligatorie, întrucât contestaţia în anulare se soluţionează de urgenţă şi cu precădere
B. atunci când se invocă motive care atrag competenţe diferite, nu operează prorogarea competenţei
C. cererea se introduce în toate cazurile la instanţa a cărei hotărâre se atacă.",C
"48.  În cazul în care partea interesată a luat cunoştinţă la 01.05.2015 de hotărârea de condamnare, pentru o infracţiune privitoare la pricină, a unui expert care a luat parte la judecată, condamnare definitivă la 02.02.2015, cererea de revizuire formulată la 01.06.2015 împotriva hotărârii pronunţate la 03.03.2014 este:","A. tardivă, deoarece a fost depăşit termenul maxim de un an şi o luna de la data pronunţării hotărârii atacate
B. formulată în termenul legal de decădere, de trei ani de la data rămânerii definitive a hotărârii de condamnare
C. formulată în termen, dar inadmisibilă în cazul în care hotărârea atacată nu evocă fondul.",C
49.  Se poate cere pe cale de ordonanţă preşedinţială:,"A. constatarea de urgenţă a stării unor bunuri, mobile sau imobile, dacă este posibil că proba să fie greu de administrat în viitor
B. luarea unei măsuri provizorii cu privire la încasarea alocaţiei de stat pentru copii, în procedura divorţului
C. încuviinţarea provizorie a suspendării executării provizorii de drept a unei hotărâri.",BC
50.  Este admisibilă proba cu martori propusă de reclamant pentru dovedirea:,"A. viciului de consimţământ al erorii esenţiale asupra calităţilor substanţiale ale bunului vândut, indiferent de valoarea acestuia
B. împrejurării de fapt a înmânării citației către pârât la o anumită dată, atunci când lipseşte data din procesul-verbal întocmit de agentul procedural privind refuzul pârâtului de a semna dovada de înmânare
C. unei vânzări a unui bun mobil cu o valoare mai mare de 250 de lei, dacă pârâtul este un profesionist şi a încheiat actul în exerciţiul activităţii sale profesionale.",AC
51.  Executarea pedepsei complementare a interzicerii exercitării unor drepturi încetează la:,"A. împlinirea termenului de supraveghere al suspendării executării pedepsei sub supraveghere, chiar dacă durata ei nu se împlinise la acel moment
B. împlinirea termenului de prescripţie al executării pedepsei principale, chiar dacă durata ei nu se împlinise la acel moment
C. momentul intervenirii reabilitării de drept, chiar dacă durata ei nu se împlinise la acel moment.",C
52.  Infracţiunea complexă:,"A. al cărei obiect juridic este alcătuit din două valori sociale identice, are întotdeauna o pluralitate de subiecţi pasivi
B. în structura căreia se regăsesc două acte de executare, presupune întotdeauna o conexitate etiologică sau consecvențională între acestea
C. nu poate îmbraca foma unei infracţiuni progresive.",A
53.  Reabilitarea judecătorească:,"A. se anulează doar dacă infracţiunea care atrage anularea este descoperită în termenul de reabilitare
B. poate fi acordată şi celor condamnaţi la detenţiune pe viaţă
C. poate fi acordată şi post-mortem, însă numai dacă cel condamnat a trăit până la împlinirea termenului de reabilitare.",B
54.  Renunţarea la aplicarea pedepsei:,"A. nu permite luarea vreunei măsuri de siguranţă, deoarece în acest caz instanţa nu individualizează nicio sancţiune
B. nu poate fi dispusă dacă infracţiunea comisă se află în stare de recidivă postcondamnatorie, dar se poate dispune atunci când ea se află în stare de recidivă postexecutorie
C. se poate dispune cu privire la autorul unei infracţiuni, chiar dacă instigatorului şi complicilor li s-au aplicat pedepse.",C
55.  Participaţia improprie:,"A. se reţine şi atunci când X major participa cu acte de complicitate concomitentă la comiterea unei infracţiuni intenţionate de către Y, minor în vârstă de 17 ani
B. se poate reţine şi în cazul infracţiunilor caracterizate de pluralitate naturală
C. determină întotdeauna reţinerea agravantei generale a săvârşirii faptei de un major împreună cu un minor.",B
56.  În cazul infracţiunii progresive:,"A. forma de vinovăţie este întotdeauna intenţia depăşită (praeterintenția)
B. nu este posibil niciodată coautoratul
C. elementul material poate consta şi într-o omisiune.",C
57.  Circumstanţa atenuantă a depăşirii limitelor legitimei apărări:,"A. se va reţine şi în ipotezele în care ar fi operat legitima apărare prezumată, ori de câte ori prezumţia legală a fost răsturnată
B. nu poate fi reţinută concomitent cu circumstanţa atenuantă a stării de provocare în cazul unei infracţiuni simple
C. exclude aplicarea concomitentă în cazul aceleiaşi infracţiuni a circumstanței agravante a comiterii faptei în stare de intoxicaţie provocată în vederea săvârşirii infracţiunii.",B
58.  Infracţiunea comisivă prin omisiune:,"A. nu permite niciodată reţinerea cauzei de nepedepsire a împiedicării producerii rezultatului
B. poate îmbraca forma infracţiunii complexe
C. se comite cu intenţie depăşită (praeterintenție) ori de câte ori acţiunea anterioară, ce a creat starea de pericol care a înlesnit producerea rezultatului, este intenţionată.",B
"59.  Vom fi în prezenţa unei legi de dezincriminare şi atunci când fapta se regăseşte, sub aceeaşi denumire, atât în legea veche, cât şi în legea nouă, dar legea nouă:","A. consacră o cauză de nepedepsire neprevăzută în legea veche şi care este incidentă în speţă
B. coboară limita de vârstă a subiectului pasiv în raport de care fapta constituie infracţiune, iar victima depăşise, la momentul comiterii infracţiunii, respectiva limita
C. prevede că fapta, care anterior se urmărea din oficiu, va fi urmărită doar la plângere prealabilă, iar persoana vătămată declara că nu doreşte să formuleze o astfel de plângere.",B
60.  Consimţământul persoanei vătămate poate fi reţinut ca şi cauză justificativă în cazul faptei de:,"A. incest
B. violare de domiciliu
C. distrugere în forma de bază.",C
61.  Amnistia antecondamnatorie intervenită în cursul judecăţii împiedică luarea:,"A. măsurii de siguranţă a confiscării bunurilor produse prin săvârşirea faptei prevăzute de legea penală
B. măsurii de siguranţă a confiscării extinse
C. măsurii educative a asistării zilnice.",BC
62.  Infracţiunea de ucidere la cererea victimei:,"A. se poate comite şi prin inacţiune
B. este imprescriptibilă, fiind o formă atenuată de omor
C. se comite întotdeauna cu intenţie repentină (spontană), caracterizată de starea de tulburare pricinuită autorului de suferinţele victimei.",A
63.  În cazul infracţiunii de ucidere a nou-născutului comisă de mamă:,"A. instanţa trebuie să reţină şi circumstanţa agravantă a comiterii faptei profitând de starea de vădită vulnerabilitate a victimei
B. starea de tulburare poate fi determinată de împrejurarea că copilul s-a născut cu malformaţii fizice grave
C. dacă actele de executare au loc în termenul de 24 de ore de la naştere, dar moartea noului-născut intervine după acest termen, se va reţine în sarcina mamei un omor calificat.",B
"64.  X îşi duce autoturismul la o spălătorie auto şi îl încredinţează lui Y, angajat al spălătoriei, pentru a fi curăţat, urmând ca X să revină după două ore pentru a-l recupera. în acest timp, Y ia autoturismul şi se deplasează împreună cu prietena sa într-o localitate aflată la 30 de km, iar când se întoarce îi spune lui X că maşina a stat tot timpul la spălătorie, dar nu a putut fi spălată încă din cauza unei pene de curent. În acest caz, Y poate răspunde pentru:","A. un furt de folosinţă
B. un abuz de încredere
C. o înşelăciune.",B
"65.  Săvârșeste infracţiunea de omor calificat cel care ucide o persoană cu intenţie, anterior fiind condamnat pentru o infracţiune de:","A. ultraj, în varianta uciderii unui funcţionar public
B. loviri sau vătămări cauzatoare de moarte
C. ucidere la cererea victimei.",A
"66.  Infracţiunea de vătămare corporală din culpă este fapta de lovire sau alte violențe, săvârşită din culpă, dacă prin aceasta s-au produs leziuni traumatice a căror gravitate a fost evaluată prin zile de îngrijiri medicale:","A. între 11 şi 90, indiferent de circumstanţele de săvârşire
B. chiar sub 10 de zile, dacă fapta a fost săvârşită de către o persoană aflată sub influenţă unei substanţe psihoactive
C. de 90 de zile, indiferent de circumstanţele de săvârşire.",B
67.  În cazul infracţiunii de represiune nedreaptă:,"A. coautoratul este posibil
B. acţiunea ilicită poate consta şi în continuarea urmăririi penale in personam, ştiind că persoana faţă de care s-a început urmărirea penală este nevinovată
C. sub aspectul laturii subiective, există cerinţă ca fapta să fie săvârşită cu un anumit scop.",A
"68.  X, care s-a prezentat în faţa procurorului, afirmând, în mod nereal, că este Y, persoana citată în calitate de martor în cauza instrumentată de procuror, şi a fost audiat în această calitate comite o infracţiune de fals privind identitatea:","A. dacă a prezentat actul de identitate al lui Y
B. şi o infracţiune de mărturie mincinoasă
C. şi o infracţiune de inducere în eroare a organelor judiciare.",A
"69.  Inculpaţii X şi Y au fost opriţi şi legitimaţi de o patrulă de poliţie în jurul orelor 03.00 dimineaţă pe o stradă din Timişoara. În timp ce îşi cauta cartea de identitate, X a scăpat din mână o sacoşă pe care o avea asupra sa, din care au ieşit mai multe bare metalice şi şurubelniţe. Chestionaţi în legătură cu aceste obiecte, X şi Y au recunoscut că mergeau să comită o spargere la un magazin de bijuterii aflat la circa 500 m pe aceeaşi stradă. În acest caz:","A. în sarcina lui X şi Y se va reţine o tentativă întreruptă la infracţiunea de furt calificat
B. se va dispune confiscarea bunurilor aflate în sacoşă, ca fiind bunuri destinate a fi folosite la săvârşirea unei fapte prevăzute de legea penală
C. instanţa nu va putea dispune pentru fapta comisă de X şi Y renunţarea la aplicarea pedepsei.",C
"70.  În cazul infracţiunii de furt calificat, săvârşit de către o persoană având asupra sa o armă:","A. aceasta trebuie să fie o armă propriu-zisă, nu şi o armă asimilată
B. arma nu trebuie să fie vizibilă, în caz contrar fiind în prezenţa infracţiunii de tâlhărie
C. nu se poate reţine această variantă de săvârşire dacă făptuitorul avea arma asupra sa întâmplător, fără vreo legătură cu săvârşirea infracţiunii de furt.",A
71.  Infracţiunea de distrugere:,"A. poate avea ca subiect activ şi pe proprietarul bunului în anumite modalităţi normative
B. nu poate avea ca subiect activ o persoană juridică
C. poate fi absorbită de o infracţiune de furt în scop de folosinţă.",AC
72.  În cazul infracţiunii de tulburare de posesie:,"A. autor poate fi şi proprietarul bunului imobil dacă acesta se află în posesia legitimă a altei persoane
B. subiect activ al infracţiunii poate fi coproprietarul neposesor dacă săvârșeste fapta faţă de coproprietarul posesor
C. elementul material poate consta şi în refuzul persoanei care exercită o posesie nelegitimă de a părăsi imobilul la solicitarea expresă a proprietarului acestuia.",AB
73.  Infracţiunea de şantaj:,"A. nu se poate reţine atunci când folosul a cărui obţinere se urmăreşte era datorat autorului de către persoana vătămată
B. se consumă în momentul în care subiectul pasiv cedează constrângerii exercitate, autorul obţinând satisfacerea interesului urmărit
C. se reţine în concurs cu infracţiunea de lipsire de libertate în mod ilegal când în schimbul eliberării victimei se cere un folos patrimonial sau nepatrimonial.",C
74.  În cazul infracţiunii de favorizare a făptuitorului;,"A. subiect activ nu poate fi avocatul suspectului sau inculpatului
B. este necesar ca cel favorizat să fie tras la răspundere penală pentru infracţiunea săvârşită
C. ajutorul dat nu trebuie să fie urmarea unei înţelegeri prealabile săvârşirii infracţiunii.",C
75.  În cazul infracţiunii de act sexual cu un minor nu este posibilă reţinerea:,"A. circumstanței agravante a comiterii infracţiunii de un major împreună cu un minor
B. tentativei perfecte
C. participaţiei improprii.",B
76.  În procedura de cameră preliminară:,"A. judecătorul de cameră preliminară poate lua act de intervenirea împăcării şi dispune încetarea procesului penal
B. pot fi invocate excepţii de neconstituţionalitate
C. judecătorul de cameră preliminară poate dispune menţinerea măsurii arestării preventive a inculpatului, chiar în lipsa acestuia, dacă el nu poate fi adus.",BC
"77.  Infracţiunea de omor calificat comisă asupra unui magistrat asistent de la Înalta Curte de Casaţie şi Justiţie, va fi judecată de:","A. tribunal
B. curtea de apel
C. Înalta Curte de Casaţie şi Justiţie.",A
"78.  În cazul în care persoana vătămată este un minor în vârstă de 13 ani, iar reprezentantul legal al acestuia nu solicită despăgubiri, cererea de acordare a despăgubirilor, formulată de procuror, oral, pentru minor, cu ocazia dezbaterilor asupra fondului cauzei:","A. se va admite, dacă sunt indicate natura, întinderea pretenţiilor şi este probată
B. se va admite, întrucât procurorul poate formula o atare cerere, chiar în lipsa solicitării reprezentantului legal
C. se va respinge, întrucât în acest caz despăgubirile pot fi cerute numai la instanţa civilă.",C
79.  Nu poate depune niciodată mărturie:,"A. funcţionarul cu atribuţii privind ordinea publică, pentru o infracţiune constatată în timpul exercitării atribuţiilor de serviciu
B. persoana vătămată
C. fiul unuia dintre inculpaţi, care s-a prevalat de dreptul de a refuza să dea declaraţii împotriva tatălui său, cu privire la ceilalţi coinculpați.",B
80.  Este incompatibil:,"A. să se pronunţe asupra legalităţii şi temeiniciei ordonanţei procurorului prin care s-a dispus redeschiderea urmăririi penale, judecătorul care anterior a soluţionat plângerea împotriva ordonanţei procurorului prin care se dispusese luarea măsurii controlului judiciar
B. să soluţioneze o cerere de revizuire, judecătorul care anterior a soluţionat plângerea împotriva ordonanţei prin care procurorul a dispus clasarea pe motiv că a intervenit prescripţia
C. să soluţioneze cauza în fond, judecătorul care anterior a soluţionat contestaţia formulată de unul dintre inculpaţi împotriva încheierii de menţinere a arestării preventive, pronunţate în procedura de cameră preliminară.",AB
81.  În cursul urmăririi penale:,"A. inculpatul şi persoana vătămată prin infracţiunea comisă de acesta pot fi asistate de acelaşi avocat
B. lipsa avocatului suspectului aflat în stare de libertate împiedică efectuarea unei confruntări a acestuia cu persoana vătămată, dacă avocatul a fost încunoştiinţat despre audiere doar prin notificare telefonică, în ziua precedentă
C. asistenţa este obligatorie în toate cazurile când faţă de suspect se luase măsura de siguranţă a internării medicale într-o altă cauză.",C
"82.  Încălcarea, în cursul urmăririi penale, a dispoziţiilor legale privind prezenţa inculpatului, când aceasta este obligatorie, potrivit legii:","A. este sancţionată cu nulitatea absolută, care poate fi invocată până la rămânerea definitivă a hotărârii, dacă instanţa a fost sesizată prin rechizitoriu
B. nu poate fi invocată pe calea contestaţiei în anulare
C. atrage sancţiunea nulităţii numai dacă se face dovada existenţei unei vătămări a drepturilor procesuale ale inculpatului.",B
"83.  În caz de renunţare la aplicarea pedepsei faţă de inculpat, pronunţată în primă instanţă :","A. instanţa poate menţine arestarea preventivă a inculpatului, dacă constată că temeiurile care au determinat arestarea iniţială impun în continuare privarea de libertate a acestuia
B. instanţa dispune întotdeauna restituirea cauțiunii depuse de inculpatul aflat sub control judiciar
C. hotărârea pronunţată nu se poate întemeia numai pe declaraţiile investigatorului, ale colaboratorilor sau ale martorilor protejaţi.",C
84.  Suspectul sau inculpatul:,"A. poate fi adus cu mandat de aducere numai dacă, fiind anterior chemat cu citaţie, nu s-a prezentat în mod nejustificat, iar ascultarea şi prezenţa lui este necesară
B. nu este legal citat, dacă, primind citaţia şi refuzând să semneze dovada de primire, persoana însărcinată cu comunicarea citației încheie numai proces-verbal şi nu îi lasă o înştiinţare
C. nu este legal citat, dacă, refuzând să primească citaţia, înştiinţarea afişată pe uşa locuinţei sale de agentul procedural, nu cuprinde menţiunea că aceasta se referă la actul procedural al citației.",C
85.  Prorogarea de competenţă operează:,"A. numai în favoarea instanţei superioare în grad
B. în favoarea instanţei iniţial învestite şi care era competentă după calitatea inculpatului, atunci când, după citirea actului de sesizare, acesta şi-a pierdut calitatea avută
C. în favoarea instanţei iniţial învestite, dacă, după citirea actului de sesizare, inculpatul devine membru în Parlamentul European.",B
86.  Este considerată ca fiind în termenul legal contestaţia formulată:,"A. de procuror împotriva încheierii judecătorului de drepturi şi libertăţi prin care se respinge propunerea de arestare preventivă, înregistrată în registrul de ieşire al parchetului, la 36 de ore de ia pronunţare şi care se înregistrează la judecătorul de drepturi şi libertăţi care a pronunţat încheierea la 3 zile de la pronunţare, pentru situaţia în care termenul curge de la pronunţare
B. împotriva hotărârii prin care s-a respins cererea de reabilitare, depusă de condamnat în termen de 10 zile de la comunicare, la instanţa ierarhic superioară
C. de inculpatul faţă de care s-a luat măsura arestării preventive, depusă la administraţia locului de deţinere la 24 ore de la comunicare şi care se înregistrează la judecătorul de drepturi şi libertăţi care a pronunţat încheierea, la 4 zile de la comunicare, pentru situaţia în care termenul curge de la comunicare.",BC
"87.  În cursul procedurii de cameră preliminară, contestaţia împotriva încheierii privitoare la măsurile preventive se soluţionează:","A. în şedinţă publică, prin încheiere motivată, pronunţată în şedinţă publică
B. în camera de consiliu, prin încheiere motivată care se pronunţă în camera de consiliu
C. în camera de consiliu, prin decizie motivată care se pronunţă în camera de consiliu.",B
"88.  În cursul urmăririi penale, măsurile asigurătorii:","A. se iau de procuror prin ordonanţă
B. se iau de judecătorul de drepturi şi libertăţi, prin încheiere motivată, la propunerea procurorului
C. pentru garantarea executării pedepsei amenzii nu se pot lua asupra bunurilor părţii responsabile civilmente.",AC
89.  Termenul de 5 zile în care procurorul poate solicita prelungirea arestării preventive este:,"A. un termen de recomandare
B. un termen peremptoriu (de decădere)
C. un termen prohibitiv (dilatoriu).",B
90.  Percheziţia domiciliară:,"A. se poate dispune şi în vederea punerii în executare a unui mandat de arestare preventivă
B. se amână în toate cazurile până la sosirea unui avocat, dar nu mai mult de două ore, dacă se solicită prezenţa acestuia
C. nu poate începe fără înmânarea copiei mandatului de percheziţie emis de judecător.",A
91.  În cazul unei plângeri penale formulate de o persoană juridică:,"A. această trebuie să cuprindă şi indicarea contului bancar
B. este necesară certificarea prin semnătură electronică a plângerii în cazul în care este transmisă în formă electronică, cu excepţia situaţiei în care numele reprezentantului legal şi sediul sunt de notorietate naţională
C. se trimite de către instanţă prin încheiere, la organul judiciar competent, în cazul în care a fost greşit îndreptată.",A
92.  Plângerea prealabilă pentru o infracţiune de ameninţare:,"A. comisă în formă continuată, consumată la 30 ianuarie 2014 şi epuizată la 1 februarie 2014, este în termen dacă a fost introdusă după 70 de zile de la comiterea ultimei acţiuni
B. permite persoanei vătămate cu deplină capacitate de exerciţiu să se împace cu inculpatul doar până la citirea actului de sesizare a instanţei
C. se consideră valabilă dacă a fost trimisă în termen la Curtea Constituţională, care a transmis-o, pe cale administrativă, după expirarea termenului, la parchetul competent.",A
"93.  În activitatea de conducere şi supraveghere a activităţii organelor de cercetare penală, procurorul poate:","A. da dispoziţii verbale, nemotivate, cu caracter obligatoriu şi prioritar pentru organele de cercetare penală
B. dispune preluarea oricărei cauze în care exercită supravegherea, caz în care organul de cercetare penală nu va mai întocmi referat de terminare a urmăririi penale
C. confirmă continuarea efectuării percheziţiei anterior autorizate de judecător şi la imobilele învecinate, dacă se constată în cursul percheziţiei că în aceste imobile s-au ascuns persoanele căutate.",AB
"94.  În timpul unei şedinţe de judecată desfăşurate în cadrul Judecătoriei Sectorului 1 Bucureşti, unul dintre martori împinge partea civilă, aceasta se dezechilibrează, se loveşte în zona capului de pupitrul procurorului, iar în urma loviturii decedează pe loc. În acest caz:","A. judecătorul constată fapta, îl identifică pe făptuitor și dispune începerea urmăririi penale, înaintând apoi încheierea de şedinţă procurorului competent
B. procurorul care participă la şedinţa în cadrul căreia s-a comis fapta poate declara că începe urmărirea penală, pune în mişcare acţiunea penală şi îl poate reţine pe inculpat
C. Judecătoria Sectorului 1 Bucureşti lasă nesoluţionată acţiunea civilă, dacă moştenitorii părţii civile nu îşi exprimă opţiunea de a continua exercitarea acţiunii civile, în termen de două luni de la data decesului.",C
95.  Suspendarea urmăririi penale:,"A. este obligatoriu a fi dispusă de procuror, prin ordonanţă, dacă suspectul suferă de o boală gravă, constatată prin expertiză medico-legală, care îl împiedică să ia parte la procesul penal, ordonanţă care se comunică şi persoanei vătămate care nu s-a constituit parte civilă
B. se dispune în cazul în care boală de care suferă persoana vătămată, constatată prin expertiză medico-legală, este incurabilă şi împiedică prezenţa acesteia la desfăşurarea urmăririi penale
C. nu împiedică organele de urmărire penală să desfăşoare, pe perioada suspendării, o percheziţie la domiciliul inculpatului aflat în stare de libertate.",AC
96.  În cazul renunţării la urmărire penală:,"A. este legală soluţia prin care procurorul dispune ca suspectul să repare paguba produsă, în termen 7 luni, în conformitate cu prevederile acordului de mediere încheiat cu partea civilă
B. judecătorul de drepturi şi libertăţi poate dispune înlăturarea obligaţiei de a cere public scuze persoanei vătămate, impusă inculpatului prin ordonanţa de renunţare
C. în cazul neîndeplinirii cu rea-credinţă a obligaţiilor stabilite de procuror în sarcina inculpatului, se va dispune în mod obligatoriu revocarea ordonanţei de renunţare la urmărirea penală.",AC
97.  Rechizitoriul:,"A. poate fi întocmit de unul sau mai mulţi procurori
B. emis după ce inculpatul a decedat, iar în cauză există parte civilă şi parte responsabilă civilmente, va determina restituirea cauzei la procuror de către judecătorul de cameră preliminară
C. trebuie verificat de procurorul general al Parchetului de pe lângă Înalta Curte de Casaţie şi Justiţie ori de câte ori a fost întocmit de un procuror al acestui parchet.",AB
98.  Dacă prin sentinţă:,"A. s-a admis acordul de recunoaştere a vinovăţiei şi s-a lăsat nesoluţionată latura civilă a cauzei, măsurile asigurătorii luate în cauză se menţin
B. s-a aplicat măsură internării inculpatului într-un centru de detenţie, pentru o perioada de 15 ani, pentru săvârşirea infracţiunii de omor calificat, se va dispune în mod obligatoriu punerea de îndată în libertate a acestuia din arestul preventiv, dacă nu este reţinut sau arestat în altă cauză
C. instanţa l-a condamnat pe inculpat la pedeapsa închisorii cu executare în regim de detenţie şi a dispus menţinerea măsurii arestului la domiciliu luată anterior în cauză, nu mai are posibilitatea să înlocuiască, a doua zi după pronunţare, măsură arestului la domiciliu cu arestul preventiv.",AB
99.  Suspendarea judecăţii:,"A. se dispune prin încheiere, supusă căii de atac a contestaţiei în termen de 48 de ore de la pronunţare pentru cei prezenţi în caz de cerere de extrădare activă
B. poate produce efecte şi asupra situaţiei celorlalţi inculpaţi, chiar dacă temeiul suspendării nu îi priveşte şi pe aceştia
C. nu poate fi dispusă în procedura reabilitării.",B
"100.  Inculpatul X a fost condamnat la pedeapsa de 1 an închisoare de Judecătoria Arad, sentinţa rămânând definitivă prin neapelare. În acest caz:","A. inculpatul poate face oricând contestaţie în anulare, dacă judecata a avut loc fără participarea procurorului, care era obligatorie potrivit legii
B. persoana vătămată poate formula cerere de revizuire la instanţa civilă asupra laturii civile, în cazul în care nu a fost legal citată
C. dacă este admisă cererea inculpatului X de redeschidere a procesului penal, instanţa se va pronunţa prin încheiere ce poate fi atacată doar o dată cu fondul.",C
