1.  În materia divortului:,"A. în cazul unei cereri întemeiate pe motivul că a existat o separare în fapt între soţi care a durat cel puţin doi ani, dacă pârâtul este de acord cu divorţul, instanţa va pronunţa o hotărâre prin care va reţine culpa lor comună
B. divorţul prin acordul soţilor poate fi admis chiar dacă unul dintre soţi este pus sub interdicţie
C. în cazul în care instanţa constată că, din cauza unor motive temeinice, raporturile dintre soţi sunt grav vătămate şi continuarea căsătoriei nu mai este posibilă, poate pronunţa divorţul din culpa comună a soţilor, chiar dacă numai unul dintre aceştia a formulat cerere de divorţ, dacă din probele administrate rezultă culpa ambilor soţi",C
2.  În materia filiaţiei:,"A. acţiunea în stabilirea paternităţii din afara căsătoriei nu poate fi pornită împotriva moştenitorilor pretinsului tată
B. acţiunea în tăgada paternităţii nu poate fi formulată de moştenitorii pretinsului tată biologic
C. acţiunea în contestaţia filiaţiei unui copil născut în data de 01.11.2011, înregistrată pe rolul instanţei în data de 15.02.2018, este supusă dispoziţiilor Codului civil din 2009",C
3.  În materia obligaţiei legale de întreţinere:,"A. dacă creditorul întreţinerii a decedat în perioada corespunzătoare unei rate, întreţinerea este datorată proporţional cu perioada cât a fost în viaţă
B. cel care a executat de bunăvoie obligaţia de întreţinere poate că ceară restituirea întreţinerii, pe temeiul plăţii nedatorate, de la cel care avea, în realitate, obligaţia să o presteze
C. pensia de întreţinere poate fi acordată şi pentru o perioadă anterioară introducerii cererii de chemare în judecată, dacă aceasta a fost întârziată din culpa debitorului",C
4.  În materia autorităţii părinteşti:,"A. părintele minor care a împlinit vârsta de 14 ani nu are drepturile şi îndatoririle părinteşti cu privire la bunurile copilului
B. drepturile şi îndatoririle părinţilor cu privire la bunurile copilului sunt aceleaşi cu cele ale tutorelui, însă nu se întocmeşte inventarul prevăzut de lege, chiar dacă minorul are şi alte bunuri decât cele de uz personal
C. decăderea din exerciţiul drepturilor părinteşti poate fi dispusă de autorităţile administraţiei publice cu atribuţii în domeniul protecţiei drepturilor copilului, dacă părintele pune în pericol dezvoltarea acestuia prin consumul de alcool sau stupefiante",A
5.  În materie de nedemnitate judiciară:,"A. poate fi declarată nedemnă de a moşteni persoana care, din eroare, a distrus testamentul defunctului
B. introducerea acţiunii în declararea nedemnităţii valorează motiv de repunere în termenul de opţiune succesorală pentru reclamant
C. efectele nedemnităţii nu pot fi înlăturate prin amnistie intervenită după condamnare şi nici prin graţiere",C
6.  În materie de moştenire legală:,"A. soţul supravieţuitor îl moşteneşte pe soţul decedat dacă, la data deschiderii moştenirii, nu există o hotărâre de divorţ definitivă
B. cota soţului supravieţuitor este de o jumătate din moştenire dacă vine în concurs cu sora tatălui defunctului
C. în cazul în care colateralii ordinari vin la moştenire prin reprezentare succesorală, moştenirea sau partea din moştenire ce li se cuvine se împarte între ei pe tulpină",A
7.  Cu privire la vocaţia multiplă la moştenire:,"A. dacă din testament rezultă că defunctul a intenţionat să diminueze cota ce i s-ar fi cuvenit legatarului ca moştenitor legal, acesta din urmă poate opta doar ca legatar, numai atunci când i-a fost încălcată rezerva succesorală
B. legatarul chemat la moştenire şi ca moştenitor legal este obligat să accepte moştenirea în cel puţin una dintre calităţi
C. legatarul, descendent de gradul V al defunctului, chemat la moştenire şi ca moştenitor legal, ca regulă, îşi va putea exercita opţiunea în oricare dintre aceste calităţi",C
8.  În ceea ce priveşte exercitarea dreptului de opţiune succesorală:,"A. creditorii succesibilului nu pot accepta moştenirea, pe cale oblică, în vederea îndestulării creanţei lor
B. renunţarea la totalitatea drepturilor asupra unei moşteniri, chiar gratuită, în folosul unui moştenitor determinat constituie un act de administrare definitivă şi, ca atare, un act de acceptare tacită a moştenirii
C. legatarul cu titlu particular răspunde pentru pasivul moştenirii culese de testator şi nelichidate încă, dacă legatul are ca obiect acea moştenire",C
"9.  În materia viciilor de consimţământ, eroarea:","A. poate conduce la anularea unui contract de tranzacţie, chiar atunci când este nescuzabilă
B. nu poate conduce la declararea nulităţii relative a unui contract de comodat, dacă poartă asupra unui fapt care, după împrejurări, putea fi cunoscut cu diligenţe rezonabile
C. poate fi invocată cu privire la interpretarea dispoziţiilor legale, chiar dacă acestea sunt accesibile şi previzibile",B
10.  Constituie excepţie de la principiul forţei obligatorii în materia efectelor contractului:,"A. încetarea contractului de întreţinere încheiat pe durată determinată din cauza morţii creditorului întreţinerii, dacă aceasta a survenit înainte de expirarea duratei contractului
B. tacita relocaţiune
C. cazul în care părţile au convenit, la încheierea contractului, posibilitatea prelungirii efectelor acestuia sau a reînnoirii sale",A
11.  Reprezintă o aplicaţie a conversiunii actului juridic civil:,"A. cazul manifestării de voinţă care e nulă ca vânzare, dar valorează antecontract de vânzare
B. refacerea actului juridic nul
C. novaţia",A
12.  Este prescriptibil extinctiv dreptul la acţiunea având ca obiect:,"A. repararea prejudiciului adus mediului înconjurător
B. constatarea inexistenţei dreptului de creanţă al pârâtului locatar vizând contravaloarea îmbunătăţirilor pretins aduse imobilului reclamantului locator
C. partajul folosinţei unui bun comun",A
13.  Repunerea în termenul de prescripţie extinctivă:,"A. poate fi dispusă, din oficiu, chiar de către un organ de jurisdicţie necompetent
B. intervine numai în cazurile expres prevăzute de lege
C. constituie o instituţie juridică al cărei regim se aplică şi termenului de opţiune succesorală",C
"14.  Superficiarul, proprietar exclusiv al unei construcţii edificate pe un teren, nu poate exercita:","A. acţiunea confesorie de superficie împotriva proprietarului terenului;
B. acţiunea de partaj având ca obiect terenul, promovată în contradictoriu cu proprietarul acestuia
C. acţiunea posesorie",B
15.  Clauza de inalienabilitate stipulată într-un contract de vânzare:,"A. nu poate opri transmiterea bunului către moştenitorii legali ai cumpărătorului
B. pentru a fi opozabilă, nu trebuie, în niciun caz, să fie supusă formalităţilor de publicitate
C. îşi produce efectele juridice conform legii în vigoare la momentul încălcării clauzei de către cumpărător",A
16.  Acţiunea în revendicare imobiliară:,"A. poate fi admisă în cazul în care este introdusă de comodatar, chiar şi împotriva proprietarului
B. a unui bun comun poate fi formulată de către un singur coproprietar chiar dacă ceilalţi coproprietari se opun
C. nu poate fi introdusă împotriva posesorului de bună-credinţă",B
"17.  Violenţa, ca viciu al posesiei:","A. are caracter permanent şi absolut
B. poate să privească dobândirea posesiei sau conservarea acesteia
C. poate fi invocată numai în privinţa posesiei bunurilor imobile",B
18.  În materia gestiunii de afaceri:,"A. geratul trebuie să aibă capacitate deplină de exerciţiu la momentul gestionării în mod voluntar şi oportun a afacerilor sale de către gerant
B. obiectul acesteia poate privi numai încheierea actelor juridice
C. geratul trebuie să restituie gerantului cheltuielile care, fără a fi necesare ori utile, au fost efectuate pe perioada gestiunii, numai în măsura în care i-au procurat geratului vreun avantaj",C
"19.  Prejudiciul, în materia răspunderii civile delictuale:","A. se repară integral, numai prin echivalent, dacă fapta ilicită a fost săvârşită cu intenţie directă
B. poate fi reparat prin plata unei despăgubiri stabilite printr-o convenţie încheiată între victimă şi autorul prejudiciului, doar dacă aceasta îmbracă forma autentică
C. în caz de vătămare a integrităţii corporale sau a sănătăţii, poate fi reparat prin acordarea şi a unei despăgubiri victimei pentru restrângerea posibilităţilor sale de viaţă familială şi socială",C
20.  Rezoluţiunea judiciară:,"A. operează retroactiv de la data introducerii cererii de chemare în judecată
B. se dispune numai dacă debitorul este de drept în întârziere
C. se poate dispune pentru o parte a contractului, numai atunci când executarea sa este divizibilă",C
21.  Punerea în întârziere:,"A. prin notificarea de către creditor a unuia dintre codebitorii solidari produce efecte şi în privinţa celorlalţi
B. prin notificarea debitorului făcută de unul dintre creditorii solidari nu produce efecte în privinţa celorlalţi creditori
C. poate fi făcută prin notificare scrisă, care se comunică debitorului numai prin executor judecătoresc",A
22.  Poate forma obiect al cesiunii:,"A. creanţa viitoare, caz în care actul trebuie să cuprindă elementele care permit identificarea creanţei cedate
B. dreptul creditorului de a primi prestaţiile necesare întreţinerii şi îngrijirii sale stabilite într-un contract de întreţinere pe durată determinată
C. dreptul de abitaţie al soţului supravieţuitor",A
23.  În cazul sublocaţiunii:,"A. dacă bunul este mobil, aceasta nu este permisă decât cu acordul scris al locatorului
B. interdicţia de a o încheia nu include şi interdicţia de a ceda locaţiunea
C. aceasta nu poate avea ca obiect, în niciun caz, o parte din bunul dat în locaţiune",A
24.  În materia contractului de donaţie:,"A. donatorul răspunde numai pentru doi şi culpă gravă în executarea contractului
B. în cazul donaţiei cu sarcini, numai dacă valoarea acestora depăşeşte valoarea bunului donat, donatorul răspunde pentru evicţiune
C. desfacerea căsătoriei prin divorţ atrage nulitatea absolută a donaţiei făcute între soţi",A
25.  În materia vânzării:,"A. în cazul unui imobil determinat cu indicarea suprafeţei şi a preţului pe unitatea de măsură, dacă însă suprafaţa reală se dovedeşte a fi mai mare decât cea stipulată, iar excedentul nu depăşeşte a douăzecea parte din suprafaţa convenită, cumpărătorul este dator să plătească preţul acestui excedent
B. dacă nu s-a convenit altfel, măsurarea şi cântărirea bunului sunt în sarcina cumpărătorului
C. dacă nu s-a convenit altfel, în cazul vânzării după mostră sau model, cumpărătorul nu are dreptul la fructele produse de bun în intervalul de timp cuprins între momentul încheierii contractului şi cel al predării bunului",C
"26.  În procesul civil desfăşurat în faţa instanţelor române, un pârât, cetăţean străin, care nu înţelege şi nu vorbeşte limba română:","A. va putea întocmi întâmpinarea în limba sa maternă
B. are dreptul să solicite verbal, prin traducător autorizat, dacă legea nu prevede altfel, admiterea unei excepţii procesuale
C. nu poate fi chemat de către instanţă să se înfăţişeze în persoană în faţa acesteia, în sala de judecată, dacă este reprezentat de mandatar, cetăţean român, cu procură generală",B
27.  Este de competenţa materială de soluţionare în primă instanţă a judecătoriei:,"A. cererea principală privind constatarea masei succesorale, dar numai atunci când valoarea acesteia este de până la 200.000 lei inclusiv
B. cererea principală privind reducţiunea liberalităţilor excesive, când valoarea rezervei succesorale încălcate este de peste 200.000 lei
C. cererea în vederea pronunţării unei hotărâri prealabile pentru dezlegarea unor probleme de drept, dacă a fost formulată în faţa acesteia",B
28.  Conflictul de competenţă ivit între două secţii specializate ale aceluiaşi tribunal:,"A. se judecă de secţia curţii de apel corespunzătoare specializării secţiei înaintea căreia s-a ivit conflictul
B. se judecă cu citarea părţilor, conform normelor privind citarea în procesele urgente
C. se soluţionează în camera de consiliu, printr-o încheiere nesupusă vreunei căi de atac",A
29.  Strămutarea procesului pentru motiv de bănuială legitimă se poate cere:,"A. şi de către procuror, numai când participarea sa la judecată este obligatorie conform legii
B. şi în recurs
C. de către partea interesată, cu darea unei cauţiuni în cuantum de 1.000 lei",B
"30.  Împotriva încheierii de anulare a cererii de chemare în judecată, pronunţate în etapa regularizării cererii:","A. reclamantul va putea face numai cerere de reexaminare, care, în caz de admitere, va determina repartizarea aleatorie a cauzei la un alt complet al instanţei respective
B. se poate formula cerere de reexaminare de către partea interesată în termen de 15 zile de la data pronunţării încheierii
C. pârâtul nu are la dispoziţie nicio cale de atac",C
"31.  În ipoteza în care reclamantul îşi modifică cererea introductivă de instanţă având ca obiect revendicare imobiliară, prin adăugarea unui nou capăt de cerere privind despăgubiri materiale:","A. întâmpinarea la cererea modificatoare depusă la dosar de către pârât cu 15 zile înaintea termenului de judecată fixat nu este formulată cu respectarea termenului legal
B. cererea modificatoare depusă la dosar la cel de-al doilea termen de judecată este tardivă, chiar dacă reclamantul nu a fost legal citat pentru primul termen de judecată
C. pârâtul va putea formula cerere reconvenţională faţă de pretenţiile reclamantului inserate în cererea modificatoare, urmând ca aceasta să se depună la dosar cel mai târziu până la termenul ce se va încuviinţa pârâtului în acest scop",C
32.  Nu este susceptibilă a forma obiect al contestaţiei în anulare:,"A. încheierea prin care soluţionarea unei cauze a fost declinată de la o secţie a unei instanţe către o altă secţie specializată a aceleiaşi instanţe
B. hotărârea prin care înalta Curte de Casaţie şi Justiţie a luat act de renunţarea la judecata cererii de chemare în judecată în etapa procesuală a recursului
C. decizia instanţei de apel care, potrivit legii, nu poate fi atacată cu recurs, atunci când instanţa de apel nu s-a pronunţat asupra unuia dintre apelurile declarate în cauză",A
33.  Cererea de încuviinţare a executării silite:,"A. este de competenţa de soluţionare în primă instanţă a judecătoriei în a cărei circumscripţie se află, la data sesizării instanţei, domiciliul sau, după caz, sediul debitorului
B. se trimite instanţei de executare de către creditor în termen de maximum 3 zile de la înregistrarea cererii la executorul judecătoresc
C. se respinge atunci când titlul este reprezentat de o hotărâre judecătorească, prin al cărei dispozitiv s-a constatat exclusiv inexistenţa dreptului de proprietate al pârâtului asupra imobilului aflat în posesia reclamantului",C
34.  În procedura specială a evacuării din imobilele folosite sau ocupate fără drept:,"A. spre deosebire de procedura ordonanţei preşedinţiale, părţile se citează, în primă instanţă, în toate cazurile
B. spre deosebire de procedura de drept comun a evacuării, nu se permite pârâtului să formuleze întâmpinare şi cerere de chemare în garanţie
C. hotărârea primei instanţe prin care a fost admisă cererea de evacuare este executorie provizoriu de drept",C
35.  În procesul civil:,"A. în lipsa reclamantului, nelegal citat pentru primul termen de judecată ca urmare a inserării în citaţie a unui număr greşit de dosar, pârâtul prezent poate invoca neregularitatea procedurii de citare a reclamantului, însă numai la acel prim termen
B. sancţiunea care poate interveni în cazul citaţiei în al cărei cuprins nu se menţionează dispoziţia judecătorului de scurtare a termenului prevăzut de lege pentru înmânarea acesteia este nulitatea condiţionată de existenţa unei vătămări prezumate de lege
C. în toate cazurile, instanţa poate hotărî asupra unei cereri numai dacă părţile au fost legal citate ori s-au prezentat, personal sau prin reprezentant",A
36.  Citaţia pentru primul termen de judecată se înmânează pârâtului:,"A. stabilit pentru soluţionarea unei cereri având ca obiect emiterea unei ordonanţe de plată
B. cu 3 zile înaintea termenului de judecată stabilit pentru soluţionarea în primă instanţă a unei cereri având ca obiect instituirea măsurii sechestrului asigurător
C. cu cel puţin 10 zile înaintea termenului de judecată stabilit pentru soluţionarea în primă instanţă a unei cereri de partaj judiciar, dacă reclamantul cere atribuirea bunului",A
37.  Revizuirea:,"A. se aseamănă cu contestaţia în anulare în privinţa regimului juridic al întâmpinării
B. se deosebeşte de contestaţia în anulare prin aceea că, în cazul în care se invocă motive care atrag competenţe diferite, nu operează prorogarea competenţei
C. se aseamănă cu contestaţia în anulare prin aceea că termenul de exercitare curge de la momente diferite, în funcţie de motivul invocat",A
38.  Este supusă numai recursului:,"A. hotărârea prin care prima instanţă a respins cererea de chemare în judecată, fără a se pronunţa pe fondul acesteia, pentru considerentul că părţile s-au opus introducerii în cauză a terţului, iar judecătorul a apreciat că pricina nu putea fi soluţionată fără participarea acestuia
B. hotărârea prin care prima instanţă a respins cererea de chemare în judecată ca inadmisibilă, întrucât aceasta era de competenţa unui organ fără activitate jurisdicţională
C. hotărârea prin care prima instanţă a respins, pentru lipsa calităţii procesuale active, cererea de chemare în judecată având ca obiect grăniţuire",B
39.  În materia executării silite:,"A. sancţiunea ce poate interveni în privinţa actelor de executare efectuate de către un executor judecătoresc necompetent este nulitatea condiţionată de existenţa unei vătămări produse debitorului
B. întâmpinarea formulată de creditor împotriva contestaţiei la executare promovate de debitor vizând anularea executării silite înseşi nu poate cuprinde excepţii procesuale
C. încheierile executorului judecătoresc pot forma obiect al contestaţiei la executare, în cazurile în care acestea nu sunt, potrivit legii, definitive",C
"40.  Spre deosebire de procedura ordonanţei de plată, în procedura cu privire la cererile de valoare redusă:","A. poate fi încuviinţată proba cu expertiză, dacă administrarea acesteia nu necesită cheltuieli disproporţionate în raport cu valoarea cererii de chemare în judecată sau a cererii reconvenţionale
B. introducerea căii de atac împotriva hotărârii de admitere a cererii nu suspendă de drept executarea acesteia
C. încheierea prin care prima instanţă ia act de declaraţia creditorului în sensul că a primit plata sumei datorate şi dispune închiderea dosarului este definitivă",A
41.  În materia procedurii necontencioase judiciare:,"A. judecătorul care soluţionează cauza nu poate fi recuzat
B. nu se poate ivi un conflict negativ de competenţă între o judecătorie şi un tribunal aflate în circumscripţia aceleiaşi curţi de apel
C. poate declara apel împotriva încheierii de soluţionare a cererii pronunţate de judecătorie orice persoană interesată, chiar dacă nu a fost citată în proces",
42.  Cererea de chemare în judecată formulată de o persoană fizică cu capacitate de exerciţiu restrânsă:,"A. se anulează, dacă nu a fost confirmată până la termenul acordat în acest sens
B. este supusă verificării şi regularizării doar în măsura în care a fost confirmată
C. nu se poate perima, chiar dacă a rămas în nelucrare din motive imputabile părţii, timp de 6 luni",A
43.  Succesorul cu titlu particular al unui drept litigios:,"A. nu este obligat să intervină în cauza înstrăinătorului, chiar dacă are cunoştinţă de existenţa procesului, hotărârea ce se va pronunţa nefiindu-i opozabilă
B. poate fi introdus în cauză, la cerere sau din oficiu
C. care a fost introdus în cauză din oficiu, va putea invoca nulitatea procedurii de citare a înstrăinătorului pentru un termen de judecată anterior, chiar dacă avocatul acestuia din urmă, prezent la acel termen, nu a cerut amânarea procesului pentru motivul nelegalei citări",B
44.  Incompatibilitatea judecătorului:,"A. impune obligaţia acestuia de a se abţine de la judecarea pricinii, numai dacă incompatibilitatea este absolută
B. poate fi invocată printr-o cerere de recuzare formulată de un chemat în garanţie, caz în care recuzarea împiedică efectuarea actelor de procedură până la soluţionarea sa, cu excepţia celor urgente
C. se poate invoca în ipoteza în care între o parte şi fratele judecătorului a existat un proces penal început în urmă cu 3 ani înainte ca judecătorul să fie desemnat să judece cauza",C
45.  Curatorul special în procesul civil:,"A. poate fi numit fie de către instanţa care judecă procesul, fie de către barou, dintre avocaţii anume desemnaţi în acest scop
B. poate solicita, odată cu încetarea calităţii sale, ţinându-se seama de activitatea desfăşurată, majorarea remuneraţiei provizorii, stabilite de barou
C. va fi numit pentru reprezentarea intereselor pârâtului, persoană fizică, odată cu încuviinţarea citării acestuia din urmă prin publicitate",C
46.  Cererea de intervenţie voluntară principală:,"A. este admisibilă în principiu, atunci când este formulată verbal în etapa procesuală a apelului şi există acordul expres al părţilor
B. depusă după închiderea dezbaterilor în primă instanţă asupra fondului cererii principale, va determina repunerea cauzei pe rol, din oficiu, în vederea discutării admisibilităţii sale în principiu
C. nu poate fi disjunsă de cererea principală pentru a fi judecată separat atunci când intervenientul pretinde pentru sine, în parte, însuşi dreptul dedus judecăţii prin cererea principală",C
"47.  În situaţia în care, prin hotărârea pronunţată, prima instanţă a obligat pârâtul la plata preţului pretins al bunului, dar a omis să se pronunţe asupra dobânzii solicitate prin cererea de chemare în judecată, reclamantul poate formula, în vederea înlăturării acestei neregularităţi:","A. numai cerere de completare a hotărârii
B. cerere de revizuire
C. cerere de apel",B
48.  În materia probelor în procesul civil:,"A. prezumţiile judiciare, care au greutatea şi puterea de a naşte probabilitatea faptului pretins, pot fi primite atunci când se cere lămurirea clauzelor unui act juridic încheiat în forma scrisă prevăzută de lege pentru dovedirea sa
B. mărturisirea judiciară poate fi revocată numai în cazul în care a fost urmarea unei erori cu privire la aplicarea unui text legal
C. dacă pârâtul a denunţat ca fals înscrisul prezentat de reclamant în proces, indicându-l drept complice pe reclamant, instanţa va suspenda obligatoriu judecata procesului",A
"49.  Decesul reclamantului intervenit după închiderea dezbaterilor în fond a procesului, în intervalul de timp aferent amânării pronunţării:","A. nu împiedică pronunţarea hotărârii
B. impune obligaţia instanţei de a repune cauza pe rol în vederea introducerii în cauză a moştenitorilor reclamantului, dacă aceştia au fost indicaţi prin cerere scrisă, depusă prin serviciul de registratură al instanţei, după reţinerea cauzei în pronunţare
C. impune obligaţia instanţei de a repune cauza pe rol, citând părţile, reclamantul la ultimul domiciliu, pe numele moştenirii, fără a se indica numele şi calitatea fiecărui moştenitor, în vederea declarării nulităţii cererii de chemare în judecată pentru lipsa capacităţii procesuale de folosinţă a reclamantului",A
50.  În procedura contencioasă:,"A. instanţa nu se va mai pronunţa, prin hotărâre, asupra cererii de intervenţie voluntară accesorie, formulate de un terţ în interesul pârâtului-reclamant şi admise în principiu, dacă cererea principală a fost admisă, iar cererea reconvenţională a fost respinsă ca rămasă fără obiect
B. pârâtul chiriaş chemat în judecată printr-o cerere având ca obiect evacuarea sa dintr-un imobil nu are dreptul să formuleze cerere de arătare a titularului dreptului real asupra imobilului
C. terţul introdus forţat în cauză de către instanţă, din oficiu, poate renunţa la dreptul subiectiv civil doar cu acordul pârâtului",B
"51.  X a comis o infracţiune de ameninţare, pentru care legea prevede închisoarea de la 3 luni la un an sau amenda, iar instanţa a aplicat pedeapsa amenzii. Cunoscând că această infracţiune a fost săvârşită în termenul:","A. de supraveghere al suspendării sub supraveghere a executării unei pedepse, se va revoca suspendarea
B. prescripţiei răspunderii penale pentru o infracţiune de ucidere din culpă, se va reţine pluralitatea intermediară
C. de supraveghere al amânării aplicării unei pedepse, amânarea se revocă numai dacă infracţiunea a fost descoperită în termenul de supraveghere",C
52.  În ipoteza în care un bun a fost modificat în scopul comiterii unei infracţiuni:,"A. bunul respectiv nu va putea fi confiscat dacă nu a fost folosit efectiv la comiterea faptei
B. dacă bunul aparţine unui terţ care nu a cunoscut scopul folosirii, se va confisca de la făptuitor echivalentul în bani al bunului, fără a interesa disproporţia vădită între valoarea sa şi natura şi gravitatea faptei
C. acesta va face obiectul confiscării doar dacă nu serveşte la despăgubirea persoanei vătămate prin comiterea faptei la care a fost folosit",B
53.  Reabilitarea judecătorească:,"A. nu poate fi dispusă niciodată în cazul condamnării pentru o infracţiune intenţionată urmată de moartea victimei
B. va fi anulată dacă în termenul reabilitării se consumă o infracţiune continuată, descoperită şi epuizată ulterior acordării reabilitării
C. poate interveni în cazul concursului format din infracţiuni pentru care s-au aplicat doar pedepse cu închisoarea, după împlinirea unui termen de reabilitare calculat în raport de durata pedepsei rezultante",B
54.  Amânarea aplicării pedepsei:,"A. nu poate fi dispusă niciodată în cazul pedepsei amenzii
B. nu va fi dispusă în cazul persoanei care comite infracţiunea în timpul minorităţii, dar este judecată pentru aceasta ulterior împlinirii vârstei de 18 ani
C. permite dispunerea măsurii de siguranţă a confiscării extinse faţă de inculpat",B
55.  Acţionează în condiţiile stării de necesitate:,"A. mama care ameninţă medicul de la spital pentru că acesta i-a lovit copilul în timp ce îl examina
B. turistul care, fiind atacat de un urs, intră prin efracţie în cabana unui pădurar, în încercarea de a scăpa
C. tatăl care comite furtul la care a fost obligat de cel care îi răpise copilul şi care ameninţa că va ucide copilul dacă furtul nu va fi săvârşit",B
56.  Până la înlocuirea amenzii cu pedeapsa închisorii în cazul condamnatului care cu rea-credinţă nu execută pedeapsa amenzii:,"A. curge termenul prescripţiei răspunderii penale pentru acea infracţiune
B. se execută pedeapsa complementară a interzicerii exercitării unor drepturi, dacă a fost aplicată prin hotărârea de condamnare
C. comiterea unei noi infracţiuni conduce la reţinerea stării de recidivă postcondamnatorie",B
57.  În cazul infracţiunii continue:,"A. este posibil ca aceasta să îmbrace forma unei infracţiuni complexe
B. aceasta poate face obiectul unei amnistii antecondamnatorii dacă este consumată anterior intrării în vigoare a legii de amnistie, dar epuizată ulterior
C. orice întrerupere va conduce în mod necesar la apariţia unei pluralităţi de infracţiuni",A
58.  Infracţiunea comisivă prin omisiune:,"A. exclude existenţa tentativei
B. permite participaţia penală sub forma complicităţii
C. are întotdeauna subiect activ calificat",B
"59.  A i-a determinat pe B şi C să comită un furt din casa victimei, profitând de absenţa acesteia. B a pătruns în curte, iar C a rămas de pază în stradă. Pe când B încerca să deschidă uşa locuinţei, a fost imobilizat de poliţie, chemată de C, care a fost cuprins de remuşcări. În acest caz:","A. B va răspunde penal doar pentru infracţiunea de violare de domiciliu
B. pentru C va fi incidenţă cauza de nepedepsire a împiedicării săvârşirii infracţiunii
C. cauza de nepedepsire se va răsfrânge şi asupra lui A, în măsura în care acesta a cunoscut-o sau a prevăzut-o",B
"60.  Circumstanţa săvârşirii infracţiunii de către un infractor major, dacă aceasta a fost comisă împreună cu un minor:","A. este o circumstanţă reală
B. se va reţine şi în sarcina minorilor care răspund penal, dacă aceştia au cunoscut sau au prevăzut minoritatea altor participanţi
C. nu se reţine în cazul în care chiar minorul instigă majorul să comită infracţiunea",A
61.  Dacă se comite o infracţiune de ucidere din culpă în formă agravată pentru care legea prevede pedeapsa închisorii de la 2 la 7 ani:,"A. de către un infractor major în timpul executării măsurii internării într-un centru educativ se va reţine pluralitatea intermediară
B. de către un infractor minor, instanţa va putea lua măsura internării într-un centru de detenţie pe o durată de cel mult 5 ani
C. pedeapsa de un an închisoare aplicată de instanţa sesizată cu un acord de recunoaştere a vinovăţiei este legală",B
62.  În cazul persoanei juridice:,"A. este posibil ca în raport de acelaşi rezultat prevăzut de legea penală, să se reţină culpa în cazul persoanei fizice şi intenţia în cazul persoanei juridice
B. nu este posibilă angajarea răspunderii penale fără tragerea la răspundere penală a vreunei persoane fizice
C. o instituţie publică de învăţământ superior nu poate răspunde penal niciodată",A
"63.  Eroarea cu privire la caracterul ilicit al faptei prevăzute de legea penală:
[GRILĂ ANULATĂ]","A. înlătură caracterul nejustificat al faptei
B. poate conduce la reţinerea unei circumstanţe atenuante judiciare
C. produce aceleaşi efecte ca eroarea asupra elementelor constitutive",B
64.  Infracţiunea de lipsire de libertate în mod ilegal:,"A. se va reţine în concurs cu infracţiunea de ultraj judiciar atunci când X, din răzbunare pentru trimiterea sa în judecată de către un procuror, l-a legat pe acesta de un scaun, victima fiind descoperită o oră mai târziu
B. se poate comite prin răpire chiar şi atunci când victima are posibilitatea de a se deplasa singură
C. nu se poate comite în coautorat daca fapta se săvârşeşte de către o persoana înarmată şi asupra unui minor",B
65.  Infracţiunea de omor calificat:,"A. A.	din interes material se va reţine în sarcina lui X care, pentru a-l determina pe Y să îi dea motocicleta, îl loveşte pe acesta cu o bară de fier, Y decedând ca urmare a leziunilor cauzate
B. pentru a înlesni săvârşirea unei alte infracţiuni se poate reţine în concurs cu tentativa la infracţiunea de agresiune sexuală
C. cu premeditare nu se poate reţine niciodată în concurs cu infracţiunea de ucidere din culpă",B
66.  Infracţiunea de ucidere din culpă:,"A. nu se poate reţine în concurs formal cu o altă infracţiune de ucidere din culpă
B. în forma de bază nu se poate reţine niciodată în sarcina unei persoane care are calitatea de medic salariat la un spital
C. comisă ca urmare a nerespectării dispoziţiilor legale ori măsurilor de prevedere pentru exerciţiul unei profesii se reţine întotdeauna în concurs formal cu infracţiunea de neglijenţă în serviciu",A
67.  Infracţiunea de mărturie mincinoasă:,"A. se va reţine atunci când partea responsabilă civilmente refuză să dea o declaraţie într-o cauză penală, cu scopul de a-l favoriza pe inculpat
B. se va reţine întotdeauna atunci când martorul, pentru a nu se autoincrimina, refuză să răspundă la una dintre întrebările adresate acestuia de către procuror
C. se poate reţine în sarcina unui expert judiciar dintr-o cauză civilă",C
68.  Infracţiunea de influenţare a declaraţiilor:,"A. are subiect activ special
B. nu se pedepseşte atunci când este comisă de un membru de familie al inculpatului
C. nu se va reţine în sarcina lui X care o ameninţă pe Y că o va ucide dacă nu va spune adevărul în fata instanţei atunci când va fi audiată în calitate de martor, X având cunoştinţă de faptul că Y fusese plătită cu două ore înainte de către Z să dea o declaraţie mincinoasă în acea cauză",C
69.  Infracţiunea de violare de domiciliu:,"A. permite reţinerea circumstanţei agravante generale a săvârşirii faptei de trei sau mai multe persoane împreună
B. se reţine şi în cazul pătrunderii în domiciliu atunci când are loc cu consimţământul persoanei care locuieşte acolo
C. se reţine şi atunci când X pătrunde într-o livadă la intrarea căreia se găseşte un panou de atenţionare prin care se interzice accesul",A
70.  Infracţiunea de şantaj:,"A. se poate reţine în concurs cu infracţiunea de viol, comisă asupra aceluiaşi subiect pasiv
B. nu se poate reţine decât atunci când autorul urmăreşte obţinerea în mod injust a unui folos patrimoniaL
C. se consumă în momentul în care X îi trimite o scrisoarelui Y în care îi scrie că îi va ucide familia dacă nu renunţă la acţiunea civilă îndreptată împotriva sa, chiar dacă scrisoarea nu mai ajunge la Y",A
71.  Infracţiunea de tâlhărie:,"A. se poate reţine în concurs formal cu infracţiunea de furt, cu privire la acelaşi obiect material
B. se reţine în concurs cu infracţiunea de loviri şi alte violenţe în sarcina lui X care, găsindu-l pe Y adormit, i-a sustras telefonul din buzunar, iar când Z, aflat în apropiere, a încercat să îl împiedice să plece cu telefonul, i-a aplicat lui Z un pumn
C. se va reţine în formă calificată în sarcina lui X, care pătrunde fără drept în sediul unei persoane juridice, de unde, prin exercitarea de violenţe asupra paznicului, sustrage mai multe bunuri",C
72.  lnfracţiunea de trafic de influenţă:,"A. se reţine în sarcina unui primar care cere o sumă de bani pentru a elibera mai repede o autorizaţie de construire
B. se reţine chiar dacă autorul nu indică explicit numele funcţionarului asupra căruia urmează să îşi traficheze influenţa
C. nu se reţine în sarcina lui X, care ii spune lui Y să transfere în contul amantei sale suma de bani pe care i-a pretins-o pentru exercitarea influenţei asupra unui funcţionar",B
73.  Falsul intelectual:,"A. nu are incriminată tentativa, fiind o infracţiune de pericol
B. se poate reţine în concurs cu infracţiunea de delapidare, atunci când este comis de un angajat al unei bănci cu capital privat
C. absoarbe întotdeauna infracţiunea de uz de fals",B
74.  Infracţiunea de furt:,"A. se reţine atunci când X, bijutier, după ce primeşte de la Y o pereche de cercei din aur pentru a fi reparaţi, îi restituie ulterior lui Y o pereche de cercei aparent identici, care însă erau doar placaţi cu aur
B. nu se poate reţine niciodată în sarcina unui funcţionar bancar care sustrage bani din seiful băncii
C. se  reţine atunci când clientul unui hotel pleacă acasă cu 50 de sticluţe sigilate cu săpun lichid pe care le ia din magazia hotelului",C
75.  Infracţiunea de tulburare de posesie:,"A. poate constitui o modalitate concretă de comitere a infracţiunii de ultraj
B. se reţine în concurs cu infracţiunea de tâlhărie calificată prin violare de domiciliu, atunci când X îi ameninţă pe Y că, dacă nu îi plăteşte pe loc datoria, nu va mai pleca de pe terenul agricol cultivat cu cartofi al acestuia
C. nu se poate reţine niciodată în concurs cu infracţiunea de distrugere",A
"76.  Într-o cauză penală în care inculpatul este cercetat de tribunal pentru tentativă la infracţiunea de omor, constând în aceea că, vrând să lovească cu un ciomag capul victimei, a nimerit-o în umăr, producându-i leziuni care au necesitat 12 zile îngrijiri medicale, principiul ne bis in idem este incident:","A. dacă, pentru fapta descrisă, inculpatul a fost deja condamnat prin altă hotărâre definitivă pentru infracţiunea de loviri sau alte violenţe
B. doar dacă instanţa schimbă încadrarea juridică a faptei şi îl condamnă pentru infracţiunea de loviri sau alte violenţe, aşa cum a fost deja condamnat definitiv printr-o hotărâre anterioară
C. doar dacă, în acelaşi timp, pentru fapta descrisă, inculpatul este cercetat şi de judecătorie, sub încadrarea juridică de loviri sau alte violenţe",A
"77.  După începerea cercetării judecătoreşti în fata primei instanţe, partea:","A. responsabilă civilmente poate fi introdusă în procesul penal, la cererea părţii civile, dar numai cu acordul inculpatului
B. civilă are dreptul să ceară instanţei penale, în cadrul dezbaterilor, repararea prejudiciului descoperit după constituirea ca parte civilă
C. civilă, cu ocazia audierii sale, poate solicita majorarea întinderii pretenţiilor arătate în constituirea de parte civilă",C
78.  Competenţa de judecare a unei cauze aparţine:,"A. curţii de apel, pentru infracţiunea de ucidere din culpă comisă de un avocat, chiar dacă, după citirea actului de sesizare, acesta a fost exclus din profesie
B. judecătoriei, atunci când, înainte de terminarea cercetării judecătoreşti, tribunalul a schimbat încadrarea juridică dată faptei pentru care era cercetat inculpatul din tentativă la infracţiunea de omor în infracţiunea de lovire sau alte violenţe
C. curţii militare de apel, ca instanţă superioară în grad, atunci când s-a procedat la reunirea unei cauze în care erau cercetaţi militari, care atrăgeau competenţa de judecată a acestei instanţe, cu o cauză în care erau cercetaţi militari şi civili, aflată în curs de judecată la tribunal",A
79.  Asistenţa juridică este obligatorie întotdeauna în cursul:,"A. urmăririi penale, pentru inculpatul major, cercetat în stare de libertate pentru săvârşirea infracţiunii de viol, pentru care legea prevede închisoare de la 3 la 10 ani
B. procedurii de cameră preliminară, pentru inculpatul major, dacă pedeapsa prevăzută de lege este închisoarea de la unu la 5 ani
C. cercetării judecătoreşti, pentru persoana vătămată, victimă a infracţiunii de act sexual cu un minor, chiar dacă aceasta a împlinit vârsta de 15 ani la momentul sesizării instanţei",C
80.  Mandatul de aducere faţă de un inculpat:,"A. este valabil maxim 24 de ore de la momentul emiterii sale
B. poate fi executat şi de poliţia militară, în anumite condiţii
C. poate fi emis în cursul urmăririi penale doar de judecătorul de drepturi şi libertăţi de la instanţa competentă să judece cauza în fond",B
81.  Un minor în vârstă de 10 ani:,"A. poate fi audiat ca martor, însă nu depune jurământ
B. nu poate fi audiat ca martor, existând prezumţia legală absolută a lipsei de discernământ
C. poate fi audiat ca martor, însă este obligatoriu ca la audiere să asiste un psiholog",A
"82.  În cursul urmăririi penale, percheziţia informatică poate fi dispusă:","A. indiferent de natura infracţiunii care face obiectul cercetării, în măsura în care este utilă cauzei
B. de procurorul care efectuează sau supraveghează urmărirea penală, în caz de pericol de disparţie a datelor informatice, cu obligaţia acestuia de a sesiza în termen de 48 de ore judecătorul de drepturi şi libertăţi de la instanţa căreia i-ar reveni competenţa să judece cauza în primă instanţă în vederea confirmării măsurii
C. numai în prezenta inculpatului arestat preventiv, asistat de un apărător desemnat din oficiu",A
"83.  Atunci când într-o cauză penală se dispune efectuarea unei expertize, expertul:","A. nu poate să aibă, concomitent, atât calitatea de expert desemnat de organul judiciar, cât şi pe aceea de expert recomandat de persoana vătămată să asiste la efectuarea expertizei
B. nu mai poate fi audiat de către instanţă după depunerea raportului de expertiză
C. după desemnarea sa de către instanţă, nu poate solicita lămuriri părţilor",A
84.  Reconstituirea:,"A. se efectuează în prezenţa obligatorie a avocatului unui inculpat judecat pentru tentativă la infracţiunea de omor
B. exclude prezenţa altor persoane în afara celei suspectate că ar fi comis fapta cercetată
C. nu poate fi dispusă în cursul urmăririi penale",A
85.  Perioada în care suspectul sau inculpatul a fost internat într-o instituţie de specialitate în vederea efectuării unei expertize psihiatrice se deduce din durata pedepsei pronunţate:,"A. numai dacă internarea a fost nevoluntară
B. numai dacă internarea a fost voluntară
C. indiferent dacă internarea a avut caracter voluntar sau nevoluntar",C
86.  Încheierea de respingere a plângerii formulată de inculpat împotriva ordonanţei procurorului de luare a măsurii controlului judiciar:,"A. poate fi atacată cu contestaţie în termen de 48 de ore de la pronunţare sau, după caz, de la comunicare
B. poate fi atacată cu plângere în termen de 48 de ore de la comunicare
C. nu poate fi atacată",C
87.  Măsura preventivă a controlului judiciar luată faţă de inculpat:,"A. poate fi menţinută prin sentinţă în cazul condamnării la pedeapsa închisorii cu suspendarea sub supraveghere a executării
B. va înceta de drept în cazul aplicării unei măsuri educative neprivative de libertate de către instanta de fond
C. nu poate fi prelungită de către procuror, dacă a fost dispusă de către judecătorul de drepturi şi libertăţi",A
"88.  Atunci când apelul a fost retras înăuntrul termenului de apel, hotărârea primei instanţe devine definitivă la data:","A. expirării termenului de apel
B. retragerii apelului
C. pronunţării sentinţei",A
"89.  Termenul de 3 zile pentru formularea contestaţiei împotriva măsurii asiguratorii luate de procuror printr-o ordonanţă comunicată suspectului marţi, 05.2019, expiră la data de:","A. 09.05.2019
B. 11.05.2019
C. 13.05.2019",C
"90.  Plângerea, ca mod de sesizare a organelor de urmărire penală:","A. se poate face şi de către unul dintre soţi pentru copilul său major, dacă este însuşită de acesta din urmă
B. nu se va respinge ca inadmisibilă, atunci când a fost adresată judecătoriei, în loc de parchetul în raza căruia s-a comis infracţiunea
C. va fi respinsă ca tardivă, dacă victima unei infracţiuni de înşelăciune a formulat-o după trecerea a trei luni de la data la care a aflat identitatea infractorului",B
91.  Calitatea unei persoane de inculpat într-o cauză penală:,"A. poate coexista cu cea de suspect, cercetat pentru o altă infracţiune, în aceeaşi cauză
B. nu poate fi dobândită în situaţia în care suspectul se sustrage de la urmărirea penală
C. este obligatorie pentru a putea dispune măsura reţinerii",A
92.  Extinderea urmăririi penale ca urmare a constatării unor fapte noi poate fi dispusă:,"A. numai de către procuror, indiferent dacă urmărirea penală a fost începută in rem sau efectuată în continuare in personam
B. şi de către judecătorul de drepturi şi libertăţi
C. de organul de cercetare penală în cazul în care urmărirea penală se efectuează faţă de un suspect, urmând a fi supusă confirmării motivate a procurorului care supraveghează urmărirea penală",C
93.  Suspendarea urmăririi penale:,"A. poate fi dispusă de organul de cercetare penală numai dacă boala gravă de care suferă suspectul sau inculpatul se constată printr-o expertiză medico-legală
B. împiedică efectuarea oricărui act de urmărire penală pe durata ei, deoarece aceasta ar încălca dreptul la apărare al suspectului sau inculpatului
C. se dispune şi pe perioada desfăşurării procedurii de mediere, potrivit legii",C
94.  Plângerea împotriva soluţiei de netrimitere în judecată:,"A. poate viza şi renunţarea la urmărire penală, dacă aceasta nu a fost confirmată de judecătorul de cameră preliminară
B. poate fi soluţionată prin schimbarea temeiului de drept al clasării
C. va fi respinsă ca nefondată atunci când, ulterior sesizării judecătorului de cameră preliminară, procurorul ierarhic superior a admis plângerea şi a dispus infirmarea soluţiei atacate",B
95.  În procedura de soluţionare a contestaţiei formulate împotriva încheierii prin care au fost respinse cererile şi excepţiile invocate de inculpat şi s-a dispus începerea judecăţii:,"A. se citează şi partea civilă
B. poate fi invocată de către inculpat excepţia necompetenţei teritoriale a organului de urmărire penală, dacă aceasta nu a fost invocată în fata judecătorului de cameră preliminară de la instanţa sesizată cu rechizitoriu
C. poate fi dispusă o soluţie de încetare a procesului penal în cazul în care părţile declară că se împacă",A
96.  Şedinţa de judecată este întotdeauna nepublică:,"A. atunci când se soluţionează plângerea împotriva măsurii controlului judiciar dispuse de procuror
B. atunci când la şedinţă asistă şi minori
C. atunci când se pune în discuţie o cerere de schimbare de încadrare juridică din infracţiunea de act sexual cu un minor în infracţiunea de viol",A
97.  Citirea actului de sesizare:,"A. nu se mai dispune de preşedintele completului de judecată, dacă inculpatul solicită judecarea în procedura recunoaşterii învinuirii
B. vizează fie rechizitoriul, fie acordul de recunoaştere a vinovăţiei cu care instanţa a fost sesizată
C. este prealabilă efectuării cercetării judecătoreşti",C
98.  Hotărârea prin care instanţa soluţionează acţiunea penală:,"A. nu poate să privească şi acţiunea civilă exercitată în cauză, dacă soluţia pronunţată este de încetare a procesului penal ca urmare a intervenirii prescripţiei răspunderii penale
B. nu poate fi atacată cu apel de soţia inculpatului, dacă acesta a avut apărător ales
C. poate fi atacată cu apel de martorul audiat în cauză, în ceea ce priveşte amenda judiciară care i-a fost aplicată prin sentinţă",C
99.  În cauzele cu infractori minori:,"A. nu este obligatorie citarea de către organele de urmărire penală a părinţilor sau, după caz, a altui reprezentant legal, la orice ascultare a minorului în calitate de suspect sau inculpat
B. admiterea cererii de judecare a cauzei în procedura recunoaşterii învinuirii poate avea loc dacă este încuviinţată de reprezentantul său legal, iar probele sunt suficiente pentru aflarea adevărului şi justa soluţionare a cauzei
C. la încheierea unui acord de recunoaştere a vinovăţiei limitele perioadei pe care se dispune măsura educativă privativă de libertate se reduc cu o treime, iar cele prin care se dispune o măsură educativă neprivativă de libertate se reduc cu o pătrime",B
100.  Admiterea în principiu a unei cereri de revizuire:,"A. atrage de drept suspendarea executării hotărârii a cărei revizuire se cere până la soluţionarea pe fond a cererii
B. se pronunţă prin încheiere care este supusă aceloraşi căi de atac ca şi hotărârea la care se referă revizuirea
C. este urmată de rejudecarea cauzei, cu posibilitatea readministrării probelor din cursul primei judecăţi",C
