1.  Dreptul de proprietate privată:,"A. are caracter relativ, spre deosebire de dreptul de proprietate publică
B. are caracter absolut, spre deosebire de dreptul de proprietate publică
C. în condiţiile legii, este susceptibil de modalităţi şi dezmembraminte, după caz.",C
2.  Este necesar acordul tuturor coproprietarilor:,"A. pentru încheierea unui contract de comodat cu privire la bunul comun
B. pentru încheierea unui contract de locaţiune a bunului comun mobil pe o durată de 2 ani
C. pentru încheierea unui contract de întreţinere, dacă proprietatea asupra bunului comun este transmisă în schimbul întreţinerii, însă numai în ipoteza în care în contract s-a stabilit că întreţinerea se datorează pentru toată durata vieţii creditorului întreţinerii",A
3.  Convenţia de partaj:,"A. trebuie încheiată în formă autentică, sub sancţiunea nulităţii absolute, dacă are că obiect cel puţin unimobil, indiferent de valoarea acestuia
B. este lovită de nulitate absolută, dacă un coproprietar, deşi avea capacitate de exerciţiu deplină, nu a participat la încheierea acesteia
C. nu se poate încheia niciodată în ipoteza coproprietăţii forţate.",AB
4.  Dreptul de superficie:,"A. este un drept temporar, ce poate fi constituit pe o durata de cel mult 99 de ani, fără posibilitatea reînnoirii, la împlinirea termenului
B. nu poate înceta pe calea partajului între superficiar şi proprietarul terenului
C. este un drept imprescriptibil extinctiv, acţiunea confesorie întemeiată pe dreptul de superficie putând fi intentată împotriva oricărei persoane care împiedică exercitarea dreptului, mai puţin împotriva proprietarului terenului.",B
5.  Cedentul unei creanţe:,"A. răspunde pentru evictiunea decurgând din fapta să proprie, dacă cesionarul nu poate să facă creanţă opozabilă terţilor
B. răspunde pentru evicțiunea decurgând din fapta sa proprie, dacă cesionarul nu dobândeşte creanţă în patrimoniul său
C. nu garantează nici măcar existenţa creanţei la data cesiunii, dacă cesiunea este cu titlu gratuit, fără posibilitatea părţilor de a stipula contrariul.",AB
6.  Remiterea de datorie:,"A. făcută debitorului principal îl liberează numai pe fideiusor, iar nu şi pe alte persoane ţinute pentru el
B. nu este prezumată în privinţa creanţei garantate dacă creditorul renunţă expres la un privilegiu sau la o ipotecă
C. dacă este convenită cu unul dintre fideiusori, ceilalţi rămân obligaţi să garanteze pentru tot, cu includerea părţii garantate de acesta, numai dacă au consimţit expres la exonerarea lui.",BC
7.  Confuziunea:,"A. ce operează prin reunirea calităţilor de creditor şi debitor nu profită fideiusorilor
B. ce operează prin reunirea calităţilor de fideiusor şi creditor ori de fideiusor şi debitor principal stinge obligaţia principală
C. ce operează prin reunirea calităţilor de creditor ipotecar şi de proprietar al bunului ipotecat stinge ipoteca, care însă va renaşte dacă creditorul este evins din orice cauza independentă de el.",C
8.  În executarea obligaţiilor civile:,"A. notificarea prin care unul dintre creditorii solidari pune în întârziere pe unul dintre codebitorii solidari produce efecte şi în privinţa celorlalţi debitori şi creditori
B. debitorul care îl pune în întârziere pe creditorul său, ce a refuzat, în mod nejustificat, plata oferită în mod corespunzător, nu este ţinut să restituie fructele culese după punerea în întârziere
C. atunci când în convenţia dintre creditor şi debitor s-a stipulat expres că, prin simplă împlinire a termenului stabilit pentru executare, debitorul se află de drept în întârziere, moştenitorii debitorului se vor afla de drept în întârziere, dacă obligaţia devine scadentă după decesul debitorului.",AB
9.  În ceea ce priveşte repararea prejudiciului în cazul răspunderii civile delictuale:,"A. dacă fapta ilicită a fost săvârşită de prepușii unor comitenţi diferiţi, comitentul care a plătit integral despăgubirile are drept de regres numai împotriva celorlalţi comitenţi şi a prepuşilor lor, proporţional cu partea ce corespunde contribuţiei fiecărui prepus la cauzarea prejudiciului
B. comitentul care a plătit despăgubirile se poate regresa împotriva părinţilor prepusului său minor, autor al faptei ilicite, dacă probează că aceasta constituie o exercitare necorespunzătoare a atribuţiilor prepusului din cauza modului în care părinţii şi-au îndeplinit îndatoririle părinteşti
C. notarul public care a autentificat un contract anulat prin hotărâre judecătorească definitivă, pentru o cauză de nulitate a cărei existenţă rezultă din însuşi textul acestuia, răspunde numai în limita prejudiciului nereparat prin anularea actului.",C
"10.  Spre deosebire de cazul acţiunii revocatorii, în ipoteza acţiunii oblice:","A. hotărârea judecătorească de admitere a acţiunii profită tuturor creditorilor, chiar dacă nu au intervenit în cauză, fără nicio preferinţă în favoarea creditorului care a exercitat acţiunea
B. creanţa invocată de creditor trebuie să fie certă
C. dispoziţiile în materie ale Codului civil din 2009 se aplică şi creditorilor ale căror creanţe s-au născut înainte de dată intrării sale în vigoare, dacă scadenţa se situează după această dată.",A
11.  În materia obligaţiei vânzătorului de garanţie contra viciilor ascunse ale bunului vândut:,"A. cumpărătorul poate obţine numai reducerea corespunzătoare a preţului sau rezoluțiunea vânzării
B. părţile pot conveni în mod valabil înlăturarea sau limitarea răspunderii vânzătorului atunci când acesta nu a cunoscut existenţa viciilor la data încheierii contractului
C. una dintre condiţiile legale ale angajării răspunderii este aceea că viciul sau cauza lui să existe la data predării bunului.",BC
12.  În materia contractului de consignaţie:,"A. reprezintă cauză de încetare a contractului, printre altele, moartea, dizolvarea, falimentul, interdicţia sau radierea consignantului ori a consignatarului
B. este nulă clauza prin care se constituie în favoarea consignatarului un drept de retenţie asupra bunurilor primite în consignaţie şi a sumelor cuvenite consignantului, pentru creanţele sale asupra acestuia
C. caracterul oneros al contractului nu este prezumat.",A
13.  Donatorul:,"A. nu răspunde, în niciun caz, pentru viciile ascunse ale bunului donat
B. în toate cazurile, răspunde pentru evictiune ca şi vânzătorul
C. poate cere fie executarea sarcinii, fie revocarea donaţiei, atunci când donatarul nu îndeplineşte sarcina la care s-a obligat.",C
14.  În materia împrumutului de consumaţie:,"A. dacă împrumutul este cu titlu gratuit, termenul de restituire este prezumat a fi în favoarea ambelor părţi
B. până la proba contrară, împrumutul care are că obiect o suma de bani, este prezumat a fi cu titlu oneros
C. în lipsa unei stipulatii contrare, împrumutul care nu are că obiect o suma de bani se prezumă a fi cu titlu gratuit.",BC
"15.  Potrivit regulilor devoluţiunii legale, în cazul în care moştenirea este acceptată de vărul primar V (copilul unchiului predecedat U1) şi de unchiul U2, moştenirea va fi culeasă de:","A. vărul primar V împreună cu unchiul U2, în cote egale
B. vărul primar V, în întregime
C. unchiul U2, în întregime.",C
16.  În materia moştenirii legale:,"A. poate fi reprezentat descendentul de gradul I, aflat în viaţă la data deschiderii succesiunii, chiar dacă este nedemn faţă de defunct
B. cota soţului supravieţuitor al defunctului în concurs cu moştenitorii legali aparţinând unor clase diferite se stabileşte ca şi când acesta ar veni la moştenire numai cu cea mai apropiată dintre ele
C. legatul lăsat nedemnului, după săvârşirea faptei care atrage nedemnitatea, înlătură efectele nedemnității, chiar şi în lipsa unei declaraţii exprese în acest sens a celui ce lasă moştenirea.",AB
17.  Potrivit dispoziţiilor Codului civil referitoare la devoluţiunea legală a moştenirii:,"A. în cazul clasei a II-a de moştenitori, nu operează, în niciun caz, reprezentarea succesorală
B. în cazul clasei a III-a de moştenitori, moştenirea se împarte în mod egal, când vin la moştenire în nume propriu, ori pe tulpină, când vin la moştenire prin reprezentare
C. în cazul clasei a II-a de moştenitori, între colateralii privilegiaţi, împărţirea moştenirii se va realiza pe linii, atunci când aceştia sunt rude cu defunctul pe linii colaterale diferite.",C
18.  Sunt prescriptibile extinctiv:,"A. acţiunea confesorie de abitație, acţiunea în repararea patrimonială a unui prejudiciu moral cauzat unei persoane prin tortură şi acţiunea în anularea recunoaşterii de filiaţie pentru eroare
B. acţiunea de partaj, acţiunea în tăgada paternităţii introdusă de cel ce se pretinde tată biologic şi acţiunea în simulație
C. acţiunea confesorie de superficie, acţiunea în constatarea dreptului de uzufruct şi acţiunea în nulitatea relativă a unui act juridic nepatrimonial.",A
19.  Prescripţia extinctivă:,"A. poate fi opusă numai de cel în folosul căruia curge, personal sau prin reprezentant, şi fără a fi ţinut să producă vreun titlu contrar ori să fi fost de bună-credinţă
B. curge contra moştenitorilor defunctului, de la data acceptării moştenirii, în privinţa creanţelor pe care aceştia le au asupra moştenirii
C. curge contra creditorilor defunctului în privinţa creanţelor pe care le au asupra moştenirii, de la data cunoaşterii de către creditori a identităţii succesibililor, chiar dacă aceştia din urmă, încă nu au acceptat moştenirea.",A
20.  Nu constituie excepţie de la opozabilitatea faţă de terţi a efectelor contractului:,"A. simulația
B. stipulatia pentru altul
C. promisiunea faptei altuia.",BC
"21.  Spre deosebire de termenul suspensiv, în cazul termenului extinctiv:","A. prescripţia începe să curgă de la împlinirea termenului sau, după caz, de la data renunţării la beneficiul termenului stabilit exclusiv în favoarea creditorului unei obligaţii de a face
B. evenimentul viitor pe care părţile îl consideră ca fiind termen, poate avea o dată de împlinire necunoscută la momentul încheierii actului juridic
C. la împlinirea acestuia, obligaţia se stinge.",C
"22.  În ipoteza actelor juridice bilaterale, dolul:","A. constituie viciu de consimţământ şi atunci când provine de la reprezentantul celeilalte părţi
B. nu conduce la anularea actului decât dacă eroarea în care s-a aflat cel al cărui consimţământ a fost viciat a fost esenţială
C. conferă celui al cărui consimţământ a fost viciat de către cealaltă parte dreptul de a pretinde, în afară de anularea actului juridic, şi daune-interese.",AC
23.  Actul confirmativ al unui act juridic anulabil pentru vicierea consimtamântului prin violenţă:,"A. pentru a fi valabil sub aspectul cuprinsului său legal, trebuie să conţină, printre altele, obiectul, cauza şi natura obligaţiei
B. implică, prin el însuşi, renunţarea la dreptul de a cere daune-interese
C. poate fi încheiat, cu respectarea celorlalte condiţii de validitate, de cel al cărui consimţământ a fost viciat, numai după încetarea violenţei.",AC
24.  În materia autorităţii părinteşti:,"A. părintele minor care a împlinit vârstă de 14 ani are drepturile şi îndatoririle părinteşti cu privire la persoană şi bunurile copilului
B. instanţa sesizată cu o cerere privind stabilirea filiaţiei copilului din afară căsătoriei este obligată să dispună asupra modului de exercitare a autorităţii părinteşti, fiind aplicabile prin asemănare dispoziţiile privitoare la divorţ
C. după divorţ, autoritatea părintească revine în comun ambilor părinţi, afară de cazul în care instanţa decide altfel.",BC
25.  Obligaţia legală de întreţinere:,"A. nu există între nepoţi şi bunici
B. există între moştenitorii persoanei care a acordat întreţinere unui minor fără a avea obligaţia legală şi minorul respectiv, dacă părinţii acestuia din urmă, deşi nu se afla în stare de nevoie, refuză să presteze întreţinere minorului
C. există între fraţi şi surori, aceştia datorându-şi întreţinere înaintea bunicilor.",C
26.  În virtutea rolului judecătorului în aflarea adevărului în procesul civil:,"A. sub sancţiunea nulităţii hotărârii, judecătorul are obligaţia să ordone din oficiu administrarea probelor pe care le consideră necesare, chiar dacă părţile se împotrivesc
B. judecătorul poate dispune introducerea în cauza a altor persoane, în condiţiile legii
C. într-un litigiu având ca obiect executarea unui act juridic încheiat cu nesocotirea unei norme juridice care ocroteşte un interes general, judecătorul se va pronunţa prin dispozitivul hotărârii asupra nulităţii absolute a actului juridic, invocate din oficiu, chiar în lipsa formulării de către una dintre părţi a unei cereri în acest sens.",B
27.  Potrivit dispoziţiilor Codului de procedură civilă din 2010 referitoare la aplicarea în timp a legii de procedură civilă:,"A. dispoziţiile legii noi de procedură se aplică de la data intrării ei în vigoare şi proceselor în curs de judecată începute sub legea veche
B. condiţiile de admisibilitate şi puterea doveditoare a probelor preconstituite şi a prezumțiilor legale sunt guvernate de legea în vigoare la data producerii lor ori, după caz, a săvârşirii faptelor juridice care fac obiectul probațiunii
C. administrarea probelor se face potrivit legii în vigoare la data administrării lor.",BC
28.  Constituie mijloc procesual care se include în noţiunea de acţiune civilă:,"A. cererea prin care reclamantul înlocuieşte o cerere în constatarea dreptului său de proprietate cu o cerere în revendicare
B. excepţia autorităţii de lucru judecat, invocată de pârât, însă numai în măsura în care acesta face dovada existenţei identităţii de obiect, părţi şi cauză dintre procese
C. apărarea pârâtului prin care acesta invocă nulitatea absolută a actului juridic a cărui executare este pretinsă de către reclamant prin cererea de chemare în judecată.",AC
"29.  Dacă în cursul unui proces având ca obiect revendicare imobiliară, dreptul litigios constând în dreptul de proprietate privată asupra imobilului este transmis printr-un contract de vânzare încheiat de către pârât cu un terţ:","A. pârâtul este obligat să formuleze cerere de intervenţie forţată de arătare a titularului dreptului pentru atragerea terţului în proces
B. instanţa va repune în discuţie excepţiile procesuale de ordine publică soluţionate până la momentul la care terţul a intervenit sau a fost introdus în cauză
C. dacă pârâtul este scos din proces, judecata va continua între reclamant şi terţ, existând posibilitatea că terţul să fie obligat prin hotărârea judecătorească ce se va pronunţă în cauză, în măsura în care pretenţiile reclamantului se dovedesc a fi întemeiate.",C
30.  Nu este incompatibil:,"A. judecătorul căruia, într-un proces de partaj, judecat definitiv, îi este repartizată spre soluţionare contestaţia în anulare declarată împotriva încheierii de admitere în principiu pronunţată de acesta şi împotriva sentinţei pronunţate de alt judecător în aceeaşi pricină, al cărei motiv constă în nelegala citare a contestatorului reclamant pe parcursul întregului proces, la care nu a fost prezent
B. judecătorul, fost avocat, care a reprezentat partea doar la primul termen de judecată, în aceeaşi cauză, ce i-a fost repartizată în prezent spre soluţionare
C. judecătorul care a soluţionat anterior o cauza similară, între alte părţi, în care s-a pus în discuţie aceeaşi problemă de drept.",C
"31.  Declaraţia de abţinere a judecătorului împotriva căruia s-a formulat o cerere de recuzare, de către una dintre părţi, pentru acelaşi motiv de incompatibilitate:","A. se pune în discuţia contradictorie a părţilor
B. se poate formulă atât în scris, cât şi verbal în şedinţă, fiind consemnată în încheiere
C. se judecă după soluţionarea cererii de recuzare, pentru a se putea cerceta dacă declaraţia de abţinere a rămas sau nu fără obiect.",B
32.  Este parte în procesul civil:,"A. reclamantul minor cu capacitate de exerciţiu restrânsă, chiar dacă nu are ocrotitor legal
B. intervenientul accesoriu, de la data pronunţării încheierii prin care este admisă în principiu cererea sa de intervenţie, chiar dacă este formulată într-o contestaţie în anulare
C. curatorul special, citat la dezbateri pentru reprezentarea intereselor pârâtului, atunci când instanţa a încuviinţat citarea acestuia din urmă prin publicitate.",AB
33.  Într-un proces având ca obiect încetarea stării de coproprietate asupra unui bun:,"A. procurorul nu poate să pună concluzii, chiar dacă apreciază că este necesar pentru apărarea ordinii de drept, a drepturilor şi intereselor cetăţenilor
B. este admisibilă cererea de arătare a titularului dreptului formulată de pârâtul care pretinde că deţine bunul pentru altul
C. instanţa va pune în discuţie necesitatea introducerii în cauză a celorlalţi coproprietari, dacă aceştia nu au fost chemaţi în judecată de către părţile iniţiale.",BC
"34.  În cazul deţinuţilor, părţi în procesul civil:","A. locul citării acestora este administraţia locului de deţinere
B. aceştia se citează la fiecare termen, cu excepţia cazului când au termen în cunoştinţă
C. în ipoteza divorţului din culpa soţilor, în faţă instanţelor de fond, trebuie să se înfăţişeze în persoană.",A
"35.  Spre deosebire de nulitatea relativă a actelor de procedură, nulitatea absolută:","A. lipseşte de efecte actele de procedură efectuate cu nerespectarea cerinţelor legale
B. poate fi invocată chiar de cel care a cauzat neregularitatea procedurală prin propria faptă
C. împiedică actele de procedură să producă alte efecte juridice decât cele care decurg din natură lor proprie.",B
"36.  În etapa verificării admisibilităţii în principiu, termenul de exercitare a apelului împotriva încheierii date în primă instanţă de respingere ca inadmisibilă a cererii de chemare în garanţie, pronunţate în data de 22 august 2016 (luni) şi comunicate în dată de 23 august 2016 (marţi), se împlineşte la data de:","A. 26 august 2016 (vineri), pentru toate părţile
B. 29 august 2016 (luni), pentru partea care a lipsit
C. 29 august 2016 (luni), pentru partea care a fost prezentă.",BC
37.  Atunci când cererea de chemare în judecată a fost formulată împotriva mai multor pârâţi persoane fizice:,"A. dacă unul din pârâţi a fost chemat în judecată numai în scopul sesizării instanţei competente pentru el, oricare dintre pârâţi poate invoca necompetenţa la primul termen de judecată la care părţile sunt legal citate în faţa primei instanţe
B. dacă printre pârâţi sunt şi obligaţi accesoriu, cererea se poate introduce la instanţa competentă pentru oricare dintre debitorii principali sau accesorii
C. dacă numai unul dintre pârâţi are domiciliul cunoscut, iar celorlalţi pârâţi nu li se cunoaşte nici domiciliul şi nici reşedinţa, cererea poate fi introdusă numai la instanţa în circumscripţia căreia se află domiciliul reclamantului.",A
"38.  Când reclamantul a sesizat instanţa cu mai multe capete principale de cerere întemeiate pe fapte ori cauze diferite, fără o strânsă legătură între ele:","A. competenţa materială se stabileşte în raport cu valoarea sau, după caz, cu natura ori obiectul fiecărei pretenţii în parte
B. dacă unul din capetele de cerere este de competenţa materială a altei instanţe, instanţa sesizată nu poate dispune disjungerea şi declinarea în mod corespunzător a competenţei
C. instanţa competentă să le soluţioneze se determină ţinându-se seama de acea pretenţie care atrage competenţa unei instanţe de grad mai înalt.",A
"39.  Conexarea mai multor procese se poate dispune, chiar dacă se înlătură aplicarea unor norme de:","A. competenţă materială
B. competenţă generală
C. competenţă teritorială de ordine privată.",AC
40.  În etapa regularizării cererii de chemare în judecată:,"A. împotriva încheierii de anulare a cererii de chemare în judecată reclamantul va putea formula numai cerere de reexaminare, care se va soluţiona în camera de consiliu, cu citarea părţilor, de către un alt complet al instanţei respective
B. prin admiterea cererii de reexaminare, asupra măsurii anulării cererii de chemare în judecată se va putea reveni când aceasta a fost dispusă eronat
C. poate interveni anularea cererii de chemare în judecată pentru neîndeplinirea procedurii prealabile impuse de o normă de ordine publică.",B
41.  Mărturisirea judiciară:,"A. poate fi obţinută numai prin intermediul interogatoriului
B. poate fi divizată împotriva autorului atunci când cuprinde fapte distincte şi care nu au legătură între ele
C. poate fi revocată dacă se face dovada că a fost urmarea unei erori de drept scuzabile.",B
42.  Nu poate fi invocată pentru prima dată în apel:,"A. necompetenţă generală
B. perimarea cererii de chemare în judecată
C. lipsa dovezii calităţii de reprezentant înaintea primei instanţe.",BC
43.  Suspendarea judecăţii este lăsată la aprecierea instanţei atunci când:,"A. dezlegarea cauzei depinde în întregime de existenţa sau inexistența unui drept care formează obiectul unei alte judecaţi
B. toate părţile o cer
C. desfăşurarea normală a procesului este împiedicată, din vina reclamantului, prin neîndeplinirea obligaţiilor stabilite în cursul judecăţii, potrivit legii.",AC
44.  În cazul achiesării pârâtului la pretenţiile reclamantului:,"A. hotărârea primei instanţe dată în baza recunoaşterii pârâtului este executorie de drept de la data pronunţării
B. hotărârea primei instanţe dată în baza recunoaşterii pârâtului poate fi atacată numai cu apel la instanța ierarhic superioară
C. când recunoaşterea pretenţiilor a fost făcută înaintea instanţei de apel, hotărârea primei instanţe va fi anulată în măsura recunoaşterii, dispunându-se admiterea, în mod corespunzător, a cererii.",AC
"45.  În procedura contencioasă, autoritatea de lucru judecat:","A. priveşte şi încheierea premergătoare, rămasă definitivă, prin care instanţa respinge ca neîntemeiată excepţia lipsei calităţii procesuale active
B. nu există între două procese cu identitate de părţi, obiect şi cauză, atunci când, în al doilea proces, reclamantul din primul proces are calitatea de pârât
C. poate fi invocată în recurs, iar, ca efect al admiterii excepţiei, recurentului i se poate crea o situaţie mai rea decât aceea din hotărârea atacată.",AC
"46.  Potrivit principiului echipolenței, termenul pentru declararea apelului începe să curgă de la data la care:","A. hotărârea primei instanţe a fost comunicată odată cu încheierea de încuviinţare a executării silite
B. partea a cerut comunicarea hotărârii primei instanţe către o altă parte
C. o parte a formulat cerere de îndreptare a erorii materiale strecurate în dispozitivul hotărârii primei instanţe.",AB
47.  Nu sunt supuse recursului hotărârile pronunţate:,"A. în materie de expropriere
B. asupra unei cereri în grăniţuire, însă numai dacă valoarea obiectului său este de până la 500.000 lei inclusiv
C. asupra unei cereri posesorii.",AC
48.  Este inadmisibilă contestaţia în anulare prin care se invocă:,"A. omisiunea instanţei de recurs de a se pronunţa asupra excepţiei de perimare a cererii de recurs
B. faptul că dezlegarea recursului este rezultatul unei greşeli materiale constând în reţinerea eronată a datei la care s-a depus cererea de recurs
C. faptul că hotărârea instanţei de apel, nesusceptibilă de recurs, a fost pronunţată cu încălcarea normelor referitoare la alcătuirea instanţei şi, deşi se invocase excepţia corespunzătoare, instanţa de apel a omis să se pronunţe asupra acesteia.",A
"49.  Între cererea de sechestru asigurător, cererea de ordonanţă preşedinţială şi cererea de asigurare a probelor, există următoarele asemănări:","A. au caracter necontencios şi se judecă în camera de consiliu, de urgenţă şi cu precădere
B. se soluţionează întotdeauna prin hotărâre judecătorească supusă numai apelului
C. hotărârea judecătorească de admitere a cererii este executorie.",C
50.  În materia contestaţiei la executare:,"A. sunt aplicabile în mod corespunzător dispoziţiile Codului de procedură civilă privind verificarea cererii şi regularizarea acesteia
B. în cazul predării silite a bunurilor imobile, contestaţia se poate introduce şi la judecătoria de la locul situării imobilului, dacă imobilul se află în circumscripţia altei curţi de apel decât cea în care se află instanţa de executare
C. contestatorul îşi poate modifică cererea iniţială adăugând motive noi de contestaţie dacă, în privinţa acestora din urmă, este respectat termenul de exercitare a contestaţiei la executare.",BC
51.  Reabilitarea de drept:,"A. poate interveni şi în cazul unei pedepse principale pe lângă care s-a luat măsura de siguranţă a confiscării extinse
B. intervine, în cazul unei pedepse de un an şi 6 luni închisoare pentru care s-a dispus amânarea aplicării pedepsei, la 2 ani de la împlinirea termenului de supraveghere al amânării
C. poate opera şi în cazul unei condamnări la o pedeapsa de 4 ani închisoare, pedeapsa care a fost însă graţiată necondiţionat cu jumătate, prin efectul unei legi de graţiere.",A
52.  Amenda care însoţeşte pedeapsa închisorii:,"A. nu poate fi executată prin muncă neremunerată în folosul comunității
B. se poate aplica chiar dacă folosul material obţinut de infractor din comiterea faptei face obiectul confiscării speciale dispuse prin aceeaşi hotărâre
C. se prescrie întotdeauna în termen de 3 ani de la data rămânerii definitive a hotărârii de condamnare.",B
53.  În materia cauzei justificative a legitimei apărări:,"A. atacul poate consta într-o faptă comisivă prin omisiune
B. apărarea nu poate fi exercitată niciodată ulterior consumării infracţiunii simple care constituie atacul
C. atacul poate consta într-o faptă care intră ea însăşi sub incidenţa unei cauze justificative a legitimei apărări.",A
"54.  O infracţiune intenţionată sancţionată de lege cu pedeapsa închisorii de la 6 luni la 2 ani sau cu amendă, pentru care instanţa a stabilit în concret pedeapsa amenzii, determină apariţia unei pluralităţi intermediare atunci când este comisă:","A. în termenul de supraveghere al amânării aplicării unei pedepse de un an închisoare stabilită pentru o vătămare corporală din culpă
B. în termenul de prescripţie a executării unei pedepse de un an închisoare aplicată pentru o infracţiune de furt
C. în termenul de reabilitare pentru o condamnare de 3 ani închisoare aplicată pentru o vătămare corporală din culpă.",B
55.  În dreptul penal român infracţiunea comisivă prin omisiune:,"A. poate fi o infracţiune de pericol sau de rezultat
B. se consumă la momentul la care ar fi trebuit comisă acţiunea la care agentul era obligat
C. poate îmbraca forma unei infracţiuni progresive.",C
56.  Desistarea:,"A. nu se poate realiza prin acţiune
B. poate interveni oricând din momentul începerii actelor de executare şi până în momentul consumării infracţiunii
C. nu este posibilă în cazul infracţiunii de luare de mită.",C
57.  În cazul unei infracţiuni consumate pentru care legea prevede pedeapsa închisorii de la unu la 5 ani şi interzicerea exercitării unor drepturi este legal aplicată:,"A. pedeapsa complementară a interzicerii exercitării unor drepturi pe o durata de 9 luni, dacă instanţa a reţinut circumstanţe atenuante generale
B. măsura educativă a internării într-un centru educativ, dacă infracţiunea a fost comisă de un minor faţă de care anterior s-a luat, pentru o altă infracţiune, prin hotărâre definitivă, o măsură educativă neprivativă de libertate ce nu fusese pusă în executare anterior comiterii noii infracţiuni
C. o pedeapsă accesorie în conţinutul căreia nu se regăseşte dreptul străinului de a se afla pe teritoriul ţării, deşi această interdicţie a fost aplicată de instanţă ca pedeapsă complementară.",C
58.  Nu poate opera niciodată cumulul aritmetic a două pedepse cu închisoarea în caz de:,"A. anulare a renunţării la aplicarea pedepsei
B. comitere a unei noi infracţiuni în cursul termenului de prescripţie a răspunderii penale pentru o altă infracţiune
C. revocare a amânării aplicării pedepsei.",BC
59.  Revocarea liberării condiţionate din executarea pedepsei detențiunii pe viaţă:,"A. se dispune obligatoriu ori de câte ori infracţiunea comisă şi descoperită în termenul de supraveghere este intenţionată
B. are că efect aplicarea unei pedepse rezultante compusă din pedeapsa pentru infracţiunea ce a atras revocarea liberării plus un rest de pedeapsă egal cu durata termenului de supraveghere (10 ani)
C. nu se dispune chiar dacă persoana condamnată nu a îndeplinit, cu rea-credinţă, obligaţiile civile stabilite prin hotărârea de condamnare.",C
60.  În cazul unui concurs caracterizat cu conexitate etiologică:,"A. un act de procedură îndeplinit cu privire la infracţiunea scop întrerupe întotdeauna şi cursul prescripţiei răspunderii penale în cazul infracţiunii mijloc
B. dacă infracţiunea mijloc este expres exceptată de la aplicabilitatea unei legi de amnistie, legea respectivă nu va putea fi aplicată nici în cazul infracţiunii scop
C. nu se poate dispune renunţarea la aplicarea pedepsei în cazul infracţiunii mijloc dacă infracţiunea scop, judecată în aceeaşi cauză, nu îndeplineşte condiţiile de aplicare a renunţării.",C
61.  În cazul complicităţii intelectuale (morale):,"A. legătura subiectivă dintre autor şi complice se poate stabili şi ulterior consumării infracţiunii progresive, dar înainte de epuizarea acesteia
B. dacă autorul se desistă complicele nu va mai fi sancţionat, afară de cazul în care actele îndeplinite de autor până în momentul desistării constituie o altă infracţiune
C. dacă complicele împiedică consumarea infracţiunii, instigatorul va răspunde pentru o tentativă în măsura în care aceasta este incriminată.",C
62.  O infracţiune continuă:,"A. nu poate fi comisă în coautorat
B. poate fi omisivă
C. consumată în termenul de reabilitare de drept pentru o infracţiune anterioară şi epuizată ulterior împlinirii acestui termen, se poate afla în stare de recidivă în raport de infracţiunea anterioară.",BC
63.  Fapta de a aplică o lovitură cu un cuţit în zona gâtului ce a avut drept consecinţă producerea unei plăgi penetrante constituie:,"A. infracţiunea de lovire sau alte violente, dacă gravitatea a fost evaluată la 25 de zile de îngrijiri medicale
B. tentativă la omor, chiar dacă gravitatea a fost evaluată la 25 de zile de îngrijiri medicale
C. vătămare corporală, dacă leziunile traumatice au necesitat 25 de zile de îngrijiri medicale, dar prin raportul de expertiză medico-legală s-a constatat că fapta a pus în pericol viaţă victimei.",B
"64.  Fapta procurorului de a ameninţa persoana care are calitatea de suspect cu întocmirea unui nou dosar penal, pentru o faptă necomisă de aceasta, pentru a o determina să dea o declaraţie de recunoaştere reprezintă:","A. şantaj în concurs cu cercetare abuzivă
B. cercetare abuzivă
C. represiune nedreaptă.",B
"65.  X i-a smuls din mâna lui V telefonul mobil, în timp ce acesta din urmă vorbea la telefon. Pentru că V a început să ţipe după ajutor, X i-a aplicat o lovitură de cuţit în zona abdominală şi a fugit cu telefonul sustras. V a decedat la scurt timp din cauza hemoragiei masive. În sarcina lui X se va reţine:","A. omor în concurs cu infracţiunea de furt, având în vedere faptul că la momentul săvârşirii omorului infracţiunea de furt era deja consumată
B. omor calificat comis pentru a ascunde săvârşirea unei infracţiuni în concurs cu infracţiunea de furt
C. omor calificat comis pentru a ascunde săvârşirea unei infracţiuni în concurs cu infracţiunea de tâlhărie.",C
"66.  X a încercat să facă o glumă pentru a-şi distra invitaţii la o petrecere şi i-a oferit unuia din ei un scaun căruia îi slăbise în prealabil îmbinările, astfel încât modificarea să nu fie vizibilă, iar cel care se aşeza pe scaun să cadă. V, căruia X i-a oferit scaunul s-a răsturnat, s-a lovit cu capul de piciorul mesei şi a suferit un traumatism cranio-cerebral uşor. Din cauza unor complicaţii intervenite, la 3 săptămâni de la producerea faptei, V a decedat. În sarcina lui X:","A. se va reţine infracţiunea de loviri sau vătămări cauzatoare de moarte
B. se va reţine infracţiunea de ucidere din culpă
C. nu se poate reţine nicio infracţiune pentru că lui V îi aparţine culpa de a nu fi verificat dacă scaunul era solid sau şubred.",A
"67.  X a pătruns noaptea într-un depozit de materiale de construcţii cu intenţia de a sustrage 3 cutii de faianţă pentru a-şi renova bucătăria. După ce a pătruns în interior a realizat că i-ar fi utile şi alte materiale de construcţie (nisip, ciment, adeziv, etc.), dar şi-a dat seama că dacă le-ar sustrage şi pe acestea nu ar avea unde să le depoziteze. De aceea l-a sunat pe prietenul sau P, i-a spus în ce situaţie se află şi l-a întrebat dacă ar fi de acord ca materialele sustrase să fie depozitate la el, pentru că altfel nu ar avea rost să le sustragă. P a fost de acord să depoziteze bunurile în garajul său până ce X va avea nevoie de ele. După ce a descărcat bunurile sustrase în garaj, X a fost prins de poliţie. În cauză:","A. nu se va putea reţine infracţiunea de tăinuire în sarcina lui P
B. în sarcina lui X se va reţine infracţiunea de furt calificat în concurs cu instigare la infracţiunea de tăinuire
C. se va putea reţine infracţiunea de favorizarea făptuitorului în sarcina lui P, dar nu se va putea reţine instigare la favorizarea făptuitorului în sarcina lui X.",A
68.  Infracţiunea de tulburare de posesie:,"A. poate fi comisă de către cel care deţine în fapt imobilul, dar nu este proprietar
B. are ca obiect material un bun mobil sau imobil
C. poate fi reţinută în concurs cu infracţiunea de violare de domiciliu şi atunci când este vorba de aceeaşi locuinţă.",C
69.  Infracţiunea de omisiune a sesizării:,"A. are un subiect activ necircumstanțiat (general)
B. poate fi comisă doar de către o persoană care a luat cunoştinţă de o faptă prevăzută de legea penală contra vieţii sau care a avut ca urmare moartea unei persoane
C. poate avea că formă de vinovăţie intenţia sau culpa.",C
"70.  X a sustras din curtea lui Y, unde a pătruns fără drept, un alambic pentru făcut ţuică, pe care l-a ţinut două zile, cât timp a preparat ţuică, iar apoi l-a dus înapoi, înainte ca proprietarul să observe lipsa acestuia. În acest caz în sarcina lui X se poate reţine:","A. infracţiunea de abuz de încredere, dacă cei doi erau vecini şi între ei exista o relaţie de încredere
B. infracţiunea de furt în scop de folosinţă
C. infracţiunea de furt calificat.",C
71.  La infracţiunea de cumpărare de influenţă:,"A. autorul este totdeauna un funcţionar public
B. autorul poate fi şi un funcţionar public
C. elementul material poate consta în pretinderea, primirea ori acceptarea promisiunii de bani sau alte foloase pentru altul.",B
72.  Infracţiunea de tulburare a ordinii şi liniştii publice:,"A. nu se poate reţine dacă actele de violenţă sau ameninţare au fost îndreptate împotriva unei singure persoane
B. nu absoarbe infracţiunea de lovire sau alte violențe
C. se poate reţine şi atunci când o persoană, în timpul zilei, se dezbracă complet în piaţa publică din faţă primăriei, în semn de protest faţă de activitatea primarului.",B
73.  În cazul infracţiunii de fals intelectual:,"A. falsificarea poate fi concomitentă sau ulterioară întocmirii unui înscris
B. subiectul activ poate fi un medic angajat cu contract de muncă într-o unitate spitalicească din sistemul public de sănătate
C. utilizarea ulterioară a înscrisului de către o persoană care cunoaşte că este fals realizează condiţiile de tipicitate ale infracţiunii de uz de fals.",BC
"74.  X i-a remis o suma de bani lui G, grefier, care i-a promis că va interveni pe lângă judecător pentru obţinerea unei soluţii favorabile în cauza în care X avea calitatea de inculpat. În acest caz:","A. în sarcina lui G se va reţine infracţiunea de complicitate la dare de mită
B. fapta lui X nu reprezintă infracţiune, dacă acesta denunţă fapta mai înainte ca organul de urmărire penală să fi fost sesizat cu aceasta
C. în sarcina lui G se va reţine infracţiunea de trafic de influenţă.",C
"75.  X, Y şi Z au avut o dispută verbală cu A. Peste două zile X şi Y înarmaţi cu bâte l-au urmărit pe A timp de două ore, fiind înţeleşi să îi aplice acestuia o corecţie fizică pentru insultele proferate. X l-a prins pe A, l-a imobilizat, în timp ce Y i-a aplicat mai multe lovituri puternice cu bâta în zona toracelui, lăsându-l în stare de inconştienţă. Cei doi au plecat de la locul faptei şi s-au întâlnit întâmplător cu Z, căruia i-au povestit cele întâmplate. Z s-a deplasat pentru a verifică gravitatea loviturilor. L-a găsit pe A în stare de inconstiență şi pentru că a constatat că acesta avea bunuri asupra sa (ceas, telefon, portofel) şi le-a însuşit, iar seara, când s-a întâlnit cu X şi Y le-a împărţit cu aceştia. Pentru însănătoşire X a necesitat 40 zile de îngrijiri medicale. În acest caz:","A. în sarcina lui Y se va reţine infracţiunea de tăinuire
B. în sarcina lui Z se va reţine infracţiunea de tâlhărie
C. în cazul lui X, Y şi Z se va reţine circumstanţa agravantă a comiterii faptei de trei sau mai multe persoane împreună.",A
76.  Asistenţa juridică a inculpatului major este obligatorie în cursul procedurii de cameră preliminară atunci când:,"A. este trimis în judecată, pentru săvârşirea unei infracţiuni sancţionate de lege cu închisoarea de la unu la 5 ani, aflându-se sub control judiciar
B. se analizează necesitatea dispunerii arestului la domiciliu faţă de acesta
C. se pune în discuţie constatarea încetării de drept a măsurii arestării preventive.",BC
"77.  Inculpatul nu se mai citează pentru termenele ulterioare, având termenul în cunoştinţă, în cazul în care:","A. citaţia a fost primită de soţia inculpatului, iar la termenul de judecată stabilit se prezintă doar apărătorul desemnat din oficiu, care declara că a luat legătură cu inculpatul
B. citaţia pentru acel termen a fost înmânată funcţionarului însărcinat cu primirea corespondenţei din cadrul instituţiei publice, aceasta fiind inculpată în cauză
C. la termenul stabilit, acesta se prezintă personal, în stare de arest preventiv, fiind asistat de apărătorul ales.",B
78.  În cazul competenţei după calitatea persoanei:,"A. instanţa rămâne competentă să judece cauza, chiar dacă inculpatul, după săvârşirea infracţiunii, pierde acea calitate, însă infracţiunea ce formează obiectul cauzei a fost săvârşită în legătură cu atribuţiile de serviciu ale acestuia
B. Înalta Curte de Casaţie şi Justiţie soluţionează cauza dacă inculpatul a dobândit calitatea de deputat în cursul judecării cauzei în primă instanţă, după citirea actului de sesizare
C. instanţa rămâne competentă să judece cauza privind o infracţiune de viol, chiar dacă inculpatul, după comiterea infracţiunii, a pierdut calitatea de avocat după sesizarea instanţei prin rechizitoriu, cauza fiind în procedura de cameră preliminară.",AB
79.  Acţiunea civilă exercitată în cadrul procesului penal:,"A. se soluţionează de instanţa penală care pronunţă achitarea inculpatului pe motiv că fapta ce formează obiectul cauzei nu a fost săvârşită cu vinovăţia prevăzută în textul incriminator
B. este lăsată nesoluţionată de către instanţa care admite acordul de recunoaştere a vinovăţiei, dacă între părţi s-a încheiat un acord de mediere cu privire la acţiunea civilă
C. este soluţionată de către instanţa penală care pronunţă încetarea procesului penal, constatând că a intervenit prescripţia răspunderii penale.",A
80.  Instanţa de judecată poate dispune în cursul cercetării judecătoreşti efectuarea:,"A. unei expertize criminalistice balistice într-o cauză având ca obiect o infracţiune de omor
B. procedeului probatoriu al constatării, când există pericolul de dispariţie a unor mijloace de probă
C. unui supliment de expertiză, atunci când concluziile raportului de expertiză întocmit în cauză necesită anumite lămuriri.",A
81.  Măsură arestării preventive a inculpatului dispusă în cauză încetează de drept:,"A. la dată rămânerii definitive a hotărârii de condamnare la pedeapsa închisorii cu executare în regim de detenţie
B. la pronunţarea în primă instanţă a hotărârii prin care s-a aplicat inculpatului măsura educativă a internării într-un centru educativ
C. în cazul în care instanţa verifică dacă subzistă temeiurile care au determinat menţinerea măsurii preventive la mai mult de 60 de zile de la ultima menţinere a acestei măsuri.",AC
82.  Contestaţia se soluţionează prin:,"A. încheiere, atunci când vizează o încheiere prin care judecătorul de drepturi şi libertăţi a respins propunerea de arestare preventivă a inculpatului, luând însă măsura preventivă a controlului judiciar pe cauţiune
B. decizie, atunci când vizează o încheiere a judecătorului de cameră preliminară sau a instanţei de judecată prin care s-a menţinut măsura arestului la domiciliu a inculpatului
C. încheiere, atunci când are ca obiect încheierea judecătorului de cameră preliminară prin care s-a constatat încetată de drept măsura preventivă dispusă în cauză faţă de inculpat.",AC
83.  Termenul de declarare a contestaţiei este întotdeauna de:,"A. 3 zile de la comunicare, când vizează sentinţa prin care se soluţionează cererea de reabilitare judecătorească
B. 48 de ore de la pronunţare, când vizează încheierea prin care s-a dispus luarea măsurii arestării preventive de către judecătorul de drepturi şi libertăţi
C. 3 zile de la comunicarea încheierii prin care judecătorul de cameră preliminară a respins excepţiile invocate şi a dispus începerea judecăţii.",C
84.  Prezenţa inculpatului în faţa judecătorului de drepturi şi libertăţi nu este obligatorie atunci când se soluţionează:,"A. propunerea de prelungire a măsurii arestului la domiciliu
B. propunerea de prelungire a măsurii arestării preventive, ori de câte ori inculpatul este bolnav
C. contestaţia împotriva măsurii asigurătorii dispuse de procuror.",AC
85.  În cursul cercetării judecătoreşti pot fi administrate:,"A. şi probele necontestate de părţi sau persoana vătămată
B. şi probe ce au fost excluse în procedura soluţionării plângerii împotriva ordonanţei de clasare, în cazul în care s-a admis plângerea şi s-a dispus începerea judecăţii
C. probe noi prin care să se dovedească aspecte ce au făcut obiectul unor mijloace de probă excluse în procedura de cameră preliminară.",AC
86.  Necompetenţa materială a judecătoriei poate fi invocată:,"A. doar până la începerea cercetării judecătoreşti
B. în tot cursul judecăţii, până la pronunţarea hotărârii definitive
C. ca motiv de contestaţie în anulare.",B
87.  Numai după începerea urmăririi penale poate fi:,"A. audiată persoana vătămată
B. dispusă percheziţia domiciliară
C. realizată audierea anticipată a unui martor.",BC
88.  Efectuarea în continuare a urmăririi penale faţă de suspect poate fi dispusă:,"A. numai de procuror, prin ordonanţă
B. şi de organele de cercetare penală, cu încuviinţarea prealabilă a procurorului
C. şi de organele de cercetare penală, cu confirmarea procurorului.",C
89.  Soluţia de renunţare la urmărirea penală:,"A. poate fi dispusă chiar dacă autorul este necunoscut
B. poate fi atacată de către persoana vătămată cu plângere la judecătorul de drepturi şi libertăţi
C. nu poate fi atacată de către suspect.",AC
"90.  În cazul în care inculpatul major solicită ca judecata să aibă loc potrivit procedurii recunoaşterii învinuirii, beneficiază de reducerea cu o treime a limitelor pedepsei închisorii:","A. dacă instanţa respinge solicitarea acestuia dar, cu ocazia deliberării, reţine aceeaşi situaţie de fapt ca cea recunoscută de către inculpat, schimbând însă încadrarea juridică a faptei
B. numai dacă instanţa, respingând solicitarea acestuia, reţine, cu ocazia deliberării, aceeaşi situaţie de fapt ca cea recunoscută de către inculpat şi aceeaşi încadrare juridică a faptei ca cea stabilită prin rechizitoriu
C. dacă instanţa admite solicitarea acestuia dar, cu ocazia deliberării, schimbă încadrarea juridică a faptei.",AC
91.  Cheltuielile judiciare avansate de stat:,"A. sunt suportate de persoana vătămată în cazul renunţării la urmărirea penală
B. sunt suportate de inculpat în cazul în care, după ce acesta cere continuarea procesului penal, se dispune clasarea, reținându-se că fapta a fost săvârşită în stare de legitimă apărare
C. sunt suportate de inculpat în cazul în care se dispune achitarea, reținându-se că fapta nu este prevăzută de legea penală.",B
92.  Redeschiderea urmăririi penale:,"A. poate fi dispusă de procurorul care a dispus clasarea
B. poate fi dispusă şi de procurorul ierarhic superior procurorului care a dispus renunţarea la urmărirea penală, atunci când se constată că persoana nu şi-a îndeplinit cu rea-credinţă obligaţiile stabilite
C. este supusă confirmării judecătorului de cameră preliminară în toate cazurile.",A
"93.  În procedura confirmării ordonanţei prin care s-a dispus renunţarea la urmărire penală, judecătorul de camera preliminară:","A. verifică legalitatea şi temeinicia soluţiei doar pe baza materialului din dosarul de urmărire penală
B. poate încuviinţa administrarea probei cu martori
C. poate dispune clasarea.",C
94.  Acordul de recunoaştere a vinovăţiei poate fi încheiat:,"A. de inculpatul minor în vârstă de 16 ani, cu încuviinţarea reprezentantului legal, numai dacă are ca obiect o măsură educativă neprivativă de libertate
B. de inculpatul major care recunoaşte două din cele trei fapte pentru care s-a pus în mişcare acţiunea penală şi acceptă încadrarea juridică a acestora
C. numai de inculpatul care recunoaşte în totalitate faptele pentru care s-a pus în mişcare acţiunea penală şi acceptă încadrarea juridică a acestora.",B
"95.  Judecătorul de drepturi şi libertăţi sesizat, în cursul urmăririi penale, cu o propunere de prelungire a măsurii arestării preventive poate dispune:","A. respingerea propunerii şi înlocuirea măsurii arestării preventive cu controlul judiciar, caz în care prelungirea controlului judiciar, în cursul urmăririi penale, va fi în competenţa judecătorului de drepturi şi libertăţi
B. respingerea propunerii şi înlocuirea măsurii arestării preventive cu controlul judiciar, caz în care prelungirea controlului judiciar, în cursul urmăririi penale, va fi în competenţa procurorului
C. respingerea propunerii şi revocarea măsurii arestării preventive.",B
96.  În cazul admiterii în principiu a cererii de revizuire:,"A. poate fi dispusă suspendarea în parte a executării hotărârii prin care s-a dispus amânarea aplicării pedepsei
B. instanţa dispune în toate cazurile efectuarea de către procuror a cercetărilor necesare pentru stabilirea situaţiei de fapt
C. se procedează la desfiinţarea hotărârilor ce nu se pot concilia şi ulterior se reunesc în vederea rejudecării cauzele în care acestea au fost pronunţate.",A
97.  În cursul judecăţii în primă instanţă:,"A. neacordarea ultimului cuvânt inculpatului determină nulitatea absolută a hotărârii
B. instanţa are obligaţia de a dispune din oficiu administrarea de probe sub aspectul laturii penale a cauzei atunci când inculpatul este minor
C. procurorul poate renunţă la administrarea unor probe încuviinţate în cauză la solicitarea sa.",C
98.  Judecata se desfăşoară în şedinţă publică într-o cauză privitoare la:,"A. inculpaţi minori împreună cu majori, dacă nu a putut fi disjunsă cauza în legătură cu aceştia din urmă
B. soluţionarea cererii de reabilitare judecătorească
C. analizarea admisibilităţii în principiu a cererii de contestaţie în anulare.",A
99.  Poate asista la şedinţa de judecată:,"A. persoană înarmată care doreşte să prezinte instanţei arma cu care inculpatul a comis asupra ei tentativa de omor
B. persoana fără discernământ
C. minorul sub 14 ani care are calitatea de parte civilă în cauză.",BC
100.  Urmărirea penală este continuată la solicitarea inculpatului în cazul în care:,"A. a intervenit împăcarea
B. procurorul dispune, prin ordonanţă, clasarea cauzei pe motiv că fapta reţinută în sarcina inculpatului a fost comisă în condiţiile cauzei justificative a legitimei apărări
C. procurorul dispune, prin rechizitoriu, clasarea cauzei pentru una dintre infracţiunile concurente reţinute în sarcina acestuia, pe motiv că a intervenit o cauză de nepedepsire.",C
