1.  Intervertirea detenției precare în posesie are loc atunci când detentorul precar:,"A. înstrăinează bunul printr-un act translativ de proprietate cu titlu particular, doar dacă dobânditorul este de bună-credință;
B. notifică posesorului refuzul de a-i restitui bunul până la îndeplinirea de către acesta din urmă a obligațiilor ce-i revin în temeiul contractului încheiat cu detentorul precar;
C. încheie, cu bună-credință, un act translativ de proprietate cu titlu particular cu o altă persoană decât proprietarul bunului.",A
2.  Tranzacția este anulabilă pentru motivul că:,"A. părțile transmit, una către cealaltă, drepturi de creanță, în scopul stingerii procesului;
B. actul juridic pentru a cărui executare se încheie tranzacția este un act cu titlu gratuit, deoarece tranzacția presupune concesii reciproce;
C. procesul pentru a cărui stingere s-a încheiat tranzacția fusese soluționat printr-o hotărâre intrată în puterea lucrului judecat, la cererea părții care nu cunoștea, la data încheierii tranzacției, această împrejurare.",C
"3.  Rezoluțiunea contractului de întreținere, întemeiată pe neexecutarea, fără justificare, a obligației de întreținere:","A. nu poate opera în temeiul unui pact comisoriu, chiar dacă s-a convenit că rezoluțiunea va rezulta din simplul fapt al neexecutării;
B. nu poate fi pronunțată de instanță dacă, după introducerea cererii, debitorul obligației de întreținere a făcut oferta de întreținere, cu excepția cazului în care debitorul întreținerii fusese pus în întârziere anterior introducerii cererii;
C. permite repunerea părților în situația anterioară încheierii contractului, deoarece rezoluțiunea produce efecte atât pentru viitor, cât și pentru trecut.",A
4.  Comodantul nu poate cere comodatarului restituirea bunului dat în comodat:,"A. decât la împlinirea termenului stipulat în contract pentru restituirea bunului, cu excepția cazului în care în contractul respectiv s-a prevăzut întrebuințarea pentru care s-a împrumutat bunul, caz în care restituirea se va face la momentul satisfacerii întrebuințării respective;
B. decât în cazul în care comodatarul decedează, deoarece contractul se încheie în considerarea persoanei comodatarului;
C. înainte de termenul stipulat pentru restituire, dacă starea de nevoie pe care se întemeiază cererea de restituire era cunoscută de comodant la data încheierii contractului.",C
"5.  Insolvabilitatea cumpărătorului, dacă intervine între momentul încheierii contractului și scadența obligației de plată a prețului, nu conferă vânzătorului dreptul:","A. de a opta între rezoluțiunea vânzării și suspendarea obligației de predare a bunului;
B. de a suspenda executarea obligației de predare a bunului, decât dacă i se oferă garanții îndestulătoare în privința plății prețului;
C. de a denunța unilateral vânzarea.",AC
6.  Instanța nu va admite acțiunea oblică în ipoteza în care:,"A. pe această cale se formulează o acțiune în revocarea donației pentru ingratitudine;
B. nu a fost formulată de către toți creditorii debitorului a cărui pasivitate justifică introducerea acțiunii oblice;
C. debitorul a cărui pasivitate justifică introducerea acțiunii oblice este insolvabil.",A
"7.  În cazul în care prejudiciul este cauzat prin căderea unui lucru dintr-un imobil, victima, pe acest temei, poate pretinde despăgubiri:","A. fie de la cel care ocupă imobilul, însă numai dacă o face în baza unui titlu, fie de la proprietarul imobilului;
B. de la cel care ocupă imobilul, chiar fără niciun titlu, cu excepția cazului în care sunt îndeplinite și condițiile răspunderii pentru prejudiciile cauzate de lucruri;
C. fără a fi ținută să facă dovada culpei celui care ocupă imobilul.",C
8.  Atunci când debitorul plătește o sumă care nu este suficientă pentru a stinge cele două obligații bănești pe care le are față de același creditor:,"A. se va stinge mai întâi acea obligație care devenise scadentă, însă numai dacă imputația plății o face debitorul, deoarece creditorul nu poate pretinde plata anticipată;
B. debitorul poate indica obligația pe care preferă să o stingă cu prioritate, însă numai dacă imputația plății nu a fost deja făcută de creditor;
C. obligația mai puțin oneroasă nu se va stinge, împotriva voinței debitorului, cu prioritate față de obligația mai oneroasă.",C
"9.  Atunci când bunul vândut nu corespunde calităților convenite prin contractul de vânzare, iar această împrejurare nu putea fi descoperită, la data predării, fără asistență de specialitate, de către un cumpărător prudent și diligent, acesta:","A. nu va putea obține, pe acest temei, rezoluțiunea vânzării dacă vânzătorul îi oferă un alt bun ale cărui calități corespund celor stipulate în contractul de vânzare;
B. poate invoca, pentru acest motiv, dispozițiile privitoare la garanția vânzătorului contra viciilor ascunse;
C. are dreptul să angajeze răspunderea vânzătorului chiar în cazul pieirii bunului, cu excepția situației în care se probează că pieirea a avut o altă cauză decât necorespunderea bunului față de calitățile convenite prin contractul de vânzare.",B
10.  În materia dării în plată:,"A. este necesar consimțământul creditorului, însă, dacă valoarea lucrului oferit este cel puțin egală cu aceea a obiectului obligației, instanța, la cererea debitorului, va pronunța o hotărâre care să țină loc de liberare a debitorului prin dare în plată;
B. debitorul nu poate oferi, în locul prestației inițiale, decât o prestație constând într-un bun individual determinat aflat în proprietatea sa;
C. dacă se activează răspunderea debitorului pentru evicțiune, garanțiile oferite de terți nu renasc în cazul în care creditorul preferă să ceară prestația inițială.",C
"11.  Nu există un drept la restituire, întemeiat pe îmbogățirea fără justă cauză, atunci când îmbogățirea:","A. nu mai subzistă la data sesizării instanței;
B. nu rezultă din executarea unei obligații valabile;
C. rezultă dintr-o conduită ilicită.",AC
"12.  Atât în materia subrogației în drepturile creditorului prin plata creanței, cât și în materia cesiunii de creanță, transmiterea calității de creditor:","A. nu poate depinde de consimțământul debitorului;
B. nu se poate produce de drept, în temeiul legii;
C. atrage și transmiterea accesoriilor creanței.",C
13.  Creditorul poate fi pus în întârziere de către debitor atunci când refuză plata:,"A. în cazul în care, deși obligația, potrivit naturii sale, nu putea fi executată decât de către debitor, prestația este oferită, cu titlu de plată, de către o altă persoană;
B. sumei împrumutate fără dobândă, chiar dacă obligația de restituire nu a ajuns încă la scadență;
C. în cazul în care, în lipsa unei prevederi contractuale, debitorul oferă predarea bunului la domiciliul său motivând că acolo se afla bunul la momentul încheierii contractului, chiar dacă practicile statornicite între părți relevă că predarea unor bunuri de același fel se făcea, întotdeauna, la domiciliul creditorului.",B
"14.  În materia divorțului prin acordul soților pe cale administrativă, refuzul ofițerului de stare civilă de a constata desfacerea căsătoriei și de a emite certificatul de divorț:","A. se atacă cu acțiune în anulare în termen de 30 zile de la emitere;
B. nu poate face obiectul unei căi de atac;
C. constituie temei pentru formularea unei acțiuni în repararea prejudiciului doar dacă refuzul nu se întemeiază pe împrejurarea că soții nu se înțeleg asupra numelui de familie pe care să îl poarte după divorț ori asupra exercitării în comun a drepturilor părintești.",B
15.  Recunoașterea unui copil:,"A. se poate face de către părintele minor necăsătorit numai dacă are discernământ la data recunoașterii;
B. este irevocabilă, cu excepția situației în care se face prin testament;
C. este valabilă numai dacă, la data recunoașterii, copilul respectiv era în viață.",A
16.  Îndeplinirea condiției rezolutorii:,"A. în lipsa unei stipulații contrare, nu are efecte asupra prestațiilor executate in baza unui contract cu executare succesivă;
B. nu are efecte asupra posibilității de a renunța la condiție;
C. produce efecte retroactiv, din momentul încheierii contractului, dacă din voința părților, natura contractului ori dispozițiile legale nu rezultă contrariul.",AC
17.  Este anulabil actul juridic încheiat:,"A. ca urmare a violenței exercitate de un terț asupra uneia dintre părți, chiar dacă cealaltă parte nu cunoștea și nici nu ar fi trebuit să cunoască violența săvârșită de terț;
B. ca urmare a temerii insuflate de amenințarea cu exercițiul unui drept, făcută cu scopul de a obține avantaje injuste;
C. de minor fără încuviințarea ocrotitorului legal, atunci când încuviințarea era cerută de lege și suficientă pentru încheierea valabilă a actului, chiar dacă ulterior acesta din urmă a confirmat actul.",B
18.  Dreptul la acțiune este imprescriptibil:,"A. ori de câte ori, prin natura sau obiectul dreptului subiectiv ocrotit, exercițiul său nu poate fi limitat în timp;
B. în cazul acţiunii în constatarea nulităţii absolute a certificatului de moştenitor, numai dacă obiectul acestuia îl constituie partajul succesoral;
C. atunci când părțile convin astfel.",A
19.  Nedemnitatea judiciară:,"A. poate fi declarată la cererea oricărei persoane interesate;
B. poate fi declarată în cazul succesibilului care, cu rea-credinţă, a alterat testamentul defunctului;
C. poate fi invocată, pe cale de acțiune, în termen de 3 ani de la data deschiderii moștenirii.",B
20.  Cota succesorală a soţului supravieţuitor este de:,"A. o treime din moştenire, dacă vine în concurs cu doi descendenţi ai defunctului;
B. un sfert din moştenire, dacă vine în concurs numai cu părinții defunctului;
C. trei sferturi din moştenire, dacă vine în concurs fie cu ascendenţii ordinari, fie cu colateralii ordinari ai defunctului.",C
21.  Operează nulitatea absolută a:,"A. clauzei prin care se stabilește un termen de decădere ce face excesiv de dificilă săvârșirea actului de către partea interesată;
B. actului de administrare cu privire la bunurile din moștenire, încheiat de un nedemn cu un terț, chiar dacă profită moștenitorilor;
C. recunoașterii copilului, făcută din eroare.",A
"22.  După divorț, locuința minorului:","A. poate fi schimbată, în toate cazurile, de către părintele la care locuiește, fără a fi necesară încuviințarea celuilalt părinte;
B. poate fi schimbată, în toate cazurile, de către părintele la care locuiește, doar cu acordul prealabil al celuilalt părinte;
C. poate fi stabilită, în mod excepțional, numai dacă este în interesul superior al copilului, la o instituție de ocrotire.",C
23.  Părțile contractante:,"A. au obligația de a nu divulga terților niciuna dintre informațiile pe care și le-au comunicat în cursul negocierilor;
B. pot conveni efectuarea unor prestații al căror obiect îl reprezintă bunuri viitoare;
C. pot conveni ca un element al contractului să fie determinat de un terț.",BC
24.  În materia impreviziunii:,"A. nu este necesară încercarea debitorului de negociere a adaptării rezonabile şi echitabile a contractului, fiind suficient faptul că executarea obligațiilor a devenit mai oneroasă, fie datorită creşterii costurilor executării propriei obligaţii, fie datorită scăderii valorii contraprestaţiei;
B. se poate invoca schimbarea unor împrejurări, intervenită anterior încheierii contractului, dacă executarea contractului a devenit excesiv de oneroasă;
C. instanța poate să dispună încetarea contractului, la momentul şi în condiţiile pe care le stabileşte.",C
25.  Cursul prescripției extinctive:,"A. atunci când obiectul acțiunii constă în repararea prejudiciului cauzat prin vătămarea integrității corporale, se suspendă până la stabilirea pensiei ce s-ar cuveni, în cadrul asigurărilor sociale, celui îndreptățit la reparație;
B. începe, atât în caz de eroare, cât și în caz de dol, la data la care a fost cunoscută cauza de nulitate relativă, dar nu mai târziu de 18 luni de la data încheierii actului juridic;
C. în cazul acțiunii privind stabilirea judiciară a termenului pentru restituirea împrumutului de consumație, începe la data încheierii contractului.",AC
"26.  În ipoteza în care, în lipsa cutiei poştale, agentul a afişat înştiinţarea pe uşa locuinţei destinatarului la data de 10.03.2017 (vineri), cu menţiunea că nu există urgenţă, iar acesta nu s-a prezentat pentru a ridica citaţia, termenul de judecată pentru o cauză care nu este urgentă şi pentru care nu există posibilitatea scurtării termenului de înmânare a citaţiei, este legal fixat la data de:","A. 20.03.2017;
B. 22.03.2017;
C. 23.03.2017.",BC
27.  În ceea ce priveşte citarea şi comunicarea actelor de procedură:,"A. dacă partea a optat pentru comunicarea actelor de procedură prin executor judecătoresc, acesta nu le poate transmite prin poştă;
B. dacă citaţia a fost comunicată prin poştă electronică, procedura se socoteşte îndeplinită la data când destinatarul înapoiază instanţei formularul care i-a fost transmis odată cu citația, completat de către destinatar cu data primirii, numele în clar şi semnătura persoanei însărcinate cu primirea corespondenţei;
C. instanța nu va dispune citarea prin publicitate a pârâtului decât în cazul în care imobilul de la adresa menţionată ca domiciliu în cartea sa de identitate a fost demolat.",A
"28.  Cererea de reexaminare formulată împotriva încheierii de anulare a cererii de chemare în judecată, pronunțată în procedura regularizării:","A. se soluţionează prin încheiere ce are autoritate de lucru judecat, astfel încât pârâtul nu ar mai putea invoca un motiv de nulitate a cererii de chemare în judecată care a fost analizat de instanță în această procedură;
B. poate fi formulată în termen de 15 zile de la comunicarea încheierii de anulare;
C. se soluţionează cu citarea reclamantului, iar în caz de admitere completul de reexaminare va dispune comunicarea către pârât a cererii de chemare în judecată, în vederea formulării întâmpinării.",B
29.  Cererea reconvenţională:,"A. depusă la primul termen de judecată, într-un proces în care întâmpinarea este obligatorie, va fi disjunsă şi judecată separat;
B. este facultativă, în sensul că pârâtul îşi poate valorifica în toate cazurile pretenţiile pe cale separată, nefiind necesară formularea unei cereri reconvenţionale în acest scop;
C. poate fi formulată de pârât împotriva intervenientului principal.",C
30.  În materia excepțiilor procesuale:,"A. instanța se pronunță prin încheiere, cu excepția cazului în care respinge excepția de necompetență;
B. excepţia necompetenţei materiale se soluţionează cu prioritate faţă de excepţia nelegalei citări, deoarece numai o instanţă competentă poate verifica dacă procedura de citare a fost legal îndeplinită;
C. dacă instanța nu se poate pronunța de îndată asupra excepției invocate, va acorda un termen scurt în vederea soluționării acesteia.",C
31.  Președintele completului de judecată:,"A. nu poate să limiteze în timp cuvântul reclamantului, întrucât ar încălca principiile contradictorialităţii şi oralităţii, dar îi poate atrage atenţia să se limiteze la obiectul cauzei;
B. la cererea părţii interesate, pentru motive temeinice, poate schimba ordinea cauzelor de pe lista de ședință;
C. va da cuvântul reprezentantului Ministerului Public după celelalte părţi, în cazul în care acesta a pornit acțiunea.",B
32.  În materia probelor:,"A. înscrisul sub semnătură privată, dacă nu respectă formalitatea multiplului exemplar, este lovit de nulitate relativă;
B. mărturisirea extrajudiciară verbală poate fi invocată în cazurile în care proba cu martori este admisibilă;
C. instanţa la care se face expertiza prin comisie rogatorie va numi expertul şi va stabili suma cuvenită acestuia.",BC
33.  Suspendarea voluntară a judecății:,"A. se dispune, la cererea pârâtului, dacă reclamantul a cerut judecarea în lipsă, iar la strigarea cauzei a răspuns doar pârâtul;
B. spre deosebire de suspendarea de drept, este lăsată la aprecierea instanţei;
C. se dispune de judecătorie printr-o încheiere care, spre deosebire de încheierea prin care se admite cererea de repunere pe rol, este supusă recursului pe cale separată.",C
34.  Cererea de asigurare a probelor:,"A. făcută înainte de judecată, este de competenţa judecătoriei, chiar dacă valoarea pretenției care ar urma să fie dedusă judecății este de peste 200.000 lei;
B. se judecă fără citare, însă instanţa va putea dispune şi citarea părţilor, în caz de pericol în întârziere;
C. nu poate avea ca obiect recunoaşterea unui înscris, întrucât recunoaşterea înscrisului se poate face în procedura interogatoriului sau a verificării de scripte.",A
35.  În materia incidentelor procedurale:,"A. atât renunţarea la judecată, cât şi renunţarea la dreptul pretins se pot face verbal, în şedinţa de judecată;
B. cursul perimării este întrerupt dacă una din părţi este pusă sub curatelă;
C. recursul formulat împotriva încheierii prin care a fost suspendată judecata este admisibil, chiar dacă hotărârea ce urmează a se da asupra fondului este definitivă.",AC
36.  În cazul judecăţii în primă instanţă:,"A. dacă nu s-a depus răspuns la întâmpinare, judecătorul, în 3 zile de la expirarea termenului de 10 zile prevăzut pentru depunerea răspunsului, va fixa prin rezoluţie primul termen de judecată;
B. instanţa va da termen şi va dispune comunicarea cererii modificate pârâtului, dacă la primul termen de judecată reclamantul solicită contravaloarea obiectului cererii, pierit înainte de introducerea cererii de chemare în judecată;
C. pentru ca reclamantul, după primul termen de judecată, să îşi poată modifica cererea prin chemarea în judecată a unei alte persoane în calitate de pârât, este nevoie de acordul expres atât al acesteia din urmă, cât şi al pârâtului inițial.",B
"37.  În materie de îndreptare, lămurire şi completare a hotărârii judecătorești:","A. omisiunea instanţei de a se pronunţa asupra cheltuielilor de judecată solicitate de părţi poate fi înlăturată pe calea îndreptării hotărârii;
B. procedura lămuririi hotărârii nu poate fi folosită pentru înlăturarea neconcordanţelor dintre considerente şi dispozitiv;
C. dacă instanţa a admis în parte cererea de chemare în judecată, se poate cere completarea hotărârii pentru pretenţiile care au fost respinse.",B
38.  Procedura cu privire la cererile de valoare redusă se aseamănă cu procedura ordonanţei de plată prin aceea că:,"A. hotărârea prin care s-a admis cererea poate fi pusă în executare în timpul soluţionării căii de atac;
B. calea de atac exercitată împotriva hotărârii pronunțate de judecătorie se judecă de tribunal, în complet format din 2 judecători;
C. cererea este respinsă dacă este nevoie de administrarea altor probe în afara înscrisurilor depuse la dosar și a explicațiilor sau lămuririlor date de părți.",A
39.  Persoana care este terţ față de procesul civil:,"A. nu se poate sustrage, fără un motiv legitim, obligaţiei de a sprijini realizarea justiţiei;
B. poate refuza să aducă un înscris în instanță, pentru motivul că nu este parte în proces, chiar dacă instanța i-a pus în vedere o asemenea obligație;
C. poate fi constrânsă la executarea obligaţiei de a sprijini realizarea justiţiei, sub sancţiunea plăţii unei amenzi judiciare şi, dacă este cazul, a unor daune-interese.",AC
"40.  Potrivit principiului continuităţii ce guvernează procesul civil, judecătorul învestit cu soluţionarea cauzei:","A. nu poate fi înlocuit pe durata procesului decât pentru motive temeinice, în condiţiile legii;
B. va respinge cererea de conexare ori de câte ori soluționarea ei ar conduce la judecarea cauzei de către un alt complet;
C. va continua să judece procesul chiar în lipsa părţilor legal citate dacă acestea nu au solicitat judecarea cauzei în lipsă.",A
41.  În caz de admitere a declaraţiei de abţinere a judecătorului:,"A. cererea de recuzare va fi respinsă ca neîntemeiată;
B. indiferent de motivul acesteia, cererea de recuzare va fi respinsă, prin aceeaşi încheiere, ca rămasă fără obiect;
C. cererea de recuzare va fi respinsă ca rămasă fără obiect numai dacă motivele de recuzare sunt aceleaşi cu motivele de abţinere.",B
42.  Remunerarea provizorie a curatorului special numit de instanţa civilă:,"A. se fixează de către baroul din care provine avocatul desemnat în această calitate;
B. permite majorarea cuantumului acesteia numai dacă situaţia materială a părţii reprezentate corespunde unei atare majorări;
C. se fixează de către instanţă, prin încheiere, stabilindu-se totodată şi modalitatea de plată.",C
"43.  În cazul în care constată, cu ocazia deliberării, că este necesară introducerea în cauză a altor persoane, instanța, prin încheiere:","A. va respinge cererea fără a se pronunţa pe fond;
B. va repune cauza pe rol, dispunând citarea părţilor;
C. va soluționa cauza pe fond cu respectarea principiului disponibilității.",B
44.  În cazul competenţei teritoriale alternative:,"A. reclamantul are alegerea între mai multe instanţe deopotrivă competente;
B. pârâtul are alegerea între mai multe instanţe deopotrivă competente;
C. instanţa va dispune declinarea competenţei în favoarea altei instanţe deopotrivă competente, dacă pârâtul solicită acest lucru prin întâmpinare.",A
45.  Conexarea mai multor procese civile aflate pe rolul unor instanțe de același grad:,"A. se va face, în toate cazurile, prin trimiterea dosarului la instanţa mai întâi sesizată;
B. este posibilă, în primă instanţă, în cazul în care sunt aceleaşi părţi sau chiar împreună cu alte părţi şi al căror obiect şi cauză au între ele o strânsă legătură;
C. se va face prin trimiterea dosarului la instanţa competentă exclusiv, dacă una dintre cereri este de competenţa exclusivă a acestei instanţe.",BC
46.  Înalta Curte de Casaţie şi Justiţie:,"A. este competentă să soluţioneze cererea de strămutare întemeiată pe motiv de siguranţă publică, la cererea formulată de procurorul general al Parchetului de pe lângă Înalta Curte de Casaţie şi Justiţie;
B. este competentă să soluţioneze cererea de strămutare întemeiată pe motiv de bănuială legitimă dacă instanţa de la care se cere strămutarea este un tribunal;
C. va putea, la primirea cererii de strămutare, să solicite dosarul cauzei de la instanţa de la care se cere strămutarea.",AC
47.  Delegarea instanţei:,"A. se va dispune de către Înalta Curte de Casaţie şi Justiţie, la cererea părţii interesate, către o altă instanţă de acelaşi grad cu instanţa competentă care este împiedicată un timp mai îndelungat să funcţioneze din cauza unor împrejurări excepţionale;
B. se va dispune de preşedintele curţii de apel în circumscripţia căreia se află instanţa împiedicată să funcţioneze;
C. se va dispune de către instanţa sesizată atunci când, din motive obiective, administrarea probelor nu se poate face decât în afara localităţii de reşedinţă a instanţei.",A
48.  Termenul de apel:,"A. împotriva hotărârii prin care s-a soluționat o contestație la executare este de 5 zile de la pronunțare, pentru partea prezentă, respectiv de la comunicare, pentru partea lipsă;
B. se întrerupe prin moartea părţii care are interes să facă apel;
C. pentru procuror, curge de la pronunţarea hotărârii, în afară de cazurile în care procurorul a participat la judecarea cauzei, când termenul de apel curge de la comunicarea hotărârii.",BC
49.  În ceea ce privește termenul de recurs:,"A. în cazul hotărârii prin care se constată perimarea, acesta este de 5 zile de la comunicare;
B. acesta nu se întrerupe prin moartea mandatarului căruia i s-a făcut comunicarea hotărârii, însă se va face o nouă comunicare părţii, la domiciliul ei;
C. dacă intimatul nu a invocat prin întâmpinare sau din dosar nu reiese că recursul a fost depus peste termen, recursul se va socoti în termen.",C
50.  Contestaţia în anulare:,"A. este admisibilă în cazul în care dezlegarea dată recursului este rezultatul unei erori de judecată;
B. se introduce la instanţa ierarhic superioară instanţei care a pronunţat hotărârea care se atacă;
C. nu poate fi formulată de partea care a mai exercitat anterior această cale de atac, chiar dacă se invocă alte motive decât cele invocate prin contestaţia în anulare anterioară.",C
51.  Tentativa nu este posibilă la infracțiunile:,"A. săvârșite din culpă cu prevedere;
B. de obicei;
C. care au obiect material.",AB
52.  Infracțiunea continuată:,"A. este posibilă în cazul infracțiunilor săvârșite atât din culpă, cât și cu intenție;
B. nu este posibilă în cazul infracțiunilor săvârșite cu intenție indirectă;
C. este posibilă în cazul infracțiunilor așa-zise de pericol.",C
53.  Există concurs de infracțiuni:,"A. când o infracțiune a fost săvârșită pentru a ascunde comiterea de către aceeași persoană a unei infracțiuni săvârșite din culpă;
B. când o infracțiune de omor a fost săvârșită pentru a înlesni comiterea unei infracțiuni de tâlhărie;
C. când se săvârșesc mai multe acte de sustragere, la scurte intervale de timp, cu aceeaşi ocazie, în realizarea aceleiaşi hotărâri infracționale, din locuinţa comună a lui X şi Y.",AB
54.  Primul termen al recidivei poate consta într-o:,"A. condamnare definitivă la pedeapsa de 2 ani închisoare cu suspendarea executării sub supraveghere pentru infracțiunea de furt, dacă au trecut doi ani de la împlinirea termenului de supraveghere;
B. hotărâre definitivă prin care s-a amânat aplicarea pedepsei de 2 ani închisoare stabilită pentru o infracțiune săvârșită cu intenție depășită (praeterintenție);
C. hotărâre definitivă prin care s-a dispus internarea într-un centru de detenție pe o durată de 1 an și 6 luni pentru săvârșirea infracțiunii de furt calificat.",A
55.  Constituie circumstanțe agravante generale săvârșirea infracțiunii:,"A. în timpul nopții;
B. de două sau mai multe persoane împreună;
C. prin cruzimi.",C
56.  Pedeapsa amenzii se înlocuiește cu închisoarea dacă persoana condamnată:,"A. nu o execută cu rea-credință în tot sau în parte;
B. nu îndeplinește cu rea-credință obligațiile civile stabilite prin hotărârea de condamnare;
C. săvârșește o nouă infracțiune cu intenție, anterior începerii executării sau înainte de executarea în întregime a acesteia.",A
57.  Renunțarea la aplicarea pedepsei nu se poate dispune:,"A. în cazul săvârșirii unui concurs de infracțiuni;
B. dacă inculpatul a fost anterior condamnat la o pedeapsă de 3 ani închisoare pentru infracțiunea de furt calificat, pentru care se împlinise termenul de reabilitare la data săvârşirii faptei;
C. dacă inculpatul fusese condamnat în urmă cu doi ani la o pedeapsă de 3 ani închisoare pentru infracțiunea de ucidere din culpă.",C
"58.  La data liberării condiționate, cel condamnat:","A. este supus unor măsuri de supraveghere și respectării unor obligații, dacă pedeapsa aplicată este de doi ani închisoare;
B. este considerat că a executat pedeapsa principală;
C. execută pedeapsa complementară a interzicerii străinului de a se afla pe teritorul României, aplicată prin hotărârea de condamnare.",C
59.  Pedeapsa detențiunii pe viață nu poate fi aplicată celor care:,"A. au împlinit vârsta de 60 de ani la data pronunțării hotărârii;
B. aveau vârsta de 65 de ani la data săvârșirii infracțiunii;
C. aveau vârsta de 70 de ani la data pronunțării hotărârii de condamnare.",BC
60.  În cazul reținerii circumstanțelor agravante:,"A. limitele de pedeapsă prevăzute de lege pentru infracțiunea comisă se majorează cu jumătate;
B. limita minimă a pedepsei prevăzute pentru infracțiunea săvârșită nu se modifică;
C. limitele de pedeapsă prevăzute de lege pentru infracțiunea comisă se majorează cu o treime.",B
61.  Retragerea plângerii prealabile înlătură răspunderea penală:,"A. a persoanei cu privire la care a fost retrasă, în cazul în care plângerea a vizat mai mulți participanți la aceeași infracțiune;
B. în cazul în care două persoane vătămate, din cele trei care au formulat plângerea împreună, și-au retras plângerea;
C. numai dacă a fost însușită de procuror, în cazul infracțiunilor pentru care punerea în mișcare a acțiunii penale este condiționată de introducerea plângerii prealabile, dar acțiunea penală a fost pusă în mișcare din oficiu.",AC
"62.  Suspendarea executării pedepsei sub supraveghere, se poate dispune în cazul în unei hotărâri de condamnare la pedeapsa:","A. închisorii de 3 ani;
B. amenzii;
C. închisorii de 2 ani, însoțită de pedeapsa amenzii.",AC
63.  La stabilirea cuantumului unei zile-amendă ca pedeapsă unică pentru persoana fizică se ține seama de:,"A. situația materială a condamnatului;
B. obligațiile legale ale condamnatului față de persoanele aflate în întreținerea sa;
C. valoarea folosului patrimonial obținut sau urmărit.",AB
"64.  Fapta inculpatei X care i-a aplicat fiului său Z, în vârstă de 2 luni, lovituri repetate pe toată suprafaţa corpului care au determinat contuzii cerebrale, hematom epicranian, leziuni ischemice cerebrale şi au pus în primejdie viaţa victimei, fiind necesare circa 80 zile de îngrijiri medicale, întruneşte elementele constitutive:","A. ale infracţiunii de vătămare corporală prevăzută de art. 194 alin. 1 lit. e Cod penal (prin punerea în primejdie a vieţii persoanei) raportat la art. 199 alin. 1 Cod penal (referitor la comiterea faptei asupra unui membru de familie);
B. ale tentativei la infracţiunea de omor prevăzută de art. 32 alin. 1 Cod penal rap. la art. 188 Cod penal, cu aplicarea art. 199 alin. 1 Cod penal (referitor la omorul comis asupra unui membru de familie);
C. ale tentativei la infracţiunea de ucidere a nou-născutului prevăzută de art. 32 alin. 1 Cod penal rap. la art. 200 alin. 1 Cod penal.",B
"65.  Inculpatul A, cu sprijinul inculpatului B care i-a deschis uşa blocului prevăzută cu interfon, a pătruns fără drept, împreună cu inculpatul C, prin distrugerea sistemului de închidere a uşii de acces în apartamentul lui X, şi a răvăşit bunurile lui X împreună cu ceilalţi doi inculpaţi în vederea sustragerii unor obiecte sau înscrisuri, părăsind însă imobilul fără a sustrage nici un bun, negăsind niciun bun de valoare. Fapta lui A constituie:","A. tentativă la infracţiunea de furt calificat comisă prin efracţie şi violare de domiciliu, de trei persoane împreună, prevăzută de art. 32 alin. 1 Cod penal raportat la art. 228 alin. 1 Cod penal - art. 229 alin. 1 lit. d, alin. 2 lit. b Cod penal cu aplicarea art. 77 lit. a Cod penal;
B. tentativă la infracţiunea de furt calificat comisă prin efracţie şi violare de domiciliu, de trei persoane împreună, prevăzută de art. 32 alin. 1 Cod penal raportat la art. 228 alin. 1 Cod penal - art. 229 alin. 1 lit. d, alin. 2 lit. b Cod penal cu aplicarea art. 77 lit. a Cod penal, în concurs cu infracţiunea distrugere comisă de trei persoane împreună, prevăzută de art. 253 alin. 1 Cod penal cu aplicarea art. 77 lit. a Cod penal;
C. doar infracţiunea de distrugere, comisă de trei persoane împreună, prevăzută de art. 253 alin. 1 Cod penal cu aplicarea art. 77 lit. a Cod penal, întrucât făptuitorii s-au desistat, nesustrăgând niciun bun.",A
"66.  Avocatul X a virat prin transfer bancar în conturile personale o sumă de bani transferată din greşeală de către o societate în contul cabinetului de avocatură al avocatului X, unitatea bancară comunicând acestuia faptul că suma de bani a fost virată din eroare în contul cabinetului de avocatură. Avocatul X nu a restituit suma de bani, apreciind că este vorba despre un litigiu civil, ce urmează a fi soluţionat de instanţa civilă. În sarcina inculpatului (avocatul X):","A. se va reţine infracţiunea de însuşire a bunului găsit, prevăzută de art. 243 alin. 2 Cod penal;
B. se va reţine infracţiunea de furt, prevăzută de art. 228 alin. 1 Cod penal;
C. nu se poate reţine nicio infracţiune, fiind vorba despre un litigiu civil având ca obiect o plată nedatorată.",A
"67.  Fapta inculpatului de a depune la instanţa de judecată, la mai multe termene ce au avut loc în cadrul unui proces, 4 chitanţe falsificate care atestă, în mod nereal, plata unor sume de bani cu titlu de onorariu avocat, în scopul obligării părţii adverse de către instanţă la plata cheltuielilor de judecată, rezultat care nu s-a produs din cauza pierderii procesului, constituie:","A. tentativă la infracţiunea de înşelăciune comisă prin folosirea de mijloace frauduloase, prevăzută de art. 32 Cod penal raportat la art. 244 alin. 1 şi 2 Cod penal;
B. infracţiunea de fals în înscrisuri sub semnătură privată în formă continuată, prevăzută de art. 322 alin. 1 Cod penal cu aplicarea art. 35 alin. 1 Cod penal;
C. infracţiunea de fals în înscrisuri sub semnătură privată prevăzută de art. 322 alin. 1 Cod penal",B
68.  În cazul infracţiunii de incest:,"A. nu este posibilă participaţia penală;
B. forma de vinovăţie poate fi şi culpa;
C. sunt realizate elementele de tipicitate şi în cazul în care subiecţii activi sunt numai fraţi consangvini (după tată).",C
"69.  Inculpata A a încheiat un contract de împrumut cu partea civilă B, prin care inculpata A a împrumutat de la partea civilă B suma de 36.000 lei pentru un an. La momentul încheierii contractului de împrumut, inculpata A a prezentat părţii civile B un contract de vânzare-cumpărare ce atesta dreptul de proprietate al inculpatei A asupra unui imobil, care a constituit garanţia contractului de împrumut, deşi anterior momentului încheierii contractului de împrumut şi al constituirii garanţiei, inculpata A transmisese către un terţ dreptul de proprietate asupra imobilului printr-un alt contract de vânzare-cumpărare. Fapta inculpatei A constituie:","A. infracţiunea de înşelăciune în varianta tip prevăzută de art. 244 alin. 1 Cod penal;
B. infracţiunea de înşelăciune comisă prin folosirea de mijloace frauduloase, prevăzută de art. 244 alin. 1 şi 2 Cod penal;
C. infracţiunea de înşelăciune în varianta tip prevăzută de art. 244 alin. 1 Cod penal în concurs cu infracţiunea de uz de fals prevăzută de art. 323 Cod penal.",B
"70.  Inculpatul D, pe fondul unei dispute cu persoana vătămată E, având ca obiect dreptul de folosinţă al unui teren (nici una dintre părţi neavând un titlu valabil cu privire la dreptul de folosinţă al terenului) a executat discuirea suprafeţei menţionate, distrugând în totalitate cultura de floarea-soarelui înfiinţată de persoana vătămată E pe terenul respectiv, după care a semănat aceeaşi suprafaţă cu porumb, invocând faptul că în zonă terenurile negrăniţuite sunt lucrate în blocuri compacte, conform înţelegerilor dintre persoane, ignorându-se delimitările din titlurile de proprietate, aspecte cunoscute atât de către inculpat, cât şi de către partea civilă. Raportat la situaţia prezentată, fapta inculpatului D:","A. întruneşte elementele constitutive ale infracţiunii de distrugere în varianta tip, prevăzută de art. 253 alin. 1 Cod penal;
B. întruneşte elementele constitutive ale infracţiunii de tulburare de posesie prev. de art. 256 alin. 1 Cod penal;
C. nu constituie infracţiune, niciuna dintre părţi neavând titlu valabil cu privire la dreptul de folosinţă al terenului.",A
71.  Infracţiunea de tăinuire:,"A. nu poate îmbrăca forma continuată de săvârşire, dacă multiplele acte de ajutor se referă la autori ai unor infracţiuni distincte;
B. este o infracţiune autonomă faţă de infracţiunea din care provin bunurile ce constituie obiectul său material;
C. este comisă în forma continuată atunci când tăinuitorul primeşte un autoturism furat, îl vopseşte şi îl înstrăinează unui terţ.",B
72.  În cazul infracţiunii de cercetare abuzivă:,"A. nu este posibilă tentativa;
B. se poate reţine forma continuată;
C. este posibilă reţinerea acestei infracţiuni în concurs cu infracţiunea de favorizare a făptuitorului.",BC
"73.  Spre deosebire de infracţiunea de ultraj, cea de ultraj judiciar:","A. poate avea ca subiect pasiv un poliţist sau jandarm, aflat în exerciţiul atribuţiilor de serviciu;
B. absoarbe infracţiunea de loviri sau alte violenţe comisă împotriva victimei aflate în exerciţiul atribuţiilor de serviciu sau în legătură cu exercitarea acestor atribuţii;
C. poate fi comisă împotriva unui avocat în legătură cu exercitarea profesiei.",C
74.  Infracţiunea de favorizarea făptuitorului:,"A. poate fi comisă de către participanţii la infracţiunea principală;
B. se poate reţine în sarcina persoanei care sesizează organele de urmărire penală afirmând că este autorul unei infracţiuni, pe care nu o comisese, cunoscând cine este adevăratul autor;
C. nu se pedepseşte atunci când favorizatorul are calitatea de soţ sau rudă apropiată cu unul dintre coautorii infracţiunii principale.",B
"75.  Inculpatul H a pătruns într-o clădire dezafectată, loc în care ştia că se află persoana vătămată F şi a încercat să întreţină raporturi sexuale cu aceasta prin constrângere, însă nereuşind, i-a smuls acesteia telefonul din mână pentru a nu o lăsa să anunţe organele de poliţie, şi l-a aruncat pe geamul clădirii, telefonul mobil spărgându-se, după care inculpatul a fugit de la faţa locului. În sarcina inculpatului se vor reţine în concurs:","A. tentativă la infracţiunea de viol şi infracţiunea de tâlhărie;
B. tentativă la infracţiunea de viol şi tentativă la infracţiunea de tâlhărie;
C. tentativă la infracţiunea de viol şi infracţiunea de distrugere.",C
"76.  Inculpatul, cercetat pentru infracţiunea de şantaj, poate invoca nelegalitatea percheziţiei domiciliare efectuate în locuinţa sa, în prezenţa soţiei sale, în timp ce era reţinut în cauză ca suspect, fără să fie înştiinţat oficial şi adus la efectuarea acesteia:","A. până la primul termen de judecată în faţa instanţei;
B. imediat după ce i-a fost comunicat procesul -verbal de percheziţie domiciliară, dar nu mai târziu de terminarea urmăririi penale;
C. cel mai târziu pe calea contestaţiei formulate împotriva încheierii prin care s-a dispus începerea judecăţii în procedura de cameră preliminară.",C
77.  Nulitatea:,"A. absolută este incidentă în cazul în care judecata în primă instanţă a infracțiunii de omor comisă de un profesor universitar a fost efectuată de Curtea de apel;
B. relativă poate fi invocată până la închiderea procedurii în camera preliminară, dacă încălcarea a intervenit în cursul urmăririi penale, când instanța a fost sesizată cu un acord de recunoaștere a vinovăției;
C. relativă se acoperă atunci când persoana interesată nu a invocat-o în termenul prevăzut de lege.",C
"78.  Plângerea prealabilă formulată şi semnată de soţul persoanei vătămate X împotriva notarului public Z pentru infracţiunea de lovire şi alte violenţe, la care a ataşat procura specială dată de soţie (persoana vătămată X), va fi:","A. clasată de Parchetul de pe lângă Judecătoria A în a cărui circumscripţie a fost comisă fapta, pentru motivul că plângerea prealabilă trebuia formulată şi semnată de persoana vătămată;
B. clasată pentru tardivitate de Parchetul de pe lângă Judecătoria A, în a cărui circumscripţie a fost comisă fapta, în condiţiile în care a fost înregistrată la Judecătoria A în termen de 2 luni de la data comiterii faptei, dar a fost trimisă la acest parchet pe cale administrativă după încă 2 luni;
C. înregistrată la Parchetul de pe lângă Curtea de Apel B, în a cărui circumscripţie a fost comisă fapta, iar urmărirea penală va fi efectuată de către procuror.",C
79.  Urmărirea penală se efectuează în mod obligatoriu de către procuror în cazul:,"A. infracțiunii de ultraj prevăzute de art. 257 Cod penal;
B. infracțiunilor care au avut ca urmare moartea unei persoane;
C. infracțiunii de înșelăciune prev. de art. 244 Cod penal săvârșite de un auditor public extern.",AC
80.  În procedura plângerii împotriva ordonanței procurorului prin care s-a luat ori s-a prelungit controlul judiciar:,"A. se poate formula contestație împotriva încheierii pronunţate de judecătorul de drepturi şi libertăţi în termen de 48 de ore de la pronunțare sau, după caz, de la comunicare;
B. contestația formulată de procuror împotriva încheierii judecătorului de drepturi şi libertăţi prin care s-a eliminat o obligație din conținutul controlului judiciar nu suspendă executarea;
C. încheierea pronunțată de judecătorul de drepturi și libertăți se comunică inculpatului prezent la pronunțare, arestat în altă cauză.",B
"81.  În cazul în care scrisoarea recomandată prin care se citează un suspect sau inculpat care locuiește în străinătate nu poate fi înmânată, precum și în cazul în care statul destinatarului nu permite citarea prin poștă, se va afişa:","A. citația, la sediul instanței sau parchetului, după caz;
B. o înştiinţare, pe uşa destinatarului, care să cuprindă termenul stabilit de organul judiciar care a emis citația, în care destinatarul este în drept să se prezinte la organul judiciar pentru a i se comunica citația;
C. o înştiinţare, la sediul instanţei sau parchetului, care trebuie să cuprindă mențiunea că, în cazul în care destinatarul nu se prezintă pentru comunicarea citației în termenul stabilit de organul judiciar, citația se consideră comunicată la împlinirea acestui termen.",A
82.  Asistența juridică este obligatorie:,"A. în cursul judecății, din momentul dispunerii schimbării încadrării juridice, dacă instanța consideră, în temeiul art.386 Cod procedură penală, că încadrarea juridică dată faptei prin actul de sesizare trebuie schimbată într-o infracțiune pentru care legea prevede pedeapsa închisorii până la 5 ani;
B. în cazul în care inculpatul – aflat în penitenciar în executarea unei pedepse - trimis în judecată pentru comiterea infracțiunii de înșelăciune, prevăzută de art. 244 alin. 1 Cod penal și pedepsită cu închisoarea de la 6 luni la 3 ani, se împacă cu persoana vătămată;
C. la încheierea acordului de recunoaștere a vinovăției pentru infracțiunea de furt simplu.",BC
83.  Instanța de judecată va dispune:,"A. restabilirea situației anterioare săvârșirii infracțiunii doar dacă persoana vătămată s-a constituit parte civilă până la începerea cercetării judecătorești, în cazul infracţiunii de tulburare de posesie;
B. obligatoriu, până la soluţionarea în fond a cauzei, restabilirea situației anterioare săvârșirii infracțiunii comise asupra persoanei vătămate minore când schimbarea acelei situații a rezultat din comiterea infracțiunii, iar restabilirea este posibilă;
C. desființarea totală sau parțială a unui înscris, chiar dacă nu există constituire de parte civilă.",C
"84.  Procurorul dispune clasarea, pentru cazul prevăzut de art. 16 alin. 1 litera a) Cod procedură penală, prin ordonanţă ce a fost comunicată legal atât persoanei vătămate, cât şi suspectului şi nu a fost atacată în condiţiile legii. În această situaţie:","A. cheltuielile judiciare avansate de stat nu sunt suportate de suspect;
B. procurorul ierarhic superior celui care a emis ordonanţa poate revoca ordonanţa de clasare pe motiv că au apărut fapte noi din care rezultă că a dispărut împrejurarea pe care s-a întemeiat clasarea;
C. procurorul care a emis ordonanţa poate infirma ordonanţa de clasare pe motiv că ulterior se constată că nu a existat împrejurarea pe care s-a întemeiat clasarea.",A
85.  Obiectele ridicate la percheziţie care constituie mijloace de probă în condițiile art.162 Cod procedură penală:,"A. sunt atașate la dosar sau păstrate în alt mod;
B. sunt păstrate numai la organul de urmărire penală până la soluționarea definitivă a cauzei;
C. se restituie în toate cazurile persoanei căreia îi aparţin, dacă nu au legătură cu cauza.",A
86.  În ceea ce privește expertiza:,"A. nu se poate încuviinţa, la solicitarea procurorului ca expertul care a efectuat expertiza în cursul urmăririi penale, să participe la efectuarea în cursul judecăţii a noii expertize, alături de expertul desemnat de instanţă;
B. se poate dispune în cursul urmăririi penale de judecătorul de drepturi și libertăți prin încheiere;
C. în faza de judecată, la momentul dispunerii prin încheiere a expertizei având ca obiectiv stabilirea numărului de zile de îngrijiri medicale, instanța va desemna și experții pentru efectuarea acesteia.",A
87.  Termenul:,"A. de 24 de ore pentru care se poate dispune reţinerea suspectului sau inculpatului este un termen substanţial;
B. de recomandare atrage sancţiuni în plan procesual în caz de nerespectare;
C. peremptoriu atrage nulitatea actului făcut peste termen.",AC
88.  În procedura reabilitării:,"A. instanţa va suspenda examinarea cererii, dacă anterior soluţionării acesteia, împotriva condamnatului, s-a dispus efectuarea în continuare a urmăririi penale ( in personam), într-o altă cauză;
B. competenţa teritorială este una alternativă;
C. instanţa va respinge cererea, constatând că executarea pedepsei s-a prescris din cauza sustragerii de la executare a celui condamnat.",BC
89.  Calea extraordionară de atac a revizuirii:,"A. este inadmisibilă atunci când este formulată de procuror, acesta solicitând rejudecarea şi condamnarea inculpatului, motivat de faptul că s-au descoperit împrejurări noi, ce nu au fost cunoscute la soluţionarea cauzei, iar acestea dovedesc nelegalitatea soluţiei de achitare a inculpatului;
B. este inadmisibilă atunci când este formulată de condamnat pentru că hotărârea s-a întemeiat pe o prevedere legală declarată neconstituţională, după rămânerea definitivă a hotărârii, ca urmare a admiterii unei excepţii de neconstituţionalitate ridicate în altă cauză;
C. presupune în toate cazurile, după admiterea în principiu a cererii de revizuire, etapa cercetărilor efectuate de către procuror.",AB
"90.  Instanţa sesizată cu un acord de recunoaştere a vinovăţiei, în condiţiile art. 480 şi următoarele Cod procedură penală:","A. va schimba încadrarea juridică a faptei reţinute în acord, atunci când constată că această încadrare este una greşită;
B. va respinge acordul de recunoaştere a vinovăţiei atunci când inculpatul, în faţa instanţei de judecată, retrage consimţământul valabil exprimat în cursul urmăririi penale;
C. va dispune punerea de îndată în libertate a inculpatului arestat preventiv în cauză, atunci când admite acordul de recunoaştere a vinovăţiei care prevede pedeapsa închisorii cu suspendarea sub supraveghere a executării acesteia.",C
91.  Percheziţia:,"A. domiciliară nu se poate dispune în locuinţa unei persoane, dacă urmărirea penală a fost începută numai cu privire la faptă (in rem);
B. corporală se efectuează exclusiv de organele judiciare;
C. se poate efectua în şifonierul cu haine al soţiei suspectului, chiar dacă aceasta nu se află în domiciliu în momentul efectuării percheziţiei, dar este prezent soţul său.",C
92.  Instanța de judecată:,"A. va administra probe și va soluționa cauza și în ceea ce privește infracțiunea pentru care, prin actul de sesizare a instanţei, s-a dispus clasarea, având în vedere faptul că partea civilă a solicitat despăgubiri și pentru prejudiciul cauzat prin aceasta;
B. va soluționa cauza în procedura simplificată a recunoașterii învinuirii, constatând că inculpatul, trimis în judecată pentru infracțiunea de tăinuire, prevăzută de art. 270 Cod penal, recunoaște că a primit bunul de la autorul furtulu, dar arată că nu a știut că provine din furt;
C. nu va suspenda judecata atunci când din actele medicale eliberate de medicul de familie, rezultă că inculpatul, din cauza bolii, nu se poate prezenta la judecată.",C
93.  Este incompatibil:,"A. judecătorul de cameră preliminară, învestit să soluţioneze contestaţia împotriva luării măsurii sechestrului asigurator, atunci când în cursul urmăririi penale a soluționat plângerea prin care inculpatul a solicitat modificarea unei obligații din conținutul controlului judiciar dispus de procuror;
B. judecătorul învestit cu o cerere de redeschidere a procesului penal, care anterior a admis plângerea împotriva soluției de clasare a procurorului și a trimis cauza la procuror pentru completarea urmăririi penale;
C. judecătorul care a soluţionat contestaţia împotriva încheierii de menţinere a arestului la domiciliu în procedura de cameră preliminară şi care este învestit ulterior şi cu contestaţia împotriva încheierii de menţinere a acestei măsuri în cursul judecăţii.",AB
94.  Într-o cauză penală:,"A. se poate admite propunerea de arestare preventivă a unei persoane, atunci când urmărirea penală se desfăşoară in rem (cu privire la faptă);
B. persoana care a suferit o vătămare fizică, materială sau morală printr-o faptă penală poate renunţa la calitatea procesuală de persoană vătămată, existând posibilitatea de a participa în proces ca alt subiect procesual;
C. o persoană poate dobândi calitatea de inculpat şi în cursul judecăţii, prin efectul declaraţiei orale a procurorului de punere în mişcare a acţiunii penale.",BC
95.  În cauzele cu inculpaţi minori:,"A. nu este obligatorie citarea de către organul de urmărire penală a părinţilor inculpatului minor în vârstă de 17 ani, la confruntarea acestuia cu persoana vătămată;
B. la punerea în executare a măsurii educative a consemnării la sfârşit de săptămână trebuie chemat reprezentantul serviciului de probaţiune;
C. instanţa, în cursul judecăţii, va constata nulitatea declaraţiei inculpatului minor, dată în cursul urmăririi penale în lipsa unui avocat ales sau desemnat din oficiu.",AB
"96.  Cererea de redeschidere a procesului penal, întemeiată pe dispoziţiile art. 466 Cod procedură penală:","A. poate fi formulată şi de o persoană faţă de care s-a dispus renunţarea la aplicarea pedepsei;
B. va fi respinsă, în cazul în care vizează judecarea în lipsă în procesul având ca obiect cererea de revizuire formulată de condamnat împotriva sentinţei de condamnare, cerere care a fost respinsă;
C. poate fi formulată şi oral.",AB
"97.  În cazul în care procurorul dispune clasarea faţă de suspect pentru infracţiunea de lovire şi alte violenţe ca urmare a lipsei plângerii prealabile, în procedura plângerii împotriva acestei soluţii:","A. petenţii şi intimaţii pot formula cereri şi excepţii privind legalitatea administrării probelor sau a actelor de urmărire penală;
B. judecătorul de cameră preliminară verifică soluţia pe baza actelor şi a materialului din dosarul de urmărire penală şi a oricăror înscrisuri noi prezentate;
C. încheierea pronunţată de judecătorul de cameră preliminară este definitivă.",BC
98.  În cazul dispunerii unei soluţii de clasare:,"A. măsurile asiguratorii luate de procuror din oficiu, în vederea reparării pagubei, încetează de drept dacă persoana vătămată nu introduce acţiune civilă în faţa instanţei civile în termen de 10 zile de la comunicarea soluţiei de clasare;
B. procurorul are obligaţia să menţină măsurile asiguratorii doar dacă acestea au fost dispuse din oficiu;
C. procurorul poate menţine prin ordonanţa de clasare măsurile asiguratorii privind reparaţiile civile, chiar dacă persoana vătămată este majoră.",C
"99.  Judecătoria X, investită cu rechizitoriul Parchetului de pe lângă această instanţă declină competenţa de soluţionare a cauzei în favoarea Judecătoriei Y, pe motiv că fapta a fost comisă în raza de competenţă a acesteia. Judecătoria Y, constatând că este într-adevăr competentă:","A. va relua procedura din etapa camerei preliminare, deoarece încheierea de începere a judecăţii a fost pronunţată de un judecător de cameră preliminară de la Judecătoria X;
B. va menţine toate actele efectuate şi măsurile dispuse şi va continua judecata;
C. va trimite cauza Parchetului de pe lângă Judecătoria Y pentru refacerea urmăririi penale.",B
"100.  Inculpatul X a fost condamnat la pedeapsa de 1 an închisoare pentru infracţiunea de lovire şi alte violenţe, prin sentinţă rămasă definitivă prin neapelare. În acest caz:","A. fiind prins în străinătate şi extrădat de statul străin, poate formula cerere de redeschidere a procesului penal, pentru motivul că a fost judecat în lipsă, la instanţa superioară celei care a pronunţat hotărârea;
B. competenţa de soluţionare a contestaţiei în anulare întemeiată pe motivul că persoana vătămată îşi retrăsese plângerea prealabilă aparţine instanţei care a pronunţat hotărârea în primă instanţă;
C. cererea de revizuire formulată de procuror prin care a solicitat rejudecarea cauzei şi achitarea inculpatului, deoarece certificatul medico-legal al persoanei vătămate a fost declarat fals, poate fi formulată în maxim 1 an de la rămânerea definitivă a hotărârii prin care s-a constatat falsul.",B
