"1.  Avocatul M a fost solicitat să comunice unei societăți comerciale interesate dacă în profesia de avocat este interzisă și sancționată concurența profesională neloială. Printre altele, avocatul a comunicat că sunt fapte de concurenţă neloială, ce atrag întotdeauna sancţiunea excluderii din profesia de avocat:","A. punerea în circulaţie de produse, servicii sau publicaţii, cu conţinut juridic plagiat, care aduc atingere drepturilor titularului şi induc în eroare clientul asupra produsului sau serviciului furnizat
B. limitarea sau împiedicarea accesului la clientelă şi a libertăţii exercitării concurenţei profesionale oneste între avocaţi
C. folosirea fără drept a unei firme, denumiri, embleme sau mărci de natură să producă confuzie cu cele folosite legitim de un alt avocat sau o altă formă asociativă de exercitare a profesiei",B
"2.  Avocatul N a adresat o cerere către Consiliul  Uniunii Naționale a Barourilor din România (UNBR), prin care a solicitat înregistrarea în evidențele UNBR  a formei de exercitare a profesiei de avocat pentru care a optat, potrivit legii, respectiv „Cabinetul individual de avocat” pe care l- a înființat și al cărui titular este. Petentul a precizat că denumirea Cabinetului individual va include  numele unui avocat cu notorietate profesională obținută într-o altă țară din cadrul Uniunii Europene, cu acordul acestuia, cu precizarea că acest avocat nu este înscris într-un barou din România, dar este avocat european.","A. Cererea trebuia adresată Consiliului baroului în care este înscris avocatul
B. Cabinetul individual de avocat este individualizat prin denumire, care cuprinde, obligatoriu, numele avocatului titular
C. Denumirea cabinetului nu poate include numele unui terț, chiar și avocat, deoarece poate fi păstrată și după decesul titularului, dacă moștenitorii acestuia sunt de acord iar acordul este exprimat într-un înscris atestat de un avocat",B
"3.  Prin intermediul unei platforme on-line de consultanță, AM a primit următoarele lămuriri privind relațiile dintre organe ale profesiei de avocat:","A. Comisia de cenzori si Comisia de disciplină, organizate la nivelul barourilor, sunt organe de conducere ale baroului
B. Adunarea generală, Consiliul baroului și Decanul sunt organe de conducere ale baroului, subordonate Consiliului Uniunii Naționale a Barourilor din România
C. Comisia de cenzori a Uniunii Naționale a Barourilor din România și Comisia centrală de disciplină din cadrul Uniunii Naționale a Barourilor din România sunt organe de conducere ale comisiilor de cenzori și ale comisiilor de disciplină din cadrul barourilor",
"4.  Între avocatul-coordonator al Societății civile profesionale de avocați ”Y” și avocatul ”Z”, avocat colaborator al societății, nu există acord asupra soluțiilor propuse în situaţia în care unui avocat colaborator i se conferă dreptul la clientela personală în cadrul formei de exercitare a profesiei din care face parte:
(precizați care dintre soluțiile enumerate este/sunt corectă/corecte)","A. avocatul colaborator are obligaţia de a încheia o asigurare de răspundere civilă profesională pentru acoperirea eventualelor prejudicii aduse formei de exercitare a profesiei din care face parte
B. în contractul de colaborare se poate prevedea că, pentru tratarea clientelei personale prin forma de exercitare a profesiei, avocatul colaborator să încheie o asigurare de răspundere civilă profesională pentru acoperirea eventualelor prejudicii suferite de client şi rezultate din exercitarea profesiei cu nerespectarea prevederilor legii, ale statutului profesiei de avocat şi ale regulilor deontologice
C. culpa gravă a avocatului colaborator în îndeplinirea obligaţiilor profesionale, care determină producerea unui prejudiciu clienţilor formei de exercitare a profesiei din care face parte respectivul colaborator, atrage întotdeauna obligaţia avocatului colaborator de a repara prejudiciul încercat de forma de exercitare a profesiei",C
"5.  În cursul unui litigiu avocatul A a reproșat public avocatului B că se află în conflict de interese în raport de activitățile profesionale desfășurate înainte de proces și poziția procesuală a părților asistate și apărate de avocatul B. Avocatul B a transmis în scris o corespondență adresată avocatului A și decanului baroului din care fac parte cei doi avocați, în care a susținut că nu există conflict de interese:","A. în activitatea de asistare şi apărare, atunci când la data sesizării sale, asistarea mai multor părţi ar determina avocatul să prezinte o altă apărare, diferită de aceea pentru care ar fi optat dacă i-ar fi fost încredinţată apărarea intereselor unei singure părţi
B. în activitatea de consultanţă, când la data solicitării sale, avocatul care are obligaţia de a da clientului său o informaţie completă, loială şi fără rezerve, nu-şi poate îndeplini misiunea fără a compromite interesele unuia sau mai multor clienţi
C. atunci când, după ce avocatul aduce la cunoştinţa fiecăruia dintre clienţii potenţial afectaţi de asistenţa juridică acordată existenţa sau posibilitatea creării unui conflict de interese, precum şi eventualele consecinţe nefavorabile ale acestuia, fiecare dintre respectivii clienţi îşi dau acordul expres şi prealabil cu privire la prestarea activităţii de asistenţă juridica",C
"6.  La solicitarea unei societăți comerciale, interesate în a clarifica raporturile sale cu avocații angajați, organizați în forma de exercitare a profesiei „cabinete asociate”, avocatul C a comunicat în scris că în cazul cabinetelor asociate de avocaţi:","A. cabinetele asociate nu pot angaja clienţi cu interese contrare
B. avocaţii din cabinetele asociate intră în relaţie cu clienţii în numele asocierii din care fac parte
C. un cabinet asociat poate accepta o cauză chiar dacă unul dintre cabinetele asociate se opune în mod justificat, deoarece asocierea nu poate restrânge drepturile avocaţilor asociaţi",AB
"7.  Avocatul A este contactat prin e-mail de persoana B, pentru ca aceasta din urmă să încheie un contract de asistență juridică în folosul numitului AB, care ar urma să fie beneficiarul serviciilor de asistență juridică și reprezentare stabilite în contract. În răspunsul dat, avocatul A a precizat următoarele soluții privind contractul de asistenţă juridică, care:","A. se încheie în formă scrisă, cerută ad validitatem
B. poate fi încheiat  valabil, în scris, cu condiția ca în contract să se precizeze serviciile avocațiale de care va beneficia clientul AB
C. poate lua poate lua forma unei scrisori de angajament care să indice raporturile juridice dintre avocat şi destinatarul scrisorii (AB), inclusiv serviciile avocaţiale şi onorariul, semnată de avocat şi acceptată, în scris, de clientul AB",BC
"8.  Deoarece a constatat că pe parcursul acordării asistenţei juridice într-un proces civil, acţiunile şi scopurile clientului, aparent legale la momentul încheierii contractului de asistență juridică, se dovedesc ca fiind infracţionale, avocatul a comunicat în scris clientului că este pus în situația să opteze pentru următoarele soluții:","A. este îndreptăţit să se retragă imediat şi să renunţe la asistarea şi/sau reprezentarea clientului
B. este obligat să renunţe imediat la contractul de asistenţă juridică încheiat cu clientul
C. va oferi clientului o opinie legală onestă cu privire la consecinţele de fapt şi juridice ale cazului investigat, în limitele informaţiilor furnizate de client",A
"9.  Pe parcursul apărării și reprezentării juridice asigurate clientului său, după eșuarea tratativelor angajate pentru încheierea unei tranzacții între părți, avocatul a fost solicitat de MN, avocatul care l-a recomandat clientului, să depună la dosarul cauzei, cu titlu de „probe”, actele emanate de la partea adversă, comunicate pe parcursul tratativelor nefinalizate cu împăcarea părților, chiar fără acordul clientului său. Avocatul a comunicat că, potrivit reglementărilor profesionale, avocatul:","A. poate în orice împrejurare să comunice autorităţilor jurisdicţionale acte, note sau alte documente, chiar dacă acestea nu au fost comunicate avocatului părţii adverse
B. nu poate să supună instanţelor judecătoreşti o propunere de soluţionare a cauzei, făcută de partea adversă sau de către avocatul acesteia, fără autorizarea expresă a avocatului părţii adverse
C. în toate cazurile, avocatul este obligat să comunice clientului informațiile pe care le deține în legătură cu cazul acestuia, chiar și în situația în care comunicarea lor ar contraveni interesului său personal",AC
"10.  Avocatul A a renunțat unilateral la executarea contractului de asistență juridică și a comunicat clientului că, în cazul în care contractul de asistenţă juridică încetează prin renunţarea unilaterală a avocatului:","A. clientul este ţinut atât la plata onorariului cuvenit avocatului pentru serviciile prestate, cât şi la acoperirea cheltuielilor efectuate de avocat în interesul clientului, nefiind exonerat de această obligaţie chiar în condiţiile în care avocatul a renunţat unilateral la contract
B. avocatul nu trebuie să restituie clientului onorariul încasat, deoarece, în cazul în care se angajează să asiste şi/sau să reprezinte un client într-o procedură legală, îşi asumă obligaţii de diligenţă, nu de rezultat
C. nu este corectă susținerea clientului, prin care acesta a arătat : avocatul trebuie să restituie clientului onorariul încasat, pentru motivul că activitatea pe care s-a angajat să o presteze în folosul clientului – prin încheierea contractului de asistenţă juridică – nu s-a finalizat şi, mai mult, avocatul a fost cel care a renunţat unilateral la contract",A
"11.  La data de 16.12.2018 V îl cheamă în judecată pe Z solicitând obligarea acestuia la plata sumei de 6.000 lei reprezentând suma pe care i-a împrumutat-o lui Z și pe care acesta trebuia, potrivit convenției părților, să o restituie la data de 13.04.2017. Z se apară invocând compensația între creanța pretinsă de V și suma pe care acesta i-o datora cu titlu de chirie în baza unui contract de locațiune a unui imobil încheiat între părți pentru perioada 01.05.2014-01.02015, în care părțile conveniseră o chirie lunară de 500 de lei, fără a stabili scadenta ratelor de chirie. V invocă prescripția extinctivă față de creanța pretinsă de Z, arătând că nu mai poate invoca la acest moment compensația și, de asemenea, arată că nu a plătit suma datorată cu titlu de chirie deoarece aceasta a fost acoperită de îmbunătățirile aduse de către el imobilului, păstrate de Z chiar dacă nu își dăduse acordul pentru efectuarea lor. Față de aceasta situație, instanța:","A. va admite în totalitate cererea de chemare în judecată
B. va admite în parte cererea de chemare în judecată, obligându-l pe Z la plata sumei de 500 lei
C. va respinge în totalitate cererea de chemare în judecată",B
"12.  Între N și H a fost încheiat la data de 12.06.2016 un contract prin care primul s-a obligat să-i vândă celui de al doilea un număr de 300.000 de scaune de stadion. Prin contract s-a stabilit că vor avea loc trei livrări de câte 10000 de scaune, la distanță de 10 de zile între ele, prima urmând a fi făcută în data de 25.06.2016. De asemenea, s-a convenit că plata întregului preț să fie efectuată în avans, în termen de zece zile de la încheierea contractului și, totodată, vânzătorul să predea, în termen de cinci zile de la încheierea contractului, un bilet la ordin pentru garantarea executării obligațiilor sale. N nu a predat biletul la ordin, însă a efectuat prima livrare în termenul convenit, fără a le mai efectua și pe celelalte două. H nu a procedat la plata prețului. În această situație:","A. N nu este îndreptățit să solicite rezoluțiunea contractului
B. H nu este îndreptățit să refuze plata prețului invocând excepția de neexecutare
C. N nu este îndreptățit să invoce excepția de neexecutare",AC
"13.  În luna mai 2015, X vinde către Y un imobil construcție, stabilindu-se că prețul va fi achitat către Z, logodnica lui X, însă actul se va desființa dacă X nu se va căsători cu Z până la sfârșitul anului. X decedează în luna iulie 2015 fără ca între el și Z să fi fost încheiată căsătoria, însă numind-o pe aceasta prin testament ca fiind unicul său moștenitor. Raportat la această situație care dintre următoarele enunțuri sunt corecte:","A. Z va putea cere obligarea lui Y la plata prețului  în ipoteza în care ar putea prezenta o declarație dată de X în fața notarului public potrivit căreia X renunțase la condiția vizând căsătoria cu Z inserată în actul de vânzare
B. Z nu va putea solicita restituirea imobilului de către Y înainte de sfârșitul anului 2015
C. Z va putea cere păstrarea prețului achitat de către Y în ipoteza în care imobilul pierise fortuit în luna iunie 2015, fără să fi fost asigurat",AC
"14.  La data de 03.01.2012 V cumpără un imobil de la A, în contract stabilindu-se ca prețul de 500.000 lei să fie achitat până la data de 12.07.2012. Ulterior V refuză plata prețului arătând ca el a cumpărat imobilul în considerarea faptului că se aștepta ca în zona acestuia să fie realizat un amplu proiect imobiliar ceea ce ar fi determinat creșterea valorii imobilului achiziționat, însă ulterior a aflat că respectivul proiect nu va mai fi realizat, situație în care nu  poate fi ținut la plata prețului în cuantumul stabilit. A îl notifica pe V la data de 23.08.2012, solicitându-i ca în termen de 3 luni de la notificare fie să confirme actul, fie să exercite acțiunea în anulare. La data de 11.12.2012 V se adresează instanței solicitând anularea contractului de vânzare dintre el și A pe motiv că s-a aflat într-o eroare esențială la încheierea acestuia. Instanța:","A. va respinge cererea de chemare în judecată apreciind ca V este decăzut din dreptul de a cere anularea contractului
B. va respinge cererea de chemare în judecată apreciind că nu există cauza de nulitate
C. va admite cererea de chemare în judecată",B
"15.  F îi împrumută lui R suma de 1.00000 lei. Prin convenție separată, constatată prin înscris sub semnătură privată, restituirea împrumutului a fost asumată și de către S, în calitate de fideiusor solidar, fără știința lui R. După data scadenței obligației de restituire, somat fiind de către F, S achită acestuia întreaga sumă împrumutată, necunoscând faptul că anterior F primise de la R o colecție de ceasuri drept plată a datoriei. Înainte de a cere plata de la S, F a fost evins de jumătate, raportat la valoarea colecției de ceasuri, din bunurile primite. S va putea obține:","A. de la F restituirea întregii sume pe care a achitat-o acestuia
B. de la R restituirea întregii sume pe care a achitat-o lui F
C. de la F si, respectiv, de la R restituirea a câte o jumătate din suma pe care a achitat-o lui F",A
"16.  F îi împrumută lui R suma de 100.000 lei, restituirea împrumutului fiind garantată prin constituirea unei ipoteci în favoarea lui F asupra unui bun imobil al lui R. Prin contract a fost menționată interdicția transmiterii creanței fără acordul lui R. Ulterior F, având nevoie urgentă de bani, fără a îi cere acordul lui R, încheie o convenție cu T prin care îi transmite acestuia o cotă de ½ din dreptul său față de R, primind de la T, la momentul încheierii convenției, suma de 50.000 lei. În această situație:","A. F rămâne singurul creditor al lui R
B. T va fi, alături de F, creditor al lui R, dar nu va beneficia de garanția ipotecii
C. F va răspunde față de R pentru încălcarea interdicției de transmitere a creanței fără consimțământul acestuia",
"17.  Prin contract constatat prin înscris autentic, X și Z, soți, transmit către C, fiul lui X dintr-o alta căsătorie, un imobil proprietatea lor comuna, în schimbul asumării de către C a obligației de a efectua în favoarea lui X și a lui Z prestațiile necesare întreținerii și îngrijirii pe durata vieții acestora. După o săptămână de la încheierea contractului, X și Z decedează în urma prăbușirii avionului cu care se deplasau către Viena pentru o operație urgentă de transplant de plămâni căreia urma să-i fie supus X. Plecând de la premisa că în patrimoniul niciunuia dintre cei doi soți nu existau alte bunuri și soții contribuiseră în mod egal la dobândirea imobilului, iar în urma accidentului nu se va obține nicio despăgubire, A, fiica celor doi soți va putea obține:","A. stabilirea deținerii de către ea a unei cote de 3/4 din dreptul de proprietate asupra imobilului ce aparținuse părinților săi
B. obligarea lui C la plata către ea a unei sume reprezentând 3/8 din valoarea imobilului la momentul accidentului aviatic, dacă va face dovada ca întreținerea era o donație deghizată
C. obligarea lui C la plata către ea a unei sume reprezentând 1/4 din valoarea imobilului la momentul accidentului aviatic, dacă C nu dovedește caracterul real, de act cu titlu oneros, al convenției de întreținere",BC
"18.  La data de 19.12.2010, între Z și C se încheie o cesiune de creanță, stabilindu-se că prețul acesteia va fi achitat de către C la data de 27.02011. C refuză să plătească prețul cesiunii motivând că debitorul cedat a devenit insolvabil. În urma repetatelor solicitări ale lui Z pentru plata prețului cesiunii, părțile poartă, în perioada 19.12.2013-19.02.2014, negocieri în scopul rezolvării pe cale amiabilă a neînțelegerii dintre ele, însă acestea se finalizează fără rezultat. La data de 03.08.2014 Z cheamă în judecată pe C solicitând obligarea acestuia la plata prețului cesiunii. Instanța :","A. va respinge cererea de chemare în judecată, invocând din oficiu prescripția extinctivă și stabilind că termenul acesteia s-a împlinit înainte de introducerii cererii de chemare în judecată
B. nu va putea invoca din oficiu prescripția extinctivă, stabilind ca fiind aplicabilă în întregime reglementarea Codului civil 2009 în materia prescripției extinctive
C. va respinge cererea de chemare în judecată ca urmare a admiterii excepției de prescripție extinctivă invocată de către C prin întâmpinare",
"19.  Între X și Y se încheie un contract de tranzacție pentru a soluționa conflictul ivit între părți în legatură cu executarea unui contract de vânzare intervenit anterior între ele, având ca obiect un teren, contract în care X avea calitatea de vânzător, iar Y pe aceea de cumpărător. Care dintre enunțurile următoare sunt corecte:","A. X va putea solicita anularea tranzacției dacă va dovedi că vânzarea era anulabilă pentru vicierea consimțământului său prin leziune, pe care a descoperit-o ulterior încheierii tranzacției
B. Tranzacția va fi nulă dacă vânzarea nu a fost încheiată în formă autentică, chiar dacă părțile au tranzacționat expres asupra nulității
C. Y nu va putea solicita nulitatea tranzacției invocând descoperirea ulterioară a unor înscrisuri, despre care niciuna dintre părți nu avea cunoștință, dar care ar fi putut influența conținutul tranzacției",AC
"20.  B donează soției sale, F, un imobil, stabilind în sarcina acesteia obligația de a plăti lunar o anumită sumă de bani către M, fiul lui B dintr-o altă căsătorie, până la împlinirea de către acesta a vârstei de 22 de ani. Ulterior căsătoria dintre B și F este declarată nulă. După moartea lui B, F a încetat să mai plătească către M suma convenită în donație. La doi ani de la decesul tatălui său, M, unicul moștenitor al lui B, decide să formuleze o acțiune împotriva lui F. M va putea cere:","A. revocarea donației pentru neexecutarea sarcinii, respectiv încetarea plăților lunare către el
B. constatarea nulității căsătoriei dintre B și F datorită existenței unei relații de rudenie între aceștia pe care nici unul dintre ei nu o cunoscuse anterior și, în consecință, declararea nulității donației
C. revizuirea sarcinii motivat de faptul că, din cauza crizei economice intervenite după decesul tatălui său, suma pe care ar fi trebuit să o primească lunar a devenit neîndestulătoare pentru asigurarea unor condiții de viață normală",A
"21.  Reclamantul AA formulează o cerere de chemare în judecată în contradictoriu cu pârâtul BB. Prin cererea de chemare în judecată AA a propus proba cu înscrisuri şi expertiză tehnică judiciară, iar pârâtul BB a propus prin întâmpinare proba cu înscrisuri. La al doilea termen de judecată instanţa admite în principiu cererea de intervenţie voluntară principală formulată de CC. La al treilea termen de judecată, cu procedura de citare legal îndeplinită, AA solicită încuviinţarea probei cu declaraţia martorului X, cu toate că nu erau incidente dispozițiile art. 254 alin. 2 pct. 1-4 NCPC. Având în vedere că la acest termen de judecată (al treilea) sunt prezenți reclamantul AA şi pârâtul BB, iar terţul CC lipsește, instanţa de judecată:","A. va înlătura sancţiunea decăderii reclamantului AA din dreptul de a propune proba cu declaraţia martorului X, dacă pârâtul BB îşi dă acordul expres cu privire la această probă propusă peste termenul legal
B. indiferent de poziţia pârâtului BB, instanţa va dispune sancţiunea decăderii reclamantului AA din dreptul de a propune proba cu declaraţia martorului X având în vedere că nu există acordul expres al terţului CC, acesta lipsind la acest termen de judecată, deşi era legal citat
C. lipsa terţului CC la acest termen de judecată nu va putea fi asimilată cu existența acordului expres al acestuia cu privire la proba propusă peste termen",C
"22.  În ceea ce priveşte elementele autorității de lucru judecat a hotărârilor judecătoreşti, este adevărat că:","A. există identitate de părţi dacă, în primul proces o parte figurează ca reclamantă şi cealaltă ca pârâtă, iar în al doilea proces aceste calităţi sunt inversate, atâta timp cât părţile au stat în ambele procese, în aceeaşi calitate juridică
B. există identitate de obiect dacă, în primul proces o parte a fost obligată să-i plătească o sumă de bani celeilalte părţi, dar s-a omis soluţionarea cererii de plată a dobânzilor, iar în al doilea proces se solicită plata acestor dobânzi neacordate în primul proces
C. există identitate de obiect dacă, într-o primă cerere pretenția concretă a constituit-o recunoașterea dreptului de proprietate asupra unui imobil, iar în cea de-a doua cerere s-a solicitat ieșirea din indiviziune asupra aceluiași imobil",AC
"23.  Reclamantul AA (creditor – persoană fizică) formulează o cerere de chemare în judecată a pârâtului BB (debitor – persoană fizică) solicitând obligarea acestuia la plata sumei de 14.000 de lei reprezentând împrumut acordat şi nerestituit la termen. În dovedirea cererii sale, reclamantul AA învederează instanţei că între părţi s-a perfectat un contract de împrumut nr. X/2019, înscris sub semnătură privată tehnoredactat, semnat de către AA în calitate de creditor şi de BB în calitate de debitor. În acest caz:","A. contractul de împrumut nr. X/2019, având în vedere că nu este scris în întregime de debitorul BB şi nici nu este semnat de acesta cu formula „bun şi aprobat pentru suma de 14.000 de lei”, va avea valoare probatorie de înscris sub semnătură privată dacă va exista o convenţie în materie probatorie, în acest sens, între reclamantul AA şi pârâtul BB
B. indiferent de poziţia pârâtului BB, contractul de împrumut nr. X/2019, având în vedere că nu respectă formalitatea impusă de art. 275 NCPC, nu va avea nicio valoare probatorie în această cauză
C. contractul de împrumut nr. X/2019, având în vedere că nu respectă formalitatea impusă de art. 275 NCPC, va avea valoare probatorie de început de dovadă scrisă numai dacă pârâtul BB îşi dă acordul expres în acest sens",A
"24.  Reclamantul AA formulează o cerere de chemare în judecată în contradictoriu cu pârâtul BB având ca obiect plata sumei de 5000 de lei cu titlu de împrumut acordat şi nerestituit la scadență. În termen legal, pârâtul BB formulează o cerere de chemare în judecată a altei persoane, respectiv a terțului CC, cerere întemeiată pe ar 68 şi urm. NCPC. În acest caz este adevărat că:","A. interesul exercitării apelului, odată cu fondul, împotriva încheierii de respingere ca inadmisibilă a cererii de chemare în judecată a terţului CC aparține şi terţului cu privire la care se urmărește atragerea forțată în proces
B. încheierea prin care se instanța se pronunță cu privire la admisibilitatea în principiu a cererii de chemare în judecată a terţului CC nu se poate ataca decât odată cu fondul
C. pârâtul BB poate fi scos din proces în temeiul art. 71 alin. 1 NCPC, însă hotărârea pronunțată în cauză îi va fi opozabilă",BC
"25.  Creditorul AA formulează o cerere de instituire a sechestrului asigurător cu privire la bunurile mobile şi imobile ale debitorului BB, pentru o creanţă de 8000 de lei, cerere formulată în temeiul art. 953 alin. 1 NCPC. În susţinerea cererii de instituire a sechestrului asigurător creditorul AA face dovada că între părţi există un contract de împrumut, înscris sub semnătură privată, cu privire la suma de 8000 de lei, că scadența de restituire a acestui împrumut nu fost respectată de debitorul BB şi că pe rolul Judecătoriei X se află, în curs de soluționare, o cerere de ordonanţă de plată cu privire la suma de 8000 de lei, având ca părţi pe reclamantul-creditor AA şi pe pârâtul-debitor BB, cerere formulată în temeiul art. 1014 şi urm. NCPC. În acest caz:","A. instanţa va respinge cererea de instituire a sechestrului asigurător având în vedere că nu este îndeplinită condiţia intentării cererii de chemare în judecată așa cum prevede expres art. 953 alin. 1 NCPC
B. dacă instanţa va admite cererea de instituire a sechestrului asigurător, creditorul AA va putea fi obligat la plata unei cauțiuni în cuantum fixat de instanţă
C. creditorul AA nu are interes să instituie un sechestru asigurător asupra bunurilor debitorului BB având în vedere că în cererea de ordonanță de plată cu privire la suma de 8000 de lei instanţa urmează a pronunța o hotărâre executorie conform art. 1025 alin. 1 NCPC",B
"26.  Contestaţia în anulare, pentru motivul prevăzut de art. 503 alin. 1 NCPC, nu se poate exercita, potrivit legii, în nici o situație, împotriva unei hotărâri:","A. prin care se rezolvă un conflict de competenţă
B. pronunțată cu privire la o cerere de asigurare de probe
C. pronunţată într-o cerere de ordonanţă preşedinţială",A
"27.  La data de 7 octombrie 2020, Judecătorul X a rămas în pronunţare cu privire la cererea de chemare în judecată formulată de reclamantul AA în contradictoriu cu pârâtul BB având ca obiect restituire bun aflat în depozi În conformitate cu art. 396 NCPC s-a amânat pronunțarea pentru data de 21 octombrie 2020. Cu toate că s-a dispus amânarea pronunţării pentru data de 21 octombrie 2020, la data de 13 octombrie 2020 Judecătorul X respinge cererea de chemare în judecată ca neîntemeiată. În acest caz:","A. hotărârea judecătorească este lovită de nulitate, însă vătămarea va trebui dovedită de partea care invocă această nulitate
B. hotărârea judecătorească nu este lovită de nulitate având în vedere că termenul de amânare a pronunțării hotărârii este unul relativ
C. partea interesată este îndrituită să solicite repunerea pe rol a cauzei pentru a avea posibilitatea de formula concluzii scrise",
"28.  Reclamantul AA formulează o cerere de chemare în judecată în contradictoriu cu pârâtul BB având ca obiect plata sumei de 195000 de lei reprezentând contravaloarea unor servicii prestate conform contract nr. X/2018, plata sumei de 25000 de lei reprezentând penalităţi contractuale de întârziere aferente debitului de 195000 de lei, calculate între data scadenţei (1.03.2019) şi data introducerii cererii de chemare în judecată (4.11.2019), respectiv plata penalităţilor contractuale de întârziere ce vor deveni scadente în cursul judecăţii. În acest caz:","A. cererea de chemare în judecată este de competenţa materială a tribunalului având în vedere că penalitățile scadente anterior sesizării instanței intră în determinarea cuantumului obiectului cererii de chemare în judecată
B. cererea de chemare în judecată este de competenţa materială a judecătoriei
C. capătul de cerere referitor la plata penalităţilor de întârziere ce vor deveni scadente în cursul judecăţii va fi anulat de instanţa de judecată având în vedere lipsa de obiect a acestuia",B
"29.  Dacă pârâtul a introdus o cerere de chemare în garanţie, iar prima instanţă a admis atât cererea de chemare în judecată, cât şi cererea de chemare în garanţie, atunci potrivit legii:","A. chematul în garanţie este îndrituit să intenteze apel contra reclamantului, apel în care poate invoca netemeinicia cererii de chemare în judecată
B. pârâtul poate declara apel împotriva reclamantului numai dacă chematul în garanţie introduce apel împotriva pârâtului
C. chematul în garanţie este îndrituit să intenteze apel contra pârâtului, apel în care poate invoca inexistența obligației sale de garanţie",AC
"30.  La data de 7 iulie 2020, Creditorul AA formulează împotriva debitorului BB o cerere de executare silită adresată executorului judecătoresc X prin care solicită deschiderea dosarului de executare în baza unui titlu executoriu reprezentat de hotărârea judecătorească definitivă nr. X/2015. În acest caz:","A. executorul judecătoresc X este îndrituit să refuze motivat deschiderea procedurii de executare silită dacă constată că a intervenit prescripția dreptului de a cere şi a obține executarea silită
B. executorul judecătoresc X, cu privire la deschiderea sau nu a procedurii de executare silită, va pronunța o încheiere, cu citarea creditorului AA, această citare fiind obligatorie potrivit legii
C. încheierea executorului judecătoresc X cu privire la cererea de executare silită urmează a fi comunicată, potrivit legii, atât creditorului AA, cât şi debitorului BB",
"31.  Dacă X, auzind țipete din locuința vecinei sale, unde izbucnise un incendiu, a spart ușa acestei locuințe, reușind să permită astfel ca persoanele care se aflau înăuntru să iasă și să se salveze:","A. X va beneficia de cauza de neimputabilitate constând în excesul neimputabil
B. X va beneficia de cauza justificativă constând în legitima apărare dacă incendiul a fost provocat de vecina sa, care a uitat o lumânare aprinsă
C. X va răspunde penal pentru infracțiunea de distrugere",
"32.  X, major, aflat sub influența alcoolului, a imobilizat victima, ținându-i mâinile strâns legate la spate, pentru ca prietenul acestuia, Y, cu care se înțelesese anterior în acest sens, să-i poată sustrage portofelul. După ce Y a găsit bunul căutat și l-a luat, X a eliberat victima din strânsoare, fugind împreună cu Y de la locul comiterii infracțiunii. Dacă Y avea vârsta de 15 ani, iar acest aspect era cunoscut de X:","A. în sarcina lui Y se va reține circumstanța agravantă constând în profitarea de starea de vădită vulnerabilitate a persoanei vătămate, datorată vârstei, stării de sănătate, infirmității sau altor cauze
B. în sarcina lui X se va reține circumstanța agravantă constând în săvârșirea infracțiunii în stare de intoxicație voluntară cu alcool chiar dacă această stare nu a fost provocată în vederea comiterii infracțiunii
C. în sarcina lui X se va reține circumstanța agravantă constând în săvârșirea infracțiunii de către un infractor major, dacă aceasta a fost comisă împreună cu un minor",C
"33.  La data de 12.03.2018, X i-a spus lui Y, fratele său în vârstă de 17 ani, să pătrundă în timpul nopții într-o locuință pentru a sustrage mai multe bunuri, promițându-i că ulterior îl va ajuta să le vândă, X păstrându-și doar 10% din prețul ce va fi obținut. Dacă Y a procedat întocmai, X vânzând ulterior bunurile sustrase pentru suma de 2000 de lei, din care a păstrat 200 de lei, conform înțelegerii:","A. X va putea fi condamnat pentru infracțiunea de instigare la violare de domiciliu în variantă agravată
B. X va putea fi condamnat pentru tăinuire
C. în sarcina lui Y se va reține un concurs de infracțiuni",
"34.  În cazul în care X a comis, la data 210.2019, o infracțiune de viol care a avut ca urmare moartea victimei:","A. prescripția răspunderii penale nu operează
B. dacă pedeapsa aplicată este închisoarea de 10 ani, prescripția executării pedepsei nu operează
C. dacă pedeapsa aplicată este închisoarea de 7 ani, poate interveni reabilitarea de drept după executarea acestei pedepse",AB
"35.  În cazul în care societatea D S.R.L., persoană juridică, prin intermediul administratorului său, T, a evidențiat, cu intenție, în actele contabile, cheltuieli care nu aveau la bază operațiuni reale, pentru a se sustrage de la îndeplinirea obligațiilor fiscale:","A. societatea D poate răspunde penal pentru evaziune fiscală
B. T poate răspunde penal pentru evaziune fiscală
C. pentru această faptă, față de societatea D se poate dispune pedeapsa complementară a dizolvării și pedeapsa complementară a plasării sub supraveghere judiciară",AB
"36.  X îl înjunghie cu un cuțit în repetate rânduri în zona toracică pe vecinul său, care tocmai se întorcea de la bancă, de unde retrăsese o sumă mare de bani, pentru a-i sustrage această sumă, cu consecința decesului vecinul Dacă X a reușit sustragerea sumei respective, pe lângă o infracțiune contra patrimoniului, se va reține:","A. infracțiunea de omor simplu
B. infracțiunea de omor calificat pentru a înlesni sau a ascunde săvârșirea altei infracțiuni (în modalitatea înlesnirii)
C. infracțiunea de tâlhărie în concurs cu o infracțiune de ucidere din culpă",B
"37.  X a mers pe un câmp și a dat foc unui rucsac al său, acesta arzând complet. Dacă în zonă nu se afla nicio așezare sau persoană într-un perimetru de 5 km, iar focul nu s-a extins, în sarcina lui X:","A. nu se poate reține infracțiunea de distrugere
B. se poate reține infracțiunea de distrugere în varianta tip
C. se poate reține infracțiunea de distrugere calificată",A
"38.  X a dat o declarație în calitate de martor într-un proces în care Y era acuzat că, la data de 1.12019, și-a ucis șeful la locul lor de muncă din București. În declarația sa, X a afirmat că în ziua respectivă s-a aflat împreună cu Y într-o deplasare de serviciu în altă localitate, deși în realitate nu fusese în acel loc. Dacă Y a fost condamnat totuși pentru infracțiunea de omor, fără ca instanţa să-şi fundamenteze soluţia pe declaraţia lui X, în sarcina lui X:","A. se poate reține infracțiunea de favorizarea făptuitorului
B. se poate reține infracțiunea de mărturie mincinoasă
C. nu se poate reține nicio infracțiune",B
"39.  În cazul în care X prezintă la bancă documente din care rezultă că are un salariu de 3 ori mai mare decât avea în realitate și că deține în proprietate un imobil care nu îi aparținea, pe care îl aduce drept garanție pentru obținerea unui credit care nu i-ar fi fost acordat de bancă dacă ar fi cunoscut situația reală a veniturilor și a bunurilor acestuia, în sarcina lui X se poate reține:","A. infracțiunea de înșelăciune
B. infracțiunea de uz de fals dacă nu X a falsificat înscrisurile prezentate, dar avea cunoștință despre caracterul lor fals
C. infracțiunea de abuz de încredere prin fraudarea creditorilor",AB
"40.  X, contabilul unei societăți cu răspundere limitată, și-a transferat în contul propriu sume de bani din conturile societății, pe care le-a folosit pentru a cumpăra familiei sale cadouri de Crăci În această situație, în sarcina lui X:","A. se poate reține infracțiunea de furt
B. se poate reține infracțiunea de delapidare
C. nu se poate reține infracțiunea de abuz în serviciu",BC
"41.  În cauza aflată pe rolul Parchetului de pe lângă Judecătoria Sectorului 6 București, prin ordonanța 26/P/2019 procurorul de caz a dispus clasarea cauzei față de suspectul X în temeiul art. 315 alin.1 lit. b) raportat la art. 16 alin.1 lit. f) CPP – a intervenit prescripția răspunderii penale. Copia ordonanței de clasare a fost comunicată suspectului X și persoanei vătămate Y. În aceste condiții:","A. persoana vătămată Y poate cere continuarea procesului penal în temeiul dispozițiilor art. 319 CPP
B. Bfață de cazul în temeiul căruia s-a dispus clasarea, suspectul X nu poate cere continuarea procesului penal
C. în cazul în care persoana vătămată Y formulează, după atacarea soluției la procurorul ierarhic superior și cu respectarea condițiilor prevăzute de lege, plângere la judecătorul de cameră preliminară în temeiul art. 340-341 CPP, nu este posibilă soluția admiterii plângerii, desființării soluției și începerii judecății cu privire la suspectul X",C
"42.  Prin rechizitoriul întocmit de Parchetul de pe lângă Judecătoria Iași s-a dispus trimiterea în judecată, în stare de arest preventiv a inculpaților AB și CD pentru săvârșirea infracțiunii de ucidere din culpă. Ca urmare a rămânerii definitive a încheierii judecătorului de cameră preliminară prin care s-a dispus începerea judecății, în cauză se fixează termen de judecată la data 14 mai 2020. La acest termen, după citirea actului de sesizare, instanța deschide cercetarea judecătorească şi procedează la audierea inculpatului AB în procedură obișnuită. După finalizarea audierii, la același termen de judecată:","A. moștenitorii persoanei decedate se pot constitui părți civile în cauză împotriva celor doi inculpați
B. cererea lui CD de judecare potrivit procedurii simplificate în cazul recunoașterii învinuirii trebuie respinsă, fiind tardiv formulată
C. AB nu mai poate invoca excepția de necompetență teritorială a instanței sesizate prin rechizitoriu",BC
"43.  Prin ordonanța nr. 198/P/2017 din 01 octombrie 2020, procurorul de caz din cadrul Parchetului de pe lângă Judecătoria Ploiești dispune renunțarea la urmărire penală față de suspectul RT pentru acuzația referitoare la săvârșirea infracțiunii de delapidare. Prin aceeași ordonanță procurorul de caz a mai dispus, în temeiul art. 318 alin. 6 CPP ca, în termen de 60 de zile, suspectul să repare paguba produsă și să frecventeze un program de consiliere. Prin raportare la împrejurările cauzei","A. obligațiile stabilite prin ordonanța de renunțare la urmărirea penală nu pot fi impuse decât cu acordul prealabil și scris al suspectului
B. în procedura de confirmare a ordonanței de renunțare la urmărirea penală de către judecătorul de cameră preliminară, citarea persoanelor interesate este obligatorie
C. ordonanța de renunțare la urmărirea penală cu impunerea respectării acestor obligaţii nu mai poate fi revocată de procuror în nicio situație",B
"44.  În cauza penală având ca obiect infracțiunea de luare de mită săvârșită de inculpatul X Tribunalul București dispune, prin sentință, declinarea cauzei către Tribunalul militar Iaşi ca urmare a calității de militar (în grad de soldat) deținută de inculpa După primirea dosarului, Tribunalul militar Iaşi constată că acea calitate de militar a fost obținută de inculpat după săvârșirea infracțiunii imputate, astfel că dispune declinarea cauzei spre competentă soluționare către Tribunalul București. În această situație:","A. între cele două instanțe s-a născut un conflict negativ de competență
B. conflictul de competență va fi soluționat de către Curtea de apel București
C. conflictul de competență va fi soluționat de către Înalta Curte de Casație și Justiție",AC
"45.  Prin ordonanța procurorului din cadrul Parchetului de pe lângă Judecătoria Brașov s-a instituit, în cauza 302/P/2019, măsura asigurătorie a sechestrului penal până la concurența sumei de 500.000 lei pentru a garanta repararea pagubei produse prin infracțiunea de înșelaciune cu consecințe deosebit de grave, reținută în sarcina inculpatului XX. În cauză, persoana vătămată ZZ s-a constituit parte civilă împotriva inculpatului și a părții responsabile civilmente TT pentru suma de 650.000 lei.","A. eventuala contestație formulată de XX împotriva măsurii asigurătorii luate de procuror va fi soluționată potrivit legii doar de către procurorul ierarhic superior
B. eventuala contestație formulată de XX în temeiul art. 250 C.p.p. împotriva măsurii asigurătorii luate de procuror este suspensivă de executare
C. în raport cu finalitatea măsurii asigurătorii dispuse în cauză, sechestrul poate fi luat și asupra bunurilor părții responsabile civilmente TT",C
"46.  Inculpatul AB este trimis în judecată, în stare de arest preventiv, pentru săvârşirea infracţiunii de înşelăciune cu consecinţe deosebit de grave prevăzută de art. 244 alin. (2) raportat la art. 256*1 C.pen. Prin sentinţa penală pronunţată de Judecătoria Sinaia s-a dispus condamnarea inculpatului la o pedeapsă de 2 ani închisoare cu suspendarea executării pedepsei sub supraveghere, menţinerea măsurii arestului preventiv în temeiul art. 399 C.p.p. și admiterea acţiunii civile formulate de CD. Prin aceeași hotărâre, admițând cererea formulată de CD în temeiul art. 397 raportat la art. 249 CPP, instanța a luat măsura asigurătorie a sechestrului penal asupra bunurilor inculpatului până la concurența sumei de 3.000.000 lei, având în vedere că o astfel de măsură nu fusese luată anterior. În cauză:","A. menţinerea măsurii arestării preventive este nelegală în raport cu soluţia dispusă pe latura penală
B. dispoziţia cu privire la luarea măsurii asigurătorii este executorie
C. măsura arestului preventiv trebuia înlocuită în mod obligatoriu cu măsura arestului la domiciliu faţă de soluţia pronunţată în cauză pe latura penală",AB
"47.  Ca urmare a mandatului de arestare preventivă emis faţă de inculpatul A de către judecătorul de drepturi şi libertăţi din cadrul Tribunalului Bucureşti - instanţă căreia i-ar reveni competenţa să judece cauza pe fond - , inculpatul a fost plasat în Penitenciarul Giurgiu pentru o perioadă de 30 de zile, care urmează să expire la data de 04 noiembrie 2020. La data de 03 noiembrie 2020 procurorul de caz depune la Tribunalul Giurgiu propunerea de prelungire a arestării preventive dispuse faţă de inculpatul A, formulată în temeiul art. 234-235 CPP.","A. judecătorul de drepturi şi libertăţi din cadrul Tribunalului Giurgiu este competent să soluţioneze propunerea formulată
B. judecătorul de drepturi şi libertăţi din cadrul Tribunalului Giurgiu este obligat să restituie propunerea la procuror cu menţiunea de a o depune la judecătorul de drepturi şi libertăţi din cadrul instanţei competente
C. propunerea de prelungire a arestării preventive a inculpatului A nu este formulată în termenul prevăzut de lege",AC
"48.  Prin încheierea rămasă definitivă la data de 25.01.2020, judecătorul de cameră preliminară din cadrul Curţii de Apel Cluj a dispus începerea judecăţii cu privire la inculpatul GR pentru săvârşirea infracţiunii de vătămare corporală din culpă. În actul de sesizare a instanţei de judecată s-a reţinut că inculpatul, judecător în cadrul Curţii de Apel Timişoara, a condus imprudent autovehiculul proprietate personală provocând un accident care a avut ca urmare producerea unei infirmităţi persoanei vătămate TI. În cursul judecăţii în primă instanţă, după citirea actului de sesizare, inculpatul GR a promovat concursul pentru ocuparea unui post de judecător la ÎCCJ, fiind numit la această instanță începând cu data de 01.03.2020. În aceste condiții și în raport cu dispozițiile art. 49 CPP:","A. competenţa de a judeca această cauză în primă instanţă aparţine Curţii de Apel Cluj
B. competenţa de a judeca această cauză în primă instanţă aparţine Înaltei Curţi de Casaţie şi Justiţie
C. competenţa de a judeca această cauză în primă instanţă aparţine Tribunalului Cluj",B
"49.  Prin sentinţa penală pronunţată la data de 15.10.2019, a cărei minută a fost comunicată la 18.10.2019, Tribunalul Bucureşti a dispus condamnarea inculpatului AB pentru săvârşirea infracţiunii de delapidare, admiterea în parte a acţiunii civile formulate de partea civilă CD şi obligarea inculpatului la repararea prejudiciului în cuantum de 230 000 lei, respingând în acelaşi timp şi cererea expertului ZY de majorare a onorariului stabilit pentru efectuarea expertizei financiar contabile. Hotărârea, redactată in extenso, a fost comunicată tuturor participanţilor (inclusiv expertului ZY) 3 luni mai târziu, respectiv la data de 14.01.2020. În aceste condiţii:","A. apelul declarat de procuror la data de 18.01.2020 este un apel formulat în termen
B. eventualul apel declarat în termen de partea civilă nu este suspensiv de executare în ceea ce privește latura civilă a cauzei
C. expertul ZY poate declara apel cu privire la orice aspect al laturii penale sau civile a cauzei",
"50.  Prin sentinţa penală rămasă definitivă prin neapelare, faţă de inculpatul AB se dispune renunţarea la aplicarea pedepsei pentru fapta de loviri şi alte violenţe precum şi respingerea acţiunii civile exercitate de partea civilă IZ prin care a solicitat obligarea inculpatului la repararea prejudiciului nepatrimonial produs. Instanţa a respins cererea inculpatului AB, formulată prin avocat, de constatare a intervenţiei prescripţiei răspunderii penale, cerere dezbătută odată cu susţinerea concluziilor pe fond. În raport cu dispoziţiile art. 426 CPP:","A. este admisibilă contestaţia în anulare formulată de partea civilă IZ împotriva acestei hotărâri pe motivul că această cauză s-a judecat în primă instanță fără citarea sa legală
B. este admisibilă contestaţia în anulare formulată de inculpatul AB împotriva acestei hotărâri pe motivul că a fost condamnat deşi la dosar existau probe cu privire la împlinirea termenului de prescripţie a răspunderii penale iar cererea sa de constatare a prescripției a fost respinsă în mod greșit
C. este admisibilă contestaţia în anulare formulată de inculpatul AB pe motivul că împotriva sa se mai pronunţase anterior o hotărâre definitivă pentru aceeaşi faptă, doar dacă cererea de contestaţie este introdusă în termen de 30 de zile de la data comunicării sentinţei",
