"Question"	"Answer"
"1. Despre urechea medie se pot afirma următoarele:
1. conține mușchiul scăriței cu rol în diminuarea vibrațiilor sonore puternice
2. la nivelul peretelui posterior se deschide trompa lui Eustachio prin care casa timpanului comunică cu nazofaringele
3. conține labiritul osos format din lanțul articulat de oscioare - ciocanul, nicovala și scărița
4. este o cavitate pneumatică săpată în stânca temporalului
5. timpanul formează peretele medial la nivelul căruia se găsesc ferestrele ovală și rotundă"	"4"
"2. La nivelul mezencefalului se găsesc următoarele structuri:
1. fasciculul ascendent cu origine în lobul frontal, ce transmite impulsuri ce controlează motilitatea voluntară pentru trunchi și membre
2. nucleul parasimpatic care comandă contracția mușchilor circulari ai irisului urmată de mioză, ca reacție la stimularea cu lumină puternică a retinei
3. fasciculul cu origine în nucleii gracilis și cuneat de aceeași parte, cu proiecție în lobul parietal, aria somestezică primară
4. nucleul care transmite stimuli destinați mușchiului drept extern, participând la mișcarea globului ocular
5. apeductul mezencefalic Sylvius care asigură comunicarea între ventriculii III și IV"	"25"
"3. Următoarele afirmați referitoare la hematii sunt adevărate:
1. împreună cu trombocitele, participă la faza cea mai laborioasă a coagulării, ce durează 4 - 8 minute
2. sunt celule care posedă mitocondrii și nucleu, ca și leucocitele
3. petrec în medie 0,75 secunde la nivelul capilarelor pulmonare, timp suficient pentru egalizarea presiunilor parțiale, alveolară și sangvină, ale gazelor respiratorii
4. au rol în menținerea echilibrului acido-bazic ca și hormonul ce determină reabsorbția de Na+ în schimbul K+ sau H+ la nivelul tubilor uriniferi contorți distali și colectori
5. cele bătrâne sunt distruse în organul localizat între colonul transvers și diafragm, la dreapta lojei gastrice"	"34"
"4. Despre filtratul glomerular se pot afirma următoarele:
1. cantitatea de filtrat glomerular care se formează într-un minut prin toți nefronii celor doi rinichi se numește debitul filtrării glomerulare
2. în mod obișnuit, peste 99% din filtrat este reabsorbit, cea mai importantă reabsorbție a apei având loc la nivelul tubilor contorți proximali
3. este lichidul care filtrează din capilarele glomerulare în capsula renală și care are aproape aceeași compoziție cu cei 16 ml de lichid care filtrează în interstiții la nivelul capilarelor arteriale
4. este o plasmă care conține proteine în cantități semnificative, determinând o presiune coloid-osmotică de 32 mm Hg
5. debitul filtrării glomerulare este de aproximativ 125 mL/min (zilnic, 180 L) și poate crește în hiposecreția de vasopresină"	"12"
"5. Următoarele vitamine au rol în funcționarea sistemului nervos:
1. calciferolul, care este activat la nivelul rinichiului
2. acidul ascorbic, care este absorbit la nivelul porțiunii proximale a intestinului subțire
3. tiamina și adrenalina, care au acțiune și asupra metabolismului glucidic
4. cobalamina, care este absorbită ileal cu ajutorul unei glicoproteine secretate de glandele oxintice
5. nicotinamida, care are rol și în circulația periferică"	"25"
"6. Despre sistemul respirator se pot afirma următoarele:
1. seroasa ce acoperă plămânii prezintă două foițe între care există o cavitate reală cu o lamă de lichid pleural, care dezvoltă o presiune negativă ce variază cu fazele respirației
2. la o frecvență de 20 respirații/min, debitul respirator este de aproximativ 9 L/min, din care 6 L/min formează ventilația alveolară, restul reprezentând ventilația spațiului mort
3. bronhiile principale, ramificații ale traheei la nivelul vertebrei T4, pătrund prin hil în plămân unde se ramifică formând arborele bronșic
4. căile respiratorii, până la nivelul bronhiolelor terminale, aparțin spațiului mort care nu participă la difuziunea gazelor respiratorii
5. plămânii sunt vascularizați de arterele pulmonare, ramificații ale trunchiului pulmonar cu origine în ventriculul stâng"	"34"
"7. Alegeți afirmațiile corecte:
1. GRH secretat în hipotalamusul median, ajunge în hipofiza posterioară prin sistemul port hipotalamo-hipofizar, și stimulează sinteza hormonilor glandulotropi
2. pancreasul este localizat anterior de artera aortă și secretă singurul hormon cu efect catabolizant pentru toate metabolismele intermediare
3. ADH este secretat de o glandă a cărei corticală și medulară sunt diferite din punct de vedere embriologic, anatomic și funcțional
4. glandele endocrine situate pe fața posterioară a lobilor tiroidieni secretă un hormon care este activ asupra osului, rinichiului și tractului digestiv, fie prin efecte directe, fie prin efectele vitaminei D3
5. glanda endocrină localizată între coliculii cvadrigemeni superiori are legături strânse cu retina și secretă melatonină și vasotocină"	"45"
"8. Selectați enunțurile corecte referitoare la sistemul aortic:
1. din artera subclaviculară se desprinde o ramură care, ca și artera carotidă internă, pătrunde în craniu și vascularizează encefalul
2. artera mezenterică inferioară se desprinde direct din aorta abdominală și vascularizează în întregime colonul transvers, colonul descendent, colonul sigmoid și rectul
3. din artera iliacă internă se desprind ramuri viscerale pentru vezica urinară, ultima porțiune a rectului și organele genitale: uter, vagin, vulvă, prostată, penis
4. artera iliacă externă se continuă cu artera poplitee care se află în fosa localizată pe fața anterioară a genunchiului
5. artera carotidă comună stângă se desprinde direct din trunchiul brahiocefalic, este situată la nivelul gâtului și se bifurcă la nivelul marginii superioare a cartilajului tiroid"	"13"
"9. Despre gonada masculină sunt adevărate următoarele afirmații:
1. pe marginea posterioară are anexat un organ alungit, în formă de virgulă, în care spermatozoizii își dezvoltă capacitatea de mișcare și de unde trec în ductul deferent
2. este localizată, ca și gonada feminină, în cavitatea pelvină
3. prezintă parenchim ținut în tensiune de o membrană conjunctivă alb-sidefie, rezistentă și inextensibilă
4. prezintă 200-300 de lobuli testiculari delimitați de tubii seminiferi
5. este vascularizată, ca și ovarul, de o ramură viscerală a aortei descendente abdominale"	"135"
"10. Despre glandele anexe ale tubului digestiv cu localizare abdominală sunt adevărate următoarele afirmații:
1. sunt vascularizate de ramuri ale trunchiului celiac provenit din aorta descendentă abdominală, ce asigură aportul de O2 și substanțe nutritive
2. secretă produși cu rol în emulsionarea și absorbția proteinelor și excretă produși solubili în apă
3. au un orificiu comun de deschidere în duoden, pentru canalul pancreatic principal Wirsung și pentru canalul cistic, prevăzut cu sfincterul Oddi
4. sunt inervate de fibre ale micului nerv splanhnic, cu origine în coarnele laterale ale măduvei toracale, cu rol în stimularea glicogenolizei și inhibarea secreției glandulare exocrine
5. prezintă fibre parasimpatice cu origine în măduva sacrată ce le asigură activitatea secretorie"	"1"
"11. Despre potențialul de acțiune sunt adevărate următoarele afirmații:
1. se produce datorită acțiunii pompei de Na+/K+ de la nivelul membranei celulelor excitabile
2. se formează în urma contactului dintre substanțele sapide și moleculele proteice receptoare de la nivelul chemoreceptorilor din papilele filiforme
3. prezintă o formă particulară la nivelul fibrei miocardice, ceea ce explică starea refractară absolută a inimii din timpul sistolei
4. se transmite ""saltatoriu"", cu o viteză de 100 m/s, la nivelul axonilor mielinizați
5. se propagă cu 30 m/s de-a lungul miofibrilei, ca urmare a transmiterii impulsului la nivelul plăcii motorii"	"34"
"12. Selectați enunțurile corecte:
1. progesteronul determină modificări la nivelul miometrului în vederea fixării oului
2. în timpul sarcinii, la nivelul mucoasei uterine se produc modificări vasculare urmate de necroză și hemoragie
3. în faza a doua a ciclului ovarian, secreția corpului galben este stimulată de LH și prolactină
4. creșterea și maturarea foliculului sunt stimulate de LTH, care stimulează și secreția de estrogen și progesteron
5. după ovulație, foliculul ovarian stimulat de LH se transformă în corp galben"	"35"
"13. Care dintre următoarele afirmații sunt incorecte?
1. dendritele neuronilor din ganglionul spinal Corti ajung la polul bazal al celulelor senzoriale cu cili din crestele ampulare
2. deschiderea canalelor ionice de sodiu, cu intrarea acestui ion în celulă, determină depolarizarea celulelor receptoare gustative
3. receptorii otolitici participă la menținerea echilibrului în condițiile accelerărilor circulare ale capului și corpului
4. olfacția participă, împreună cu simțul gustului, la declanșarea secrețiilor digestive
5. descompunerea pigmentului vizual din structura membranei bastonașelor determină modificări de conductanță ionică și apariția potențialului receptor"	"13"
"14. Care dintre următoarele afirmații nu sunt adevărate?
1. ventilația alveolară este numai o parte din minut-volumul respirator, restul reprezentând ventilația spațiului mort
2. la nivelul aparatului respirator, stimularea simpatică determină relaxarea musculaturii netede a bronhiilor și inhibarea secreției glandelor mucoase
3. cu fiecare respirație aerul atmosferic este umezit și înlocuiește în totalitate aerul alveolar
4. tiroxina crește frecvența și amplitudinea mișcărilor respiratorii
5. coeficientul de utilizare a O2 scade în efortul fizic"	"35"
"15. Fasciculele care fac parte din căile sensibilității proprioceptive:
1. conduc și informații provenite de la terminații nervoase libere, receptori ai sensibilității termice și dureroase
2. conduc numai impulsuri nervoase produse prin stimularea corpusculilor neurotendinoși Golgi și a corpusculilor Ruffini
3. pot conduce și impulsuri nervoase produse prin stimularea corpusculilor Meissner și a discurilor tactile Merkel
4. au întotdeauna neuronul de origine situat în cornul posterior medular
5. pot fi situate în cordoanele medulare aflate de partea opusă neuronului de origine"	"35"
"16. Care dintre afirmațiile privind funcțiile gonadei feminine sunt false?
1. prin sinteza de estrogeni influențează unele procese din metabolismul intermediar al proteinelor
2. formează în fiecare lună, de la pubertate până la menopauză, un ovul matur
3. secretă hormoni estrogeni care prin efect feed-back pozitiv pot stimula eliberarea hipotalamică de gonadotropine
4. secretă progesteron la nivelul corpului galben, atât postovulator cât și cu 24 - 48 ore înainte de ovulație
5. formează zigotul și îl expulzează în cavitatea abdominală în ziua a 14-a a ciclului ovarian"	"345"
"17. Celulele cu rol endocrin din mucoasa tubului digestiv pot secreta:
1. glucagon, care stimulează secreția biliară și inhibă secreția gastrică
2. acetilcolină, care controlează forța contracțiilor peristaltice ale stomacului
3. factor intrinsec, ce permite absorbția vitaminei B12 în ileon
4. colecistokinină, care stimulează contracția musculaturii vezicii biliare și relaxarea sfincterului Oddi
5. gastrină, care stimulează secreția de HCl la nivelul glandelor oxintice din mucoasa gastrică"	"45"
"18. Selectați afirmațiile adevărate:
1. cortizolul determină limfopenie și creșterea numărului de neutrofile, trombocite și eritrocite
2. memoria imunologică este caracteristică atât răspunsului imun specific cât și celui nespecific
3. sub acțiunea tromboplastinei, fibrinogenul se transformă în monomeri de fibrină în 1-2 secunde
4. în timus, celulele hematoformatoare primordiale se transformă, sub influența factorilor locali, în celule limfoformatoare de tip T
5. cele mai importante aglutinine întâlnite la om sunt α, β și D"	"14"
"19. Următoarele afirmații privind reacțiile biochimice din cadrul metabolismului intermediar sunt adevărate:
1. degradarea în mușchi a moleculei de glucoză este stimulată de insulină
2. sinteza de trigliceride în țesutul adipos este stimulată de hormonul somatotrop
3. în mușchi se pot sintetiza proteine din aminoacizii pătrunși în celulă prin transport activ sau difuziune facilitată
4. transformarea acizilor grași în glucoză este stimulată de glucagon și cortizol
5. α-amilaza pancreatică transformă glicogenul și amidonul în dizaharide"	"134"
"20. Următoarele afirmații privind ciclul cardiac și manifestările care îl însoțesc sunt adevărate:
1. la un ritm de 75 bătăi/minut, faza de contracție izovolumetrică se suprapune cu primele 0,30 secunde din diastola atrială
2. diastola ventriculară începe cu închiderea valvelor semilunare și se termină în momentul deschiderii lor
3. sistola atrială începe în momentul deschiderii valvelor atrioventriculare și se termină la închiderea acestora
4. vibrația miocardului la începutul sistolei ventriculare contribuie la producerea zgomotului I
5. faza de ejecție începe cu deschiderea valvelor semilunare și se termină în momentul închiderii acestora"	"45"
"21. Activitatea cardiacă poate fi influențată de:
1. nucleul dorsal al vagului a cărui stimulare scade forța de contracție a cordului
2. hormonii secretați de porțiunea medulară a glandelor suprarenale care cresc excitabilitatea inimii și accelerează ritmul cardiac
3. hormonii secretați de celulele tiroidiene parafoliculare care cresc forța și frecvența contracțiilor cardiace
4. hormonul secretat de celulele α ale insulelor Langerhans care produce tahicardie la fel ca și stimularea simpatică
5. răcirea nodului sinusal care, asupra ritmului inimii, are efect contrar stimulării sistemului nervos simpatic"	"25"
"22. Următoarele procese au loc la nivelul tubului urinifer:
1. transport saturabil și specific pentru fosfați, sulfați și uree
2. reabsorbția obligatorie a apei, care adaptează volumul diurezei la starea de hidratare a organismului
3. reabsorbția apei în gradient osmotic, sub acțiunea aldosteronului, în tubul contort proximal
4. secreția de H+ în tubul contort distal, prin schimb ionic, în funcție de pH-ul mediului intern
5. formarea urinei primare în capsula Bowman în cantitate de 180 L/zi"	"4"
"23. Următoarele afirmații referitoare la sistemul osos sunt adevărate:
1. creșterea exagerată a oaselor feței poate fi determinată de excesul de STH apărut după pubertate
2. dezvoltarea scheletului la băieți este stimulată de unii hormoni secretați de corticosuprarenală
3. în modelul cartilaginos al unui os lung centrele de osificare apar mai întâi în epifize
4. unirea diafizelor cu epifizele oaselor lungi este inhibată de hormonii estrogeni
5. fixarea calciului în oase este stimulată de calcitonină, în timp ce extractele de timus inhibă mineralizarea osoasă"	"12"
"24. Selectați afirmațiile corecte:
1. în contracțiile izotonice, cum sunt cele de susținere a posturii corpului, mușchii nu realizează lucru mecanic extern
2. numai mușchii cu inervație motorie somatică și senzitivă intacte prezintă tonus muscular
3. în expunerea organismului la frig, glicogenul depozitat în ficat și mușchi constituie o rezervă mobilizabilă prioritar
4. electromiograma reprezintă înregistrarea activității electrice a întregului mușchi sau a unităților motorii componente
5. majoritatea contracțiilor voluntare ale mușchilor din organism sunt secuse"	"234"
"25. Care dintre afirmațiile referitoare la activitatea motorie și secretorie a stomacului sunt adevărate?
1. între enzimele secreției gastrice se numără gelatinaza, care hidrolizează gelatina și lipidele emulsionate
2. glandele oxintice secretă pepsinogen care, după activare, degradează întreaga cantitate de proteine ingerate
3. motilitatea gastrică realizează și evacuarea conținutului gastric în duoden
4. la sugar, glandele gastrice secretă și labferment pentru a cărui acțiune este necesară prezența ionilor de calciu
5. contracțiile peristaltice inițiate la granița dintre fundul și corpul gastric au rol în stocarea alimentelor"	"34"
